time_utc,region,source,event,buyer,target,percent,title,link
2026-08-17T14:40:15.347893+00:00,US,SEC,8-K,,,,"8-K - CULLEN/FROST BANKERS, INC. (0000039263) (Filer)",https://www.sec.gov/Archives/edgar/data/39263/000003926326000049/0000039263-26-000049-index.htm
2026-08-17T14:04:28.794350+00:00,US,SEC,8-K,,,,"8-K - Longevity Health Holdings, Inc. (0001842939) (Filer)",https://www.sec.gov/Archives/edgar/data/1842939/000143774926028120/0001437749-26-028120-index.htm
2026-08-17T12:50:38.358457+00:00,US,SEC,8-K,,,,"8-K - BITMINE IMMERSION TECHNOLOGIES, INC. (0001829311) (Filer)",https://www.sec.gov/Archives/edgar/data/1829311/000149315226038652/0001493152-26-038652-index.htm
2026-08-17T12:50:38.358485+00:00,US,SEC,8-K,,,,8-K - AMASS BRANDS (0001851491) (Filer),https://www.sec.gov/Archives/edgar/data/1851491/000157587226000587/0001575872-26-000587-index.htm
2026-08-17T12:50:38.358493+00:00,US,SEC,8-K,,,,8-K - NVIDIA CORP (0001045810) (Filer),https://www.sec.gov/Archives/edgar/data/1045810/000104581026000069/0001045810-26-000069-index.htm
2026-08-17T12:50:38.358518+00:00,US,SEC,8-K,,,,"8-K - Corebridge Financial, Inc. (0001889539) (Filer)",https://www.sec.gov/Archives/edgar/data/1889539/000162828026057231/0001628280-26-057231-index.htm
2026-08-17T12:50:38.358536+00:00,US,SEC,8-K,,,,8-K - TMC the metals Co Inc. (0001798562) (Filer),https://www.sec.gov/Archives/edgar/data/1798562/000110465926097581/0001104659-26-097581-index.htm
2026-08-17T12:50:38.358543+00:00,US,SEC,8-K,,,,"8-K - BLUE RIDGE BANKSHARES, INC. (0000842717) (Filer)",https://www.sec.gov/Archives/edgar/data/842717/000119312526353285/0001193125-26-353285-index.htm
2026-08-17T12:50:38.358547+00:00,US,SEC,8-K,,,,"8-K - INVO Fertility, Inc. (0001417926) (Filer)",https://www.sec.gov/Archives/edgar/data/1417926/000149315226038648/0001493152-26-038648-index.htm
2026-08-17T12:50:38.358552+00:00,US,SEC,8-K,,,,"8-K - Dare Bioscience, Inc. (0001401914) (Filer)",https://www.sec.gov/Archives/edgar/data/1401914/000149315226038649/0001493152-26-038649-index.htm
2026-08-17T12:50:38.358558+00:00,US,SEC,8-K,,,,8-K - Profound Medical Corp. (0001628808) (Filer),https://www.sec.gov/Archives/edgar/data/1628808/000117184326005580/0001171843-26-005580-index.htm
2026-08-17T12:50:38.358563+00:00,US,SEC,8-K,,,,8-K - Axe Compute Inc. (0001446159) (Filer),https://www.sec.gov/Archives/edgar/data/1446159/000117184326005581/0001171843-26-005581-index.htm
2026-08-17T11:56:19.309399+00:00,US,SEC,8-K,,,,"8-K - Nuo Therapeutics, Inc. (0001091596) (Filer)",https://www.sec.gov/Archives/edgar/data/1091596/000143774926028109/0001437749-26-028109-index.htm
2026-08-17T11:56:19.309490+00:00,US,SEC,8-K,,,,"8-K - QumulusAI, Inc. (0002084026) (Filer)",https://www.sec.gov/Archives/edgar/data/2084026/000143774926028108/0001437749-26-028108-index.htm
2026-08-17T11:35:50.411652+00:00,US,SEC,8-K,,,,8-K - NEWS CORP (0001564708) (Filer),https://www.sec.gov/Archives/edgar/data/1564708/000156470826000181/0001564708-26-000181-index.htm
2026-08-17T11:35:50.411668+00:00,US,SEC,8-K,,,,"8-K - BREAD FINANCIAL HOLDINGS, INC. (0001101215) (Filer)",https://www.sec.gov/Archives/edgar/data/1101215/000110121526000076/0001101215-26-000076-index.htm
2026-08-17T11:35:50.411676+00:00,US,SEC,8-K,,,,"8-K - L3HARRIS TECHNOLOGIES, INC. /DE/ (0000202058) (Filer)",https://www.sec.gov/Archives/edgar/data/202058/000020205826000066/0000202058-26-000066-index.htm
2026-08-17T11:35:50.411681+00:00,US,SEC,8-K,,,,8-K - Prairie Operating Co. (0001162896) (Filer),https://www.sec.gov/Archives/edgar/data/1162896/000114036126033264/0001140361-26-033264-index.htm
2026-08-17T11:35:50.411688+00:00,US,SEC,8-K,,,,8-K - Profound Medical Corp. (0001628808) (Filer),https://www.sec.gov/Archives/edgar/data/1628808/000117184326005575/0001171843-26-005575-index.htm
2026-08-17T11:35:50.411718+00:00,US,SEC,8-K,,,,"8-K - ADIAL PHARMACEUTICALS, INC. (0001513525) (Filer)",https://www.sec.gov/Archives/edgar/data/1513525/000121390026090482/0001213900-26-090482-index.htm
2026-08-17T11:35:50.411727+00:00,US,SEC,8-K,,,,"8-K - AmpliTech Group, Inc. (0001518461) (Filer)",https://www.sec.gov/Archives/edgar/data/1518461/000149315226038625/0001493152-26-038625-index.htm
2026-08-17T11:35:50.411738+00:00,US,SEC,8-K,,,,"8-K - CLOUDASTRUCTURE, INC. (0001709628) (Filer)",https://www.sec.gov/Archives/edgar/data/1709628/000168316826006505/0001683168-26-006505-index.htm
2026-08-17T11:00:31.328762+00:00,US,SEC,8-K,,,,8-K - ACCENDRA HEALTH INC/VA/ (0000075252) (Filer),https://www.sec.gov/Archives/edgar/data/75252/000110465926097517/0001104659-26-097517-index.htm
2026-08-17T11:00:31.328785+00:00,US,SEC,8-K,,,,8-K - PERPETUA RESOURCES CORP. (0001526243) (Filer),https://www.sec.gov/Archives/edgar/data/1526243/000110465926097512/0001104659-26-097512-index.htm
2026-08-17T11:00:31.328803+00:00,US,SEC,8-K,,,,8-K - MOSAIC CO (0001285785) (Filer),https://www.sec.gov/Archives/edgar/data/1285785/000119312526353193/0001193125-26-353193-index.htm
2026-08-17T10:33:49.926352+00:00,US,SEC,8-K,,,,8-K - Prairie Operating Co. (0001162896) (Filer),https://www.sec.gov/Archives/edgar/data/1162896/000114036126033259/0001140361-26-033259-index.htm
2026-08-17T10:33:49.926371+00:00,US,SEC,8-K,,,,"8-K - Ulta Beauty, Inc. (0001403568) (Filer)",https://www.sec.gov/Archives/edgar/data/1403568/000110465926097497/0001104659-26-097497-index.htm
2026-08-14T20:43:08.841046+00:00,US,SEC,8-K,,,,8-K - AIR T INC (0000353184) (Filer),https://www.sec.gov/Archives/edgar/data/353184/000035318426000079/0000353184-26-000079-index.htm
2026-08-14T20:43:08.841097+00:00,US,SEC,8-K,,,,8-K - Morgan Stanley Bank of America Merrill Lynch Trust 2026-C36 (0002145539) (Filer),https://www.sec.gov/Archives/edgar/data/2145539/000153949726002258/0001539497-26-002258-index.htm
2026-08-14T20:07:14.713124+00:00,US,SEC,8-K,,,,8-K - Byrna Technologies Inc. (0001354866) (Filer),https://www.sec.gov/Archives/edgar/data/1354866/000143774926027995/0001437749-26-027995-index.htm
2026-08-14T20:07:14.713158+00:00,US,SEC,8-K,,,,8-K - CATERPILLAR FINANCIAL SERVICES CORP (0000764764) (Filer),https://www.sec.gov/Archives/edgar/data/764764/000110465926097071/0001104659-26-097071-index.htm
2026-08-14T13:41:03.760284+00:00,US,SEC,8-K,,,,"8-K - Skye Bioscience, Inc. (0001516551) (Filer)",https://www.sec.gov/Archives/edgar/data/1516551/000162828026056966/0001628280-26-056966-index.htm
2026-08-14T11:25:47.500688+00:00,US,SEC,8-K,,,,8-K - Sotera Health Co (0001822479) (Filer),https://www.sec.gov/Archives/edgar/data/1822479/000182247926000050/0001822479-26-000050-index.htm
2026-08-14T11:25:47.500718+00:00,US,SEC,8-K,,,,"8-K - Neumora Therapeutics, Inc. (0001885522) (Filer)",https://www.sec.gov/Archives/edgar/data/1885522/000119312526350349/0001193125-26-350349-index.htm
2026-08-14T11:25:47.500730+00:00,US,SEC,8-K,,,,8-K - Teamshares Inc (0002048951) (Filer),https://www.sec.gov/Archives/edgar/data/2048951/000204895126000013/0002048951-26-000013-index.htm
2026-08-13T21:20:46.646515+00:00,US,SEC,8-K,,,,"8-K - HOULIHAN LOKEY, INC. (0001302215) (Filer)",https://www.sec.gov/Archives/edgar/data/1302215/000119312526349634/0001193125-26-349634-index.htm
2026-08-13T20:23:14.648714+00:00,US,SEC,8-K,,,,8-K - Camp4 Therapeutics Corp (0001736730) (Filer),https://www.sec.gov/Archives/edgar/data/1736730/000162828026056758/0001628280-26-056758-index.htm
2026-08-13T20:23:14.648743+00:00,US,SEC,8-K,,,,8-K - GrabAGun Digital Holdings Inc. (0002051380) (Filer),https://www.sec.gov/Archives/edgar/data/2051380/000121390026089130/0001213900-26-089130-index.htm
2026-08-13T15:42:57.979737+00:00,US,SEC,8-K,,,,8-K - Federal Home Loan Bank of Cincinnati (0001326771) (Filer),https://www.sec.gov/Archives/edgar/data/1326771/000132677126000135/0001326771-26-000135-index.htm
2026-08-13T12:02:32.241890+00:00,US,SEC,8-K,,,,"8-K - MONRO, INC. (0000876427) (Filer)",https://www.sec.gov/Archives/edgar/data/876427/000119312526347931/0001193125-26-347931-index.htm
2026-08-13T12:02:32.241911+00:00,US,SEC,8-K,,,,"8-K - Grace Therapeutics, Inc. (0001444192) (Filer)",https://www.sec.gov/Archives/edgar/data/1444192/000114036126032644/0001140361-26-032644-index.htm
2026-08-13T12:02:32.241929+00:00,US,SEC,8-K,,,,8-K - Venu Holding Corp (0001770501) (Filer),https://www.sec.gov/Archives/edgar/data/1770501/000149315226037587/0001493152-26-037587-index.htm
2026-08-13T12:02:32.241934+00:00,US,SEC,8-K,,,,8-K - HEALTHY CHOICE WELLNESS CORP. (0001948864) (Filer),https://www.sec.gov/Archives/edgar/data/1948864/000149315226037586/0001493152-26-037586-index.htm
2026-08-13T12:02:32.241939+00:00,US,SEC,8-K,,,,8-K - Artius II Acquisition Inc. (0002034334) (Filer),https://www.sec.gov/Archives/edgar/data/2034334/000114036126032643/0001140361-26-032643-index.htm
2026-08-13T12:02:32.241946+00:00,US,SEC,8-K,,,,"8-K - Rekor Systems, Inc. (0001697851) (Filer)",https://www.sec.gov/Archives/edgar/data/1697851/000143774926027481/0001437749-26-027481-index.htm
2026-08-13T12:02:32.241951+00:00,US,SEC,8-K,,,,"8-K - SCI Engineered Materials, Inc. (0000830616) (Filer)",https://www.sec.gov/Archives/edgar/data/830616/000110465926095488/0001104659-26-095488-index.htm
2026-08-13T12:02:32.241973+00:00,US,SEC,8-K,,,,8-K - Accelerant Holdings (0001997350) (Filer),https://www.sec.gov/Archives/edgar/data/1997350/000119312526347925/0001193125-26-347925-index.htm
2026-08-13T12:02:32.241980+00:00,US,SEC,8-K,,,,"8-K - Bluejay Diagnostics, Inc. (0001704287) (Filer)",https://www.sec.gov/Archives/edgar/data/1704287/000121390026088701/0001213900-26-088701-index.htm
2026-08-13T12:02:32.242013+00:00,US,SEC,8-K,,,,8-K - IREN Ltd (0001878848) (Filer),https://www.sec.gov/Archives/edgar/data/1878848/000114036126032638/0001140361-26-032638-index.htm
2026-08-13T11:12:43.876419+00:00,US,SEC,8-K,,,,8-K - Alliance Laundry Holdings Inc. (0001317685) (Filer),https://www.sec.gov/Archives/edgar/data/1317685/000162828026056465/0001628280-26-056465-index.htm
2026-08-13T11:12:43.876449+00:00,US,SEC,8-K,,,,8-K - Rocket Lab Corp (0001819994) (Filer),https://www.sec.gov/Archives/edgar/data/1819994/000175392626001463/0001753926-26-001463-index.htm
2026-08-13T11:12:43.876458+00:00,US,SEC,8-K,,,,"8-K - LENSAR, Inc. (0001320350) (Filer)",https://www.sec.gov/Archives/edgar/data/1320350/000119312526347859/0001193125-26-347859-index.htm
2026-08-13T11:12:43.876463+00:00,US,SEC,8-K,,,,"8-K - Southland Holdings, Inc. (0001883814) (Filer)",https://www.sec.gov/Archives/edgar/data/1883814/000182912626008737/0001829126-26-008737-index.htm
2026-08-13T11:12:43.876470+00:00,US,SEC,8-K,,,,8-K - Fermi Inc. (0002071778) (Filer),https://www.sec.gov/Archives/edgar/data/2071778/000207177826000046/0002071778-26-000046-index.htm
2026-08-13T11:12:43.876479+00:00,US,SEC,8-K,,,,"8-K - SOLV Energy, Inc. (0002065636) (Filer)",https://www.sec.gov/Archives/edgar/data/2065636/000119312526347858/0001193125-26-347858-index.htm
2026-08-13T11:12:43.876490+00:00,US,SEC,8-K,,,,"8-K - Charlotte's Web Holdings, Inc. (0001750155) (Filer)",https://www.sec.gov/Archives/edgar/data/1750155/000175015526000116/0001750155-26-000116-index.htm
2026-08-13T11:12:43.876505+00:00,US,SEC,8-K,,,,"8-K - Zenas BioPharma, Inc. (0001953926) (Filer)",https://www.sec.gov/Archives/edgar/data/1953926/000110465926095437/0001104659-26-095437-index.htm
2026-08-13T11:12:43.876531+00:00,US,SEC,8-K,,,,"8-K - Olema Pharmaceuticals, Inc. (0001750284) (Filer)",https://www.sec.gov/Archives/edgar/data/1750284/000119312526347853/0001193125-26-347853-index.htm
2026-08-13T11:12:43.876535+00:00,US,SEC,8-K,,,,8-K - Sagimet Biosciences Inc. (0001400118) (Filer),https://www.sec.gov/Archives/edgar/data/1400118/000119312526347854/0001193125-26-347854-index.htm
2026-08-13T11:12:43.876539+00:00,US,SEC,8-K,,,,"8-K - Apollo Global Management, Inc. (0001858681) (Filer)",https://www.sec.gov/Archives/edgar/data/1858681/000185868126000046/0001858681-26-000046-index.htm
2026-08-13T11:12:43.876543+00:00,US,SEC,8-K,,,,8-K - INTERNATIONAL BATTERY METALS LTD. (0001786318) (Filer),https://www.sec.gov/Archives/edgar/data/1786318/000119312526347849/0001193125-26-347849-index.htm
2026-08-13T11:12:43.876555+00:00,US,SEC,8-K,,,,8-K - Athene Holding Ltd. (0001527469) (Filer),https://www.sec.gov/Archives/edgar/data/1527469/000152746926000063/0001527469-26-000063-index.htm
2026-08-13T11:12:43.876559+00:00,US,SEC,8-K,,,,"8-K - Chicago Atlantic BDC, Inc. (0001843162) (Filer)",https://www.sec.gov/Archives/edgar/data/1843162/000121390026088673/0001213900-26-088673-index.htm
2026-08-13T10:13:55.958845+00:00,US,SEC,8-K,,,,8-K - Rocket Lab Corp (0001819994) (Filer),https://www.sec.gov/Archives/edgar/data/1819994/000175392626001454/0001753926-26-001454-index.htm
2026-08-13T10:13:55.958891+00:00,US,SEC,8-K,,,,"8-K - 22nd Century Group, Inc. (0001347858) (Filer)",https://www.sec.gov/Archives/edgar/data/1347858/000149315226037524/0001493152-26-037524-index.htm
2026-08-12T20:59:49.122001+00:00,US,SEC,8-K,,,,"8-K - Orchid Island Capital, Inc. (0001518621) (Filer)",https://www.sec.gov/Archives/edgar/data/1518621/000143774926027362/0001437749-26-027362-index.htm
2026-08-12T20:59:49.122025+00:00,US,SEC,8-K,,,,"8-K - Dolphin Entertainment, Inc. (0001282224) (Filer)",https://www.sec.gov/Archives/edgar/data/1282224/000107997326001070/0001079973-26-001070-index.htm
2026-08-12T20:59:49.122070+00:00,US,SEC,8-K,,,,8-K - TECOGEN INC. (0001537435) (Filer),https://www.sec.gov/Archives/edgar/data/1537435/000153743526000063/0001537435-26-000063-index.htm
2026-08-12T20:59:49.122077+00:00,US,SEC,8-K,,,,8-K - CuriosityStream Inc. (0001776909) (Filer),https://www.sec.gov/Archives/edgar/data/1776909/000162828026056318/0001628280-26-056318-index.htm
2026-08-12T20:06:14.617670+00:00,US,SEC,8-K,,,,8-K - PORTLAND GENERAL ELECTRIC CO /OR/ (0000784977) (Filer),https://www.sec.gov/Archives/edgar/data/784977/000119312526346816/0001193125-26-346816-index.htm
2026-08-12T20:06:14.617686+00:00,US,SEC,8-K,,,,"8-K - Minerva Neurosciences, Inc. (0001598646) (Filer)",https://www.sec.gov/Archives/edgar/data/1598646/000119312526346817/0001193125-26-346817-index.htm
2026-08-12T20:06:14.617693+00:00,US,SEC,8-K,,,,8-K - Blue Water Acquisition Corp. III (0002050501) (Filer),https://www.sec.gov/Archives/edgar/data/2050501/000110465926094858/0001104659-26-094858-index.htm
2026-08-12T20:06:14.617698+00:00,US,SEC,8-K,,,,"8-K - GameSquare Holdings, Inc. (0001714562) (Filer)",https://www.sec.gov/Archives/edgar/data/1714562/000149315226037336/0001493152-26-037336-index.htm
2026-08-12T20:06:14.617703+00:00,US,SEC,8-K,,,,"8-K - Earth Science Tech, Inc. (0001538495) (Filer)",https://www.sec.gov/Archives/edgar/data/1538495/000149315226037339/0001493152-26-037339-index.htm
2026-08-12T20:06:14.617707+00:00,US,SEC,8-K,,,,8-K - NORTECH SYSTEMS INC (0000722313) (Filer),https://www.sec.gov/Archives/edgar/data/722313/000149315226037337/0001493152-26-037337-index.htm
2026-08-12T20:06:14.617712+00:00,US,SEC,8-K,,,,"8-K - AmpliTech Group, Inc. (0001518461) (Filer)",https://www.sec.gov/Archives/edgar/data/1518461/000149315226037338/0001493152-26-037338-index.htm
2026-08-12T20:06:14.617737+00:00,US,SEC,8-K,,,,"8-K - AMERICAN AIRLINES, INC. (0000004515) (Filer)",https://www.sec.gov/Archives/edgar/data/4515/000119312526346815/0001193125-26-346815-index.htm
2026-08-12T20:06:14.617741+00:00,US,SEC,8-K,,,,"8-K - Lumexa Imaging Holdings, Inc. (0002071288) (Filer)",https://www.sec.gov/Archives/edgar/data/2071288/000119312526346813/0001193125-26-346813-index.htm
2026-08-12T20:06:14.617762+00:00,US,SEC,8-K,,,,8-K - INTEL CORP (0000050863) (Filer),https://www.sec.gov/Archives/edgar/data/50863/000119312526346806/0001193125-26-346806-index.htm
2026-08-12T15:06:15.128392+00:00,US,SEC,8-K,,,,"8-K - Curaleaf Holdings, Inc. (0001756770) (Filer)",https://www.sec.gov/Archives/edgar/data/1756770/000162828026056012/0001628280-26-056012-index.htm
2026-08-12T15:06:15.128420+00:00,US,SEC,8-K,,,,8-K - NATURAL GAS SERVICES GROUP INC (0001084991) (Filer),https://www.sec.gov/Archives/edgar/data/1084991/000108499126000086/0001084991-26-000086-index.htm
2026-08-12T15:06:15.128446+00:00,US,SEC,8-K,,,,"8-K - U. S. Premium Beef, LLC (0001289237) (Filer)",https://www.sec.gov/Archives/edgar/data/1289237/000168316826006247/0001683168-26-006247-index.htm
2026-08-12T12:28:49.548545+00:00,US,SEC,8-K,,,,"8-K - MADRIGAL PHARMACEUTICALS, INC. (0001157601) (Filer)",https://www.sec.gov/Archives/edgar/data/1157601/000162828026055962/0001628280-26-055962-index.htm
2026-08-12T12:28:49.548582+00:00,US,SEC,8-K,,,,"8-K - Century Therapeutics, Inc. (0001850119) (Filer)",https://www.sec.gov/Archives/edgar/data/1850119/000110465926094533/0001104659-26-094533-index.htm
2026-08-12T12:28:49.548594+00:00,US,SEC,8-K,,,,8-K - Madison Square Garden Entertainment Corp. (0001952073) (Filer),https://www.sec.gov/Archives/edgar/data/1952073/000162828026055960/0001628280-26-055960-index.htm
2026-08-12T12:28:49.548599+00:00,US,SEC,8-K,,,,8-K - Keurig Dr Pepper Inc. (0001418135) (Filer),https://www.sec.gov/Archives/edgar/data/1418135/000141813526000053/0001418135-26-000053-index.htm
2026-08-12T12:28:49.548604+00:00,US,SEC,8-K,,,,8-K - Avalyn Pharma Inc. (0001540171) (Filer),https://www.sec.gov/Archives/edgar/data/1540171/000119312526345807/0001193125-26-345807-index.htm
2026-08-12T12:28:49.548611+00:00,US,SEC,8-K,,,,"8-K - Definium Therapeutics, Inc. (0001813814) (Filer)",https://www.sec.gov/Archives/edgar/data/1813814/000110465926094528/0001104659-26-094528-index.htm
2026-08-12T12:28:49.548616+00:00,US,SEC,8-K,,,,"8-K - BRINKER INTERNATIONAL, INC (0000703351) (Filer)",https://www.sec.gov/Archives/edgar/data/703351/000070335126000026/0000703351-26-000026-index.htm
2026-08-12T11:34:07.980425+00:00,US,SEC,8-K,,,,8-K - Arbutus Biopharma Corp (0001447028) (Filer),https://www.sec.gov/Archives/edgar/data/1447028/000117184326005442/0001171843-26-005442-index.htm
2026-08-12T11:34:07.980440+00:00,US,SEC,8-K,,,,8-K - Local Bounti Corporation/DE (0001840780) (Filer),https://www.sec.gov/Archives/edgar/data/1840780/000162828026055950/0001628280-26-055950-index.htm
2026-08-12T11:34:07.980460+00:00,US,SEC,8-K,,,,"8-K - CTT PHARMACEUTICAL HOLDINGS, INC. (0001035422) (Filer)",https://www.sec.gov/Archives/edgar/data/1035422/000117152026000225/0001171520-26-000225-index.htm
2026-08-12T11:34:07.980465+00:00,US,SEC,8-K,,,,8-K - Capstone Holding Corp. (0000887151) (Filer),https://www.sec.gov/Archives/edgar/data/887151/000143774926027149/0001437749-26-027149-index.htm
2026-08-12T11:34:07.980483+00:00,US,SEC,8-K,,,,8-K - Milestone Pharmaceuticals Inc. (0001408443) (Filer),https://www.sec.gov/Archives/edgar/data/1408443/000110465926094466/0001104659-26-094466-index.htm
2026-08-12T11:34:07.980488+00:00,US,SEC,8-K,,,,"8-K - Applied Aerospace & Defense, Inc. (0002118195) (Filer)",https://www.sec.gov/Archives/edgar/data/2118195/000162828026055948/0001628280-26-055948-index.htm
2026-08-12T11:34:07.980515+00:00,US,SEC,8-K,,,,8-K - ZION OIL & GAS INC (0001131312) (Filer),https://www.sec.gov/Archives/edgar/data/1131312/000143774926027148/0001437749-26-027148-index.htm
2026-08-12T11:34:07.980522+00:00,US,SEC,8-K,,,,8-K - AMCON DISTRIBUTING CO (0000928465) (Filer),https://www.sec.gov/Archives/edgar/data/928465/000110465926094451/0001104659-26-094451-index.htm
2026-08-12T11:34:07.980530+00:00,US,SEC,8-K,,,,"8-K - SUTRO BIOPHARMA, INC. (0001382101) (Filer)",https://www.sec.gov/Archives/edgar/data/1382101/000119312526345733/0001193125-26-345733-index.htm
2026-08-12T11:34:07.980534+00:00,US,SEC,8-K,,,,"8-K - TScan Therapeutics, Inc. (0001783328) (Filer)",https://www.sec.gov/Archives/edgar/data/1783328/000119312526345732/0001193125-26-345732-index.htm
2026-08-12T10:44:39.999125+00:00,US,SEC,8-K,,,,8-K - BIO-TECHNE Corp (0000842023) (Filer),https://www.sec.gov/Archives/edgar/data/842023/000110465926094391/0001104659-26-094391-index.htm
2026-08-12T10:44:39.999138+00:00,US,SEC,8-K,,,,"8-K - Annexon, Inc. (0001528115) (Filer)",https://www.sec.gov/Archives/edgar/data/1528115/000119312526345672/0001193125-26-345672-index.htm
2026-08-11T21:21:12.894626+00:00,US,SEC,8-K,,,,"8-K - Snail, Inc. (0001886894) (Filer)",https://www.sec.gov/Archives/edgar/data/1886894/000149315226037190/0001493152-26-037190-index.htm
2026-08-11T21:21:12.894641+00:00,US,SEC,8-K,,,,8-K - iSpecimen Inc. (0001558569) (Filer),https://www.sec.gov/Archives/edgar/data/1558569/000121390026087877/0001213900-26-087877-index.htm
2026-08-11T21:21:12.894670+00:00,US,SEC,8-K,,,,"8-K - Eloxx Pharmaceuticals, Inc. (0001035354) (Filer)",https://www.sec.gov/Archives/edgar/data/1035354/000119312526345032/0001193125-26-345032-index.htm
2026-08-11T20:21:42.123847+00:00,US,SEC,8-K,,,,8-K - NUSCALE POWER Corp (0001822966) (Filer),https://www.sec.gov/Archives/edgar/data/1822966/000110465926094073/0001104659-26-094073-index.htm
2026-08-11T20:21:42.123901+00:00,US,SEC,8-K,,,,"8-K - Kilroy Realty, L.P. (0001493976) (Filer)",https://www.sec.gov/Archives/edgar/data/1493976/000119312526344730/0001193125-26-344730-index.htm
2026-08-11T20:21:42.123907+00:00,US,SEC,8-K,,,,8-K - KILROY REALTY CORP (0001025996) (Filer),https://www.sec.gov/Archives/edgar/data/1025996/000119312526344730/0001193125-26-344730-index.htm
2026-08-11T20:21:42.123917+00:00,US,SEC,8-K,,,,8-K - ASTRONICS CORP (0000008063) (Filer),https://www.sec.gov/Archives/edgar/data/8063/000000806326000037/0000008063-26-000037-index.htm
2026-08-11T20:21:42.123921+00:00,US,SEC,8-K,,,,"8-K - New Mountain Guardian IV BDC, L.L.C. (0001925531) (Filer)",https://www.sec.gov/Archives/edgar/data/1925531/000192553126000016/0001925531-26-000016-index.htm
2026-08-11T20:21:42.123926+00:00,US,SEC,8-K,,,,8-K - ARBOR REALTY TRUST INC (0001253986) (Filer),https://www.sec.gov/Archives/edgar/data/1253986/000125398626000053/0001253986-26-000053-index.htm
2026-08-11T19:37:32.044487+00:00,US,SEC,8-K,,,,8-K - SPRUCE POWER HOLDING CORP (0001772720) (Filer),https://www.sec.gov/Archives/edgar/data/1772720/000162828026055655/0001628280-26-055655-index.htm
2026-08-11T15:28:38.530772+00:00,US,SEC,8-K,,,,8-K - LataMed AI Corp. (0001477960) (Filer),https://www.sec.gov/Archives/edgar/data/1477960/000147793226004859/0001477932-26-004859-index.htm
2026-08-11T15:28:38.530813+00:00,US,SEC,8-K,,,,8-K - MUNCY COLUMBIA FINANCIAL Corp (0000731122) (Filer),https://www.sec.gov/Archives/edgar/data/731122/000117494726000787/0001174947-26-000787-index.htm
2026-08-11T14:24:18.942470+00:00,US,SEC,8-K,,,,8-K - CURTISS WRIGHT CORP (0000026324) (Filer),https://www.sec.gov/Archives/edgar/data/26324/000162828026055536/0001628280-26-055536-index.htm
2026-08-11T13:05:22.511710+00:00,US,SEC,8-K,,,,8-K - REGIONS FINANCIAL CORP (0001281761) (Filer),https://www.sec.gov/Archives/edgar/data/1281761/000128176126000060/0001281761-26-000060-index.htm
2026-08-11T13:05:22.511733+00:00,US,SEC,8-K,,,,8-K - SURF AIR MOBILITY INC. (0001936224) (Filer),https://www.sec.gov/Archives/edgar/data/1936224/000119312526343559/0001193125-26-343559-index.htm
2026-08-11T13:05:22.511781+00:00,US,SEC,8-K,,,,"8-K - Stabilis Solutions, Inc. (0001043186) (Filer)",https://www.sec.gov/Archives/edgar/data/1043186/000143774926026867/0001437749-26-026867-index.htm
2026-08-11T11:53:29.460904+00:00,US,SEC,8-K,,,,8-K - ClearSign Technologies Corp (0001434524) (Filer),https://www.sec.gov/Archives/edgar/data/1434524/000110465926093758/0001104659-26-093758-index.htm
2026-08-11T11:53:29.460933+00:00,US,SEC,8-K,,,,"8-K - INTENSITY THERAPEUTICS, INC. (0001567264) (Filer)",https://www.sec.gov/Archives/edgar/data/1567264/000156726426000061/0001567264-26-000061-index.htm
2026-08-11T11:53:29.460956+00:00,US,SEC,8-K,,,,8-K - Bicara Therapeutics Inc. (0002023658) (Filer),https://www.sec.gov/Archives/edgar/data/2023658/000162828026055500/0001628280-26-055500-index.htm
2026-08-11T11:53:29.460972+00:00,US,SEC,8-K,,,,8-K - Zura Bio Ltd (0001855644) (Filer),https://www.sec.gov/Archives/edgar/data/1855644/000185564426000007/0001855644-26-000007-index.htm
2026-08-11T11:53:29.460979+00:00,US,SEC,8-K,,,,8-K - Sagimet Biosciences Inc. (0001400118) (Filer),https://www.sec.gov/Archives/edgar/data/1400118/000119312526343446/0001193125-26-343446-index.htm
2026-08-11T11:53:29.460990+00:00,US,SEC,8-K,,,,8-K - LITTELFUSE INC /DE (0000889331) (Filer),https://www.sec.gov/Archives/edgar/data/889331/000088933126000010/0000889331-26-000010-index.htm
2026-08-11T11:53:29.460997+00:00,US,SEC,8-K,,,,8-K - Autolus Therapeutics plc (0001730463) (Filer),https://www.sec.gov/Archives/edgar/data/1730463/000173046326000119/0001730463-26-000119-index.htm
2026-08-11T11:53:29.461007+00:00,US,SEC,8-K,,,,8-K - Neurogene Inc. (0001404644) (Filer),https://www.sec.gov/Archives/edgar/data/1404644/000140464426000056/0001404644-26-000056-index.htm
2026-08-11T11:53:29.461013+00:00,US,SEC,8-K,,,,"8-K - Ambiq Micro, Inc. (0001500412) (Filer)",https://www.sec.gov/Archives/edgar/data/1500412/000119312526343443/0001193125-26-343443-index.htm
2026-08-11T11:53:29.461028+00:00,US,SEC,8-K,,,,8-K - Incannex Healthcare Inc. (0001873875) (Filer),https://www.sec.gov/Archives/edgar/data/1873875/000121390026087493/0001213900-26-087493-index.htm
2026-08-11T11:02:02.313665+00:00,US,SEC,8-K,,,,"8-K - Twenty One Capital, Inc. (0002070457) (Filer)",https://www.sec.gov/Archives/edgar/data/2070457/000121390026087483/0001213900-26-087483-index.htm
2026-08-11T11:02:02.313701+00:00,US,SEC,8-K,,,,8-K - HARVARD BIOSCIENCE INC (0001123494) (Filer),https://www.sec.gov/Archives/edgar/data/1123494/000117184326005406/0001171843-26-005406-index.htm
2026-08-11T11:02:02.313707+00:00,US,SEC,8-K,,,,8-K - HARVARD BIOSCIENCE INC (0001123494) (Filer),https://www.sec.gov/Archives/edgar/data/1123494/000117184326005405/0001171843-26-005405-index.htm
2026-08-11T11:02:02.313712+00:00,US,SEC,8-K,,,,"8-K - BROADWIND, INC. (0001120370) (Filer)",https://www.sec.gov/Archives/edgar/data/1120370/000117184326005404/0001171843-26-005404-index.htm
2026-08-11T11:02:02.313717+00:00,US,SEC,8-K,,,,"8-K - Janus International Group, Inc. (0001839839) (Filer)",https://www.sec.gov/Archives/edgar/data/1839839/000183983926000016/0001839839-26-000016-index.htm
2026-08-11T11:02:02.313722+00:00,US,SEC,8-K,,,,"8-K - IES Holdings, Inc. (0001048268) (Filer)",https://www.sec.gov/Archives/edgar/data/1048268/000149315226036976/0001493152-26-036976-index.htm
2026-08-11T11:02:02.313726+00:00,US,SEC,8-K,,,,"8-K - BioXcel Therapeutics, Inc. (0001720893) (Filer)",https://www.sec.gov/Archives/edgar/data/1720893/000110465926093710/0001104659-26-093710-index.htm
2026-08-11T11:02:02.313730+00:00,US,SEC,8-K,,,,"8-K - BIOXYTRAN, INC (0001445815) (Filer)",https://www.sec.gov/Archives/edgar/data/1445815/000149315226036977/0001493152-26-036977-index.htm
2026-08-11T11:02:02.313742+00:00,US,SEC,8-K,,,,8-K - Cardinal Infrastructure Group Inc. (0002079999) (Filer),https://www.sec.gov/Archives/edgar/data/2079999/000119312526343397/0001193125-26-343397-index.htm
2026-08-11T11:02:02.313750+00:00,US,SEC,8-K,,,,8-K - Green Thumb Industries Inc. (0001795139) (Filer),https://www.sec.gov/Archives/edgar/data/1795139/000119312526343396/0001193125-26-343396-index.htm
2026-08-11T11:02:02.313755+00:00,US,SEC,8-K,,,,"8-K - Kardigan, Inc. (0002123613) (Filer)",https://www.sec.gov/Archives/edgar/data/2123613/000119312526343395/0001193125-26-343395-index.htm
2026-08-11T11:02:02.313759+00:00,US,SEC,8-K,,,,"8-K - RYTHM, Inc. (0001800637) (Filer)",https://www.sec.gov/Archives/edgar/data/1800637/000121390026087480/0001213900-26-087480-index.htm
2026-08-11T11:02:02.313770+00:00,US,SEC,8-K,,,,"8-K - Shattuck Labs, Inc. (0001680367) (Filer)",https://www.sec.gov/Archives/edgar/data/1680367/000162828026055484/0001628280-26-055484-index.htm
2026-08-11T11:02:02.313774+00:00,US,SEC,8-K,,,,8-K - Invesco Ltd. (0000914208) (Filer),https://www.sec.gov/Archives/edgar/data/914208/000091420826000252/0000914208-26-000252-index.htm
2026-08-11T11:02:02.313787+00:00,US,SEC,8-K,,,,8-K - CARDINAL HEALTH INC (0000721371) (Filer),https://www.sec.gov/Archives/edgar/data/721371/000072137126000037/0000721371-26-000037-index.htm
2026-08-11T11:02:02.313799+00:00,US,SEC,8-K,,,,8-K - CARDINAL HEALTH INC (0000721371) (Filer),https://www.sec.gov/Archives/edgar/data/721371/000072137126000036/0000721371-26-000036-index.htm
2026-08-10T20:57:46.281460+00:00,US,SEC,8-K,,,,"8-K - Bain Capital Specialty Finance, Inc. (0001655050) (Filer)",https://www.sec.gov/Archives/edgar/data/1655050/000119312526342607/0001193125-26-342607-index.htm
2026-08-10T20:57:46.281522+00:00,US,SEC,8-K,,,,"8-K - Purple Innovation, Inc. (0001643953) (Filer)",https://www.sec.gov/Archives/edgar/data/1643953/000121390026087318/0001213900-26-087318-index.htm
2026-08-10T20:57:46.281531+00:00,US,SEC,8-K,,,,"8-K - Commercial Vehicle Group, Inc. (0001290900) (Filer)",https://www.sec.gov/Archives/edgar/data/1290900/000162828026055322/0001628280-26-055322-index.htm
2026-08-10T20:57:46.281552+00:00,US,SEC,8-K,,,,"8-K - Arq, Inc. (0001515156) (Filer)",https://www.sec.gov/Archives/edgar/data/1515156/000151515626000116/0001515156-26-000116-index.htm
2026-08-10T20:04:00.903870+00:00,US,SEC,8-K,,,,8-K - P3 Health Partners Inc. (0001832511) (Filer),https://www.sec.gov/Archives/edgar/data/1832511/000183251126000032/0001832511-26-000032-index.htm
2026-08-10T20:04:00.903899+00:00,US,SEC,8-K,,,,8-K - MESA LABORATORIES INC /CO/ (0000724004) (Filer),https://www.sec.gov/Archives/edgar/data/724004/000143774926026769/0001437749-26-026769-index.htm
2026-08-10T20:04:00.903905+00:00,US,SEC,8-K,,,,8-K - BLACKBAUD INC (0001280058) (Filer),https://www.sec.gov/Archives/edgar/data/1280058/000128005826000027/0001280058-26-000027-index.htm
2026-08-10T20:04:00.903932+00:00,US,SEC,8-K,,,,"8-K - Latigo Biotherapeutics, Inc. (0002056611) (Filer)",https://www.sec.gov/Archives/edgar/data/2056611/000119312526342321/0001193125-26-342321-index.htm
2026-08-10T20:04:00.903939+00:00,US,SEC,8-K,,,,"8-K - Public Policy Holding Company, Inc. (0001903508) (Filer)",https://www.sec.gov/Archives/edgar/data/1903508/000162828026055194/0001628280-26-055194-index.htm
2026-08-10T19:12:42.611069+00:00,US,SEC,8-K,,,,"8-K - IPC Alternative Real Estate Income Trust, Inc. (0001959961) (Filer)",https://www.sec.gov/Archives/edgar/data/1959961/000119312526342185/0001193125-26-342185-index.htm
2026-08-10T19:12:42.611087+00:00,US,SEC,8-K,,,,8-K - LINCOLN EDUCATIONAL SERVICES CORP (0001286613) (Filer),https://www.sec.gov/Archives/edgar/data/1286613/000114036126031997/0001140361-26-031997-index.htm
2026-08-10T12:30:23.596860+00:00,US,SEC,8-K,,,,8-K - INNOVATE Corp. (0001006837) (Filer),https://www.sec.gov/Archives/edgar/data/1006837/000100683726000076/0001006837-26-000076-index.htm
2026-08-10T12:30:23.596876+00:00,US,SEC,8-K,,,,"8-K - Sight Sciences, Inc. (0001531177) (Filer)",https://www.sec.gov/Archives/edgar/data/1531177/000119312526341346/0001193125-26-341346-index.htm
2026-08-10T12:30:23.596903+00:00,US,SEC,8-K,,,,8-K - ONTO INNOVATION INC. (0000704532) (Filer),https://www.sec.gov/Archives/edgar/data/704532/000119312526341337/0001193125-26-341337-index.htm
2026-08-10T12:30:23.596913+00:00,US,SEC,8-K,,,,"8-K - SHF Holdings, Inc. (0001854963) (Filer)",https://www.sec.gov/Archives/edgar/data/1854963/000149315226036747/0001493152-26-036747-index.htm
2026-08-10T12:30:23.596924+00:00,US,SEC,8-K,,,,"8-K - CoreCivic, Inc. (0001070985) (Filer)",https://www.sec.gov/Archives/edgar/data/1070985/000119312526341335/0001193125-26-341335-index.htm
2026-08-10T12:30:23.596931+00:00,US,SEC,8-K,,,,"8-K - Latch, Inc. (0001826000) (Filer)",https://www.sec.gov/Archives/edgar/data/1826000/000182600026000050/0001826000-26-000050-index.htm
2026-08-10T12:30:23.596947+00:00,US,SEC,8-K,,,,"8-K - Jerash Holdings (US), Inc. (0001696558) (Filer)",https://www.sec.gov/Archives/edgar/data/1696558/000121390026086957/0001213900-26-086957-index.htm
2026-08-10T12:30:23.596959+00:00,US,SEC,8-K,,,,8-K - Sphere 3D Corp. (0001591956) (Filer),https://www.sec.gov/Archives/edgar/data/1591956/000106299326004117/0001062993-26-004117-index.htm
2026-08-10T12:30:23.596965+00:00,US,SEC,8-K,,,,"8-K - Powerfleet, Inc. (0001774170) (Filer)",https://www.sec.gov/Archives/edgar/data/1774170/000149315226036746/0001493152-26-036746-index.htm
2026-08-10T12:30:23.596974+00:00,US,SEC,8-K,,,,8-K - Clene Inc. (0001822791) (Filer),https://www.sec.gov/Archives/edgar/data/1822791/000143774926026653/0001437749-26-026653-index.htm
2026-08-10T11:37:55.441063+00:00,US,SEC,8-K,,,,"8-K - SONIDA SENIOR LIVING, INC. (0001043000) (Filer)",https://www.sec.gov/Archives/edgar/data/1043000/000104300026000030/0001043000-26-000030-index.htm
2026-08-10T11:37:55.441089+00:00,US,SEC,8-K,,,,8-K - SunocoCorp LLC (0002089661) (Filer),https://www.sec.gov/Archives/edgar/data/2089661/000208966126000053/0002089661-26-000053-index.htm
2026-08-10T11:37:55.441100+00:00,US,SEC,8-K,,,,8-K - FOSTER L B CO (0000352825) (Filer),https://www.sec.gov/Archives/edgar/data/352825/000035282526000046/0000352825-26-000046-index.htm
2026-08-10T11:37:55.441105+00:00,US,SEC,8-K,,,,8-K - Sunoco LP (0001552275) (Filer),https://www.sec.gov/Archives/edgar/data/1552275/000155227526000065/0001552275-26-000065-index.htm
2026-08-10T11:37:55.441110+00:00,US,SEC,8-K,,,,8-K - GCM Grosvenor Inc. (0001819796) (Filer),https://www.sec.gov/Archives/edgar/data/1819796/000181979626000026/0001819796-26-000026-index.htm
2026-08-10T11:37:55.441119+00:00,US,SEC,8-K,,,,8-K - Varex Imaging Corp (0001681622) (Filer),https://www.sec.gov/Archives/edgar/data/1681622/000110465926093036/0001104659-26-093036-index.htm
2026-08-10T11:37:55.441124+00:00,US,SEC,8-K,,,,"8-K - Surgery Partners, Inc. (0001638833) (Filer)",https://www.sec.gov/Archives/edgar/data/1638833/000163883326000074/0001638833-26-000074-index.htm
2026-08-10T11:37:55.441141+00:00,US,SEC,8-K,,,,"8-K - International Seaways, Inc. (0001679049) (Filer)",https://www.sec.gov/Archives/edgar/data/1679049/000110465926093033/0001104659-26-093033-index.htm
2026-08-10T11:37:55.441173+00:00,US,SEC,8-K,,,,8-K - Silence Therapeutics plc (0001479615) (Filer),https://www.sec.gov/Archives/edgar/data/1479615/000119312526341240/0001193125-26-341240-index.htm
2026-08-10T11:37:55.441177+00:00,US,SEC,8-K,,,,"8-K - Apogee Therapeutics, Inc. (0001974640) (Filer)",https://www.sec.gov/Archives/edgar/data/1974640/000119312526341239/0001193125-26-341239-index.htm
2026-08-10T11:37:55.441184+00:00,US,SEC,8-K,,,,8-K - Liberty Media Corp (0001560385) (Filer),https://www.sec.gov/Archives/edgar/data/1560385/000110465926093023/0001104659-26-093023-index.htm
2026-08-10T11:37:55.441188+00:00,US,SEC,8-K,,,,"8-K - TENAX THERAPEUTICS, INC. (0000034956) (Filer)",https://www.sec.gov/Archives/edgar/data/34956/000119312526341236/0001193125-26-341236-index.htm
2026-08-10T10:49:50.449068+00:00,US,SEC,8-K,,,,8-K - Cherry Hill Mortgage Investment Corp (0001571776) (Filer),https://www.sec.gov/Archives/edgar/data/1571776/000114036126031930/0001140361-26-031930-index.htm
2026-08-10T10:49:50.449083+00:00,US,SEC,8-K,,,,"8-K - BROWN & BROWN, INC. (0000079282) (Filer)",https://www.sec.gov/Archives/edgar/data/79282/000119312526341162/0001193125-26-341162-index.htm
2026-08-10T10:49:50.449097+00:00,US,SEC,8-K,,,,8-K - ACCENDRA HEALTH INC/VA/ (0000075252) (Filer),https://www.sec.gov/Archives/edgar/data/75252/000110465926092973/0001104659-26-092973-index.htm
2026-08-10T10:49:50.449101+00:00,US,SEC,8-K,,,,8-K - Churchill Capital Corp XI (0002074973) (Filer),https://www.sec.gov/Archives/edgar/data/2074973/000121390026086928/0001213900-26-086928-index.htm
2026-08-10T10:49:50.449119+00:00,US,SEC,8-K,,,,8-K - JBG SMITH Properties (0001689796) (Filer),https://www.sec.gov/Archives/edgar/data/1689796/000110465926092962/0001104659-26-092962-index.htm
2026-08-10T10:49:50.449131+00:00,US,SEC,8-K,,,,"8-K - Ryman Hospitality Properties, Inc. (0001040829) (Filer)",https://www.sec.gov/Archives/edgar/data/1040829/000110465926092958/0001104659-26-092958-index.htm
2026-08-07T20:57:10.734176+00:00,US,SEC,8-K,,,,8-K - W&T OFFSHORE INC (0001288403) (Filer),https://www.sec.gov/Archives/edgar/data/1288403/000110465926092767/0001104659-26-092767-index.htm
2026-08-07T20:08:39.322008+00:00,US,SEC,8-K,,,,"8-K - NI Holdings, Inc. (0001681206) (Filer)",https://www.sec.gov/Archives/edgar/data/1681206/000117494726000778/0001174947-26-000778-index.htm
2026-08-07T14:31:35.868342+00:00,US,SEC,8-K,,,,8-K - UNITED GUARDIAN INC (0000101295) (Filer),https://www.sec.gov/Archives/edgar/data/101295/000117184326005349/0001171843-26-005349-index.htm
2026-08-07T12:00:11.079871+00:00,US,SEC,8-K,,,,8-K - PPL Corp (0000922224) (Filer),https://www.sec.gov/Archives/edgar/data/922224/000092222426000042/0000922224-26-000042-index.htm
2026-08-07T12:00:11.079893+00:00,US,SEC,8-K,,,,"8-K - Wheeler Real Estate Investment Trust, Inc. (0001527541) (Filer)",https://www.sec.gov/Archives/edgar/data/1527541/000152754126000260/0001527541-26-000260-index.htm
2026-08-07T12:00:11.079948+00:00,US,SEC,8-K,,,,"8-K - ACM Research, Inc. (0001680062) (Filer)",https://www.sec.gov/Archives/edgar/data/1680062/000162828026054581/0001628280-26-054581-index.htm
2026-08-07T12:00:11.079953+00:00,US,SEC,8-K,,,,8-K - TAKE TWO INTERACTIVE SOFTWARE INC (0000946581) (Filer),https://www.sec.gov/Archives/edgar/data/946581/000162828026054580/0001628280-26-054580-index.htm
2026-08-07T11:10:27.651798+00:00,US,SEC,8-K,,,,8-K - Embecta Corp. (0001872789) (Filer),https://www.sec.gov/Archives/edgar/data/1872789/000187278926000029/0001872789-26-000029-index.htm
2026-08-07T11:10:27.651815+00:00,US,SEC,8-K,,,,8-K - Wendy's Co (0000030697) (Filer),https://www.sec.gov/Archives/edgar/data/30697/000119312526339132/0001193125-26-339132-index.htm
2026-08-07T11:10:27.651820+00:00,US,SEC,8-K,,,,8-K - Canopy Growth Corp (0001737927) (Filer),https://www.sec.gov/Archives/edgar/data/1737927/000119312526339131/0001193125-26-339131-index.htm
2026-08-07T11:10:27.651837+00:00,US,SEC,8-K,,,,8-K - KIORA PHARMACEUTICALS INC (0001372514) (Filer),https://www.sec.gov/Archives/edgar/data/1372514/000137251426000075/0001372514-26-000075-index.htm
2026-08-07T11:10:27.651858+00:00,US,SEC,8-K,,,,8-K - Mobility Global Inc. (0002090312) (Filer),https://www.sec.gov/Archives/edgar/data/2090312/000209031226000013/0002090312-26-000013-index.htm
2026-08-07T11:10:27.651865+00:00,US,SEC,8-K,,,,"8-K - RAPID MICRO BIOSYSTEMS, INC. (0001380106) (Filer)",https://www.sec.gov/Archives/edgar/data/1380106/000138010626000097/0001380106-26-000097-index.htm
2026-08-07T11:10:27.651871+00:00,US,SEC,8-K,,,,8-K - LCI INDUSTRIES (0000763744) (Filer),https://www.sec.gov/Archives/edgar/data/763744/000076374426000077/0000763744-26-000077-index.htm
2026-08-07T11:10:27.651882+00:00,US,SEC,8-K,,,,8-K - FLUOR CORP (0001124198) (Filer),https://www.sec.gov/Archives/edgar/data/1124198/000112419826000074/0001124198-26-000074-index.htm
2026-08-07T10:14:05.154398+00:00,US,SEC,8-K,,,,8-K - BEAZER HOMES USA INC (0000915840) (Filer),https://www.sec.gov/Archives/edgar/data/915840/000110465926092299/0001104659-26-092299-index.htm
2026-08-07T10:14:05.154422+00:00,US,SEC,8-K,,,,8-K - BEAZER HOMES USA INC (0000915840) (Filer),https://www.sec.gov/Archives/edgar/data/915840/000091584026000049/0000915840-26-000049-index.htm
2026-08-07T10:14:05.154433+00:00,US,SEC,8-K,,,,"8-K - Dream Finders Homes, Inc. (0001825088) (Filer)",https://www.sec.gov/Archives/edgar/data/1825088/000162828026054558/0001628280-26-054558-index.htm
2026-08-07T10:14:05.154458+00:00,US,SEC,8-K,,,,8-K - LEVI STRAUSS & CO (0000094845) (Filer),https://www.sec.gov/Archives/edgar/data/94845/000199937126017264/0001999371-26-017264-index.htm
2026-08-06T15:36:09.354847+00:00,US,SEC,8-K,,,,8-K - Honda Auto Receivables 2026-3 Owner Trust (0002143476) (Filer),https://www.sec.gov/Archives/edgar/data/2143476/000110465926091799/0001104659-26-091799-index.htm
2026-08-06T15:36:09.354882+00:00,US,SEC,8-K,,,,8-K - AMERICAN HONDA RECEIVABLES LLC (0000890975) (Filer),https://www.sec.gov/Archives/edgar/data/890975/000110465926091799/0001104659-26-091799-index.htm
2026-08-06T13:15:04.839632+00:00,US,SEC,8-K,,,,8-K - Virtuix Holdings Inc. (0001606242) (Filer),https://www.sec.gov/Archives/edgar/data/1606242/000121390026085942/0001213900-26-085942-index.htm
2026-08-06T13:15:04.839685+00:00,US,SEC,8-K,,,,8-K - Tronox Holdings plc (0001530804) (Filer),https://www.sec.gov/Archives/edgar/data/1530804/000114036126031551/0001140361-26-031551-index.htm
2026-08-06T13:15:04.839705+00:00,US,SEC,8-K,,,,"8-K - Airship AI Holdings, Inc. (0001842566) (Filer)",https://www.sec.gov/Archives/edgar/data/1842566/000165495426007329/0001654954-26-007329-index.htm
2026-08-06T13:15:04.839727+00:00,US,SEC,8-K,,,,8-K - TRACTOR SUPPLY CO /DE/ (0000916365) (Filer),https://www.sec.gov/Archives/edgar/data/916365/000091636526000055/0000916365-26-000055-index.htm
2026-08-06T11:35:17.029606+00:00,US,SEC,8-K,,,,8-K - ITT INC. (0000216228) (Filer),https://www.sec.gov/Archives/edgar/data/216228/000021622826000061/0000216228-26-000061-index.htm
2026-08-06T11:35:17.029630+00:00,US,SEC,8-K,,,,"8-K - LEXICON PHARMACEUTICALS, INC. (0001062822) (Filer)",https://www.sec.gov/Archives/edgar/data/1062822/000106282226000112/0001062822-26-000112-index.htm
2026-08-06T11:35:17.029637+00:00,US,SEC,8-K,,,,"8-K - MACOM Technology Solutions Holdings, Inc. (0001493594) (Filer)",https://www.sec.gov/Archives/edgar/data/1493594/000149359426000036/0001493594-26-000036-index.htm
2026-08-06T11:35:17.029641+00:00,US,SEC,8-K,,,,"8-K - COLLEGIUM PHARMACEUTICAL, INC (0001267565) (Filer)",https://www.sec.gov/Archives/edgar/data/1267565/000162828026053849/0001628280-26-053849-index.htm
2026-08-06T11:35:17.029657+00:00,US,SEC,8-K,,,,8-K - Cronos Group Inc. (0001656472) (Filer),https://www.sec.gov/Archives/edgar/data/1656472/000165647226000050/0001656472-26-000050-index.htm
2026-08-06T11:35:17.029662+00:00,US,SEC,8-K,,,,"8-K - Optimum Communications, Inc. (0001702780) (Filer)",https://www.sec.gov/Archives/edgar/data/1702780/000170278026000042/0001702780-26-000042-index.htm
2026-08-06T11:35:17.029667+00:00,US,SEC,8-K,,,,"8-K - Cheniere Energy Partners, L.P. (0001383650) (Filer)",https://www.sec.gov/Archives/edgar/data/1383650/000138365026000031/0001383650-26-000031-index.htm
2026-08-06T11:35:17.029671+00:00,US,SEC,8-K,,,,"8-K - Installed Building Products, Inc. (0001580905) (Filer)",https://www.sec.gov/Archives/edgar/data/1580905/000162828026053848/0001628280-26-053848-index.htm
2026-08-06T11:35:17.029677+00:00,US,SEC,8-K,,,,"8-K - RE/MAX Holdings, Inc. (0001581091) (Filer)",https://www.sec.gov/Archives/edgar/data/1581091/000110465926091642/0001104659-26-091642-index.htm
2026-08-06T11:35:17.029688+00:00,US,SEC,8-K,,,,8-K - DIXIE GROUP INC (0000029332) (Filer),https://www.sec.gov/Archives/edgar/data/29332/000002933226000043/0000029332-26-000043-index.htm
2026-08-06T11:35:17.029692+00:00,US,SEC,8-K,,,,"8-K - Cheniere Energy, Inc. (0000003570) (Filer)",https://www.sec.gov/Archives/edgar/data/3570/000000357026000030/0000003570-26-000030-index.htm
2026-08-06T11:35:17.029705+00:00,US,SEC,8-K,,,,8-K - CURTISS WRIGHT CORP (0000026324) (Filer),https://www.sec.gov/Archives/edgar/data/26324/000162828026053847/0001628280-26-053847-index.htm
2026-08-06T11:35:17.029712+00:00,US,SEC,8-K,,,,8-K - Genie Energy Ltd. (0001528356) (Filer),https://www.sec.gov/Archives/edgar/data/1528356/000143774926026047/0001437749-26-026047-index.htm
2026-08-06T11:35:17.029716+00:00,US,SEC,8-K,,,,"8-K - Compass Therapeutics, Inc. (0001738021) (Filer)",https://www.sec.gov/Archives/edgar/data/1738021/000117184326005292/0001171843-26-005292-index.htm
2026-08-06T11:35:17.029722+00:00,US,SEC,8-K,,,,"8-K - Priority Technology Holdings, Inc. (0001653558) (Filer)",https://www.sec.gov/Archives/edgar/data/1653558/000165355826000127/0001653558-26-000127-index.htm
2026-08-06T11:35:17.029728+00:00,US,SEC,8-K,,,,8-K - Nuvation Bio Inc. (0001811063) (Filer),https://www.sec.gov/Archives/edgar/data/1811063/000119312526336751/0001193125-26-336751-index.htm
2026-08-06T11:35:17.029745+00:00,US,SEC,8-K,,,,8-K - GENESIS ENERGY LP (0001022321) (Filer),https://www.sec.gov/Archives/edgar/data/1022321/000102232126000021/0001022321-26-000021-index.htm
2026-08-06T11:35:17.029749+00:00,US,SEC,8-K,,,,8-K - Six Flags Entertainment Corporation/NEW (0001999001) (Filer),https://www.sec.gov/Archives/edgar/data/1999001/000199900126000094/0001999001-26-000094-index.htm
2026-08-05T20:47:40.349321+00:00,US,SEC,8-K,,,,8-K - ATMOS ENERGY CORP (0000731802) (Filer),https://www.sec.gov/Archives/edgar/data/731802/000073180226000100/0000731802-26-000100-index.htm
2026-08-05T20:47:40.349364+00:00,US,SEC,8-K,,,,"8-K - PROG Holdings, Inc. (0001808834) (Filer)",https://www.sec.gov/Archives/edgar/data/1808834/000180883426000118/0001808834-26-000118-index.htm
2026-08-05T20:47:40.349373+00:00,US,SEC,8-K,,,,8-K - Seaport Entertainment Group Inc. (0002009684) (Filer),https://www.sec.gov/Archives/edgar/data/2009684/000110465926091195/0001104659-26-091195-index.htm
2026-08-05T20:47:40.349377+00:00,US,SEC,8-K,,,,8-K - TriplePoint Venture Growth BDC Corp. (0001580345) (Filer),https://www.sec.gov/Archives/edgar/data/1580345/000158034526000024/0001580345-26-000024-index.htm
2026-08-05T20:47:40.349387+00:00,US,SEC,8-K,,,,"8-K - UMH PROPERTIES, INC. (0000752642) (Filer)",https://www.sec.gov/Archives/edgar/data/752642/000149315226036197/0001493152-26-036197-index.htm
2026-08-05T20:47:40.349391+00:00,US,SEC,8-K,,,,"8-K - Heritage Insurance Holdings, Inc. (0001598665) (Filer)",https://www.sec.gov/Archives/edgar/data/1598665/000119312526335334/0001193125-26-335334-index.htm
2026-08-05T20:47:40.349405+00:00,US,SEC,8-K,,,,"8-K - USA Compression Partners, LP (0001522727) (Filer)",https://www.sec.gov/Archives/edgar/data/1522727/000152272726000060/0001522727-26-000060-index.htm
2026-08-05T20:47:40.349412+00:00,US,SEC,8-K,,,,8-K - CrossAmerica Partners LP (0001538849) (Filer),https://www.sec.gov/Archives/edgar/data/1538849/000119312526335332/0001193125-26-335332-index.htm
2026-08-05T20:47:40.349425+00:00,US,SEC,8-K,,,,8-K - CACI INTERNATIONAL INC /DE/ (0000016058) (Filer),https://www.sec.gov/Archives/edgar/data/16058/000162828026053448/0001628280-26-053448-index.htm
2026-08-05T16:19:09.343784+00:00,US,SEC,8-K,,,,8-K - Starwood Credit Real Estate Income Trust (0001986395) (Filer),https://www.sec.gov/Archives/edgar/data/1986395/000119312526334384/0001193125-26-334384-index.htm
2026-08-05T14:37:31.232168+00:00,US,SEC,8-K,,,,8-K - HEARTLAND EXPRESS INC (0000799233) (Filer),https://www.sec.gov/Archives/edgar/data/799233/000079923326000037/0000799233-26-000037-index.htm
2026-08-05T12:11:33.530625+00:00,US,SEC,8-K,,,,8-K - RAND CAPITAL CORP (0000081955) (Filer),https://www.sec.gov/Archives/edgar/data/81955/000149315226036108/0001493152-26-036108-index.htm
2026-08-05T12:11:33.530660+00:00,US,SEC,8-K,,,,"8-K - SmartRent, Inc. (0001837014) (Filer)",https://www.sec.gov/Archives/edgar/data/1837014/000119312526333913/0001193125-26-333913-index.htm
2026-08-05T12:11:33.530684+00:00,US,SEC,8-K,,,,8-K - ASP Isotopes Inc. (0001921865) (Filer),https://www.sec.gov/Archives/edgar/data/1921865/000119312526333911/0001193125-26-333911-index.htm
2026-08-05T12:11:33.530690+00:00,US,SEC,8-K,,,,"8-K - ImageneBio, Inc. (0001835579) (Filer)",https://www.sec.gov/Archives/edgar/data/1835579/000119312526333912/0001193125-26-333912-index.htm
2026-08-05T12:11:33.530695+00:00,US,SEC,8-K,,,,"8-K - Southwest Gas Holdings, Inc. (0001692115) (Filer)",https://www.sec.gov/Archives/edgar/data/1692115/000169211526000109/0001692115-26-000109-index.htm
2026-08-05T12:11:33.530699+00:00,US,SEC,8-K,,,,8-K - SOUTHWEST GAS CORP (0000092416) (Filer),https://www.sec.gov/Archives/edgar/data/92416/000169211526000109/0001692115-26-000109-index.htm
2026-08-05T12:11:33.530709+00:00,US,SEC,8-K,,,,8-K - AVNET INC (0000008858) (Filer),https://www.sec.gov/Archives/edgar/data/8858/000000885826000066/0000008858-26-000066-index.htm
2026-08-05T12:11:33.530713+00:00,US,SEC,8-K,,,,"8-K - XPEL, Inc. (0001767258) (Filer)",https://www.sec.gov/Archives/edgar/data/1767258/000176725826000071/0001767258-26-000071-index.htm
2026-08-05T12:11:33.530718+00:00,US,SEC,8-K,,,,8-K - UroGen Pharma Ltd. (0001668243) (Filer),https://www.sec.gov/Archives/edgar/data/1668243/000143774926025793/0001437749-26-025793-index.htm
2026-08-05T12:11:33.530731+00:00,US,SEC,8-K,,,,8-K - BORGWARNER INC (0000908255) (Filer),https://www.sec.gov/Archives/edgar/data/908255/000090825526000049/0000908255-26-000049-index.htm
2026-08-05T12:11:33.530746+00:00,US,SEC,8-K,,,,"8-K - XWELL, Inc. (0001410428) (Filer)",https://www.sec.gov/Archives/edgar/data/1410428/000110465926090744/0001104659-26-090744-index.htm
2026-08-05T12:11:33.530753+00:00,US,SEC,8-K,,,,8-K - ICAHN ENTERPRISES L.P. (0000813762) (Filer),https://www.sec.gov/Archives/edgar/data/813762/000110465926090743/0001104659-26-090743-index.htm
2026-08-05T12:11:33.530760+00:00,US,SEC,8-K,,,,"8-K - Soluna Holdings, Inc (0000064463) (Filer)",https://www.sec.gov/Archives/edgar/data/64463/000149315226036105/0001493152-26-036105-index.htm
2026-08-05T12:11:33.530764+00:00,US,SEC,8-K,,,,8-K - AIM ImmunoTech Inc. (0000946644) (Filer),https://www.sec.gov/Archives/edgar/data/946644/000149315226036104/0001493152-26-036104-index.htm
2026-08-05T12:11:33.530769+00:00,US,SEC,8-K,,,,8-K - Trinity Capital Inc. (0001786108) (Filer),https://www.sec.gov/Archives/edgar/data/1786108/000119312526333904/0001193125-26-333904-index.htm
2026-08-05T12:11:33.530773+00:00,US,SEC,8-K,,,,"8-K - Atlanta Braves Holdings, Inc. (0001958140) (Filer)",https://www.sec.gov/Archives/edgar/data/1958140/000110465926090742/0001104659-26-090742-index.htm
2026-08-04T21:32:22.797973+00:00,US,SEC,8-K,,,,8-K - Z Squared Inc. (0001759186) (Filer),https://www.sec.gov/Archives/edgar/data/1759186/000118518526003263/0001185185-26-003263-index.htm
2026-08-04T21:32:22.798008+00:00,US,SEC,8-K,,,,8-K - EPLUS INC (0001022408) (Filer),https://www.sec.gov/Archives/edgar/data/1022408/000114036126031282/0001140361-26-031282-index.htm
2026-08-04T20:03:05.481603+00:00,US,SEC,8-K,,,,8-K - Syndax Pharmaceuticals Inc (0001395937) (Filer),https://www.sec.gov/Archives/edgar/data/1395937/000119312526332736/0001193125-26-332736-index.htm
2026-08-04T12:15:31.898690+00:00,US,SEC,8-K,,,,8-K - GRAPHIC PACKAGING HOLDING CO (0001408075) (Filer),https://www.sec.gov/Archives/edgar/data/1408075/000140807526000024/0001408075-26-000024-index.htm
2026-08-04T12:15:31.898713+00:00,US,SEC,8-K,,,,"8-K - Turning Point Brands, Inc. (0001290677) (Filer)",https://www.sec.gov/Archives/edgar/data/1290677/000143774926025512/0001437749-26-025512-index.htm
2026-08-04T12:15:31.898719+00:00,US,SEC,8-K,,,,8-K - ASP Isotopes Inc. (0001921865) (Filer),https://www.sec.gov/Archives/edgar/data/1921865/000119312526331596/0001193125-26-331596-index.htm
2026-08-04T12:15:31.898727+00:00,US,SEC,8-K,,,,"8-K - Centuri Holdings, Inc. (0001981599) (Filer)",https://www.sec.gov/Archives/edgar/data/1981599/000198159926000088/0001981599-26-000088-index.htm
2026-08-04T12:15:31.898735+00:00,US,SEC,8-K,,,,8-K - Iron Horse Acquisition II Corp. (0002051985) (Filer),https://www.sec.gov/Archives/edgar/data/2051985/000121390026084913/0001213900-26-084913-index.htm
2026-08-04T12:15:31.898740+00:00,US,SEC,8-K,,,,"8-K - MARA Holdings, Inc. (0001507605) (Filer)",https://www.sec.gov/Archives/edgar/data/1507605/000149315226035933/0001493152-26-035933-index.htm
2026-08-04T12:15:31.898745+00:00,US,SEC,8-K,,,,"8-K - Harmony Biosciences Holdings, Inc. (0001802665) (Filer)",https://www.sec.gov/Archives/edgar/data/1802665/000110465926090086/0001104659-26-090086-index.htm
2026-08-04T12:15:31.898749+00:00,US,SEC,8-K,,,,"8-K - Rani Therapeutics Holdings, Inc. (0001856725) (Filer)",https://www.sec.gov/Archives/edgar/data/1856725/000119312526331594/0001193125-26-331594-index.htm
2026-08-04T12:15:31.898753+00:00,US,SEC,8-K,,,,8-K - SYSCO CORP (0000096021) (Filer),https://www.sec.gov/Archives/edgar/data/96021/000009602126000026/0000096021-26-000026-index.htm
2026-08-04T12:15:31.898762+00:00,US,SEC,8-K,,,,"8-K - W.W. GRAINGER, INC. (0000277135) (Filer)",https://www.sec.gov/Archives/edgar/data/277135/000027713526000076/0000277135-26-000076-index.htm
2026-08-04T12:15:31.898771+00:00,US,SEC,8-K,,,,8-K - EXAGEN INC. (0001274737) (Filer),https://www.sec.gov/Archives/edgar/data/1274737/000127473726000047/0001274737-26-000047-index.htm
2026-08-04T12:15:31.898780+00:00,US,SEC,8-K,,,,"8-K - Reservoir Media, Inc. (0001824403) (Filer)",https://www.sec.gov/Archives/edgar/data/1824403/000110465926090084/0001104659-26-090084-index.htm
2026-08-04T12:15:31.898786+00:00,US,SEC,8-K,,,,8-K - Portillo's Inc. (0001871509) (Filer),https://www.sec.gov/Archives/edgar/data/1871509/000187150926000046/0001871509-26-000046-index.htm
2026-08-04T12:15:31.898803+00:00,US,SEC,8-K,,,,8-K - IPG PHOTONICS CORP (0001111928) (Filer),https://www.sec.gov/Archives/edgar/data/1111928/000111192826000150/0001111928-26-000150-index.htm
2026-08-03T21:02:26.432582+00:00,US,SEC,8-K,,,,"8-K - VIEMED HEALTHCARE, INC. (0001729149) (Filer)",https://www.sec.gov/Archives/edgar/data/1729149/000172914926000041/0001729149-26-000041-index.htm
2026-08-03T21:02:26.432648+00:00,US,SEC,8-K,,,,"8-K - SUPERNUS PHARMACEUTICALS, INC. (0001356576) (Filer)",https://www.sec.gov/Archives/edgar/data/1356576/000110465926089839/0001104659-26-089839-index.htm
2026-08-03T21:02:26.432668+00:00,US,SEC,8-K,,,,8-K - Venu Holding Corp (0001770501) (Filer),https://www.sec.gov/Archives/edgar/data/1770501/000149315226035846/0001493152-26-035846-index.htm
2026-08-03T16:09:27.688959+00:00,US,SEC,8-K,,,,"8-K - SenesTech, Inc. (0001680378) (Filer)",https://www.sec.gov/Archives/edgar/data/1680378/000162828026051635/0001628280-26-051635-index.htm
2026-08-03T10:56:51.656905+00:00,US,SEC,8-K,,,,8-K - SOUTHERN CO (0000092122) (Filer),https://www.sec.gov/Archives/edgar/data/92122/000009212226000058/0000092122-26-000058-index.htm
2026-08-03T10:56:51.656922+00:00,US,SEC,8-K,,,,"8-K - Indivior Pharmaceuticals, Inc. (0001625297) (Filer)",https://www.sec.gov/Archives/edgar/data/1625297/000119312526329520/0001193125-26-329520-index.htm
2026-08-03T10:56:51.656927+00:00,US,SEC,8-K,,,,"8-K - SUPERNUS PHARMACEUTICALS, INC. (0001356576) (Filer)",https://www.sec.gov/Archives/edgar/data/1356576/000135657626000035/0001356576-26-000035-index.htm
2026-08-03T10:56:51.656936+00:00,US,SEC,8-K,,,,"8-K - Easterly Government Properties, Inc. (0001622194) (Filer)",https://www.sec.gov/Archives/edgar/data/1622194/000162219426000024/0001622194-26-000024-index.htm
2026-08-03T10:56:51.656940+00:00,US,SEC,8-K,,,,"8-K - SUPERNUS PHARMACEUTICALS, INC. (0001356576) (Filer)",https://www.sec.gov/Archives/edgar/data/1356576/000110465926089425/0001104659-26-089425-index.htm
2026-08-03T10:56:51.656955+00:00,US,SEC,8-K,,,,"8-K - Indivior Pharmaceuticals, Inc. (0001625297) (Filer)",https://www.sec.gov/Archives/edgar/data/1625297/000119312526329513/0001193125-26-329513-index.htm
2026-08-03T10:56:51.656960+00:00,US,SEC,8-K,,,,8-K - Kosmos Energy Ltd. (0001509991) (Filer),https://www.sec.gov/Archives/edgar/data/1509991/000150999126000046/0001509991-26-000046-index.htm
2026-08-03T10:56:51.656963+00:00,US,SEC,8-K,,,,8-K - CNH Industrial N.V. (0001567094) (Filer),https://www.sec.gov/Archives/edgar/data/1567094/000156709426000015/0001567094-26-000015-index.htm
2026-08-03T10:56:51.656971+00:00,US,SEC,8-K,,,,8-K - American Bitcoin Corp. (0001755953) (Filer),https://www.sec.gov/Archives/edgar/data/1755953/000119312526329509/0001193125-26-329509-index.htm
2026-08-03T10:56:51.656980+00:00,US,SEC,8-K,,,,8-K - Integer Holdings Corp (0001114483) (Filer),https://www.sec.gov/Archives/edgar/data/1114483/000117184326005137/0001171843-26-005137-index.htm
2026-07-31T21:07:58.450254+00:00,US,SEC,8-K,,,,8-K - Oxford Square Capital Corp. (0001259429) (Filer),https://www.sec.gov/Archives/edgar/data/1259429/000121390026084087/0001213900-26-084087-index.htm
2026-07-31T21:07:58.450282+00:00,US,SEC,8-K,,,,8-K - Agriculture & Natural Solutions Acquisition Corp (0001854149) (Filer),https://www.sec.gov/Archives/edgar/data/1854149/000119312526328831/0001193125-26-328831-index.htm
2026-07-31T16:49:19.449635+00:00,US,SEC,8-K,,,,8-K - Diameter Credit Co (0001916099) (Filer),https://www.sec.gov/Archives/edgar/data/1916099/000119312526327692/0001193125-26-327692-index.htm
2026-07-31T14:58:16.559560+00:00,US,SEC,8-K,,,,8-K - TIAA REAL ESTATE ACCOUNT (0000946155) (Filer),https://www.sec.gov/Archives/edgar/data/946155/000094615526000088/0000946155-26-000088-index.htm
2026-07-31T12:20:40.254866+00:00,US,SEC,8-K,,,,8-K - IRADIMED CORP (0001325618) (Filer),https://www.sec.gov/Archives/edgar/data/1325618/000162828026051240/0001628280-26-051240-index.htm
2026-07-31T12:20:40.254894+00:00,US,SEC,8-K,,,,8-K - PATRIOT NATIONAL BANCORP INC (0001098146) (Filer),https://www.sec.gov/Archives/edgar/data/1098146/000143774926025169/0001437749-26-025169-index.htm
2026-07-31T12:20:40.254907+00:00,US,SEC,8-K,,,,8-K - OPPENHEIMER HOLDINGS INC (0000791963) (Filer),https://www.sec.gov/Archives/edgar/data/791963/000162828026051237/0001628280-26-051237-index.htm
2026-07-31T12:20:40.254912+00:00,US,SEC,8-K,,,,8-K - IMPERIAL OIL LTD (0000049938) (Filer),https://www.sec.gov/Archives/edgar/data/49938/000004993826000036/0000049938-26-000036-index.htm
2026-07-31T12:20:40.254921+00:00,US,SEC,8-K,,,,8-K - BORGWARNER INC (0000908255) (Filer),https://www.sec.gov/Archives/edgar/data/908255/000090825526000045/0000908255-26-000045-index.htm
2026-07-31T12:20:40.254946+00:00,US,SEC,8-K,,,,8-K - Pelican Acquisition II Corp (0002122392) (Filer),https://www.sec.gov/Archives/edgar/data/2122392/000182912626008146/0001829126-26-008146-index.htm
2026-07-31T12:20:40.254970+00:00,US,SEC,8-K,,,,8-K - AETHLON MEDICAL INC (0000882291) (Filer),https://www.sec.gov/Archives/edgar/data/882291/000168316826005850/0001683168-26-005850-index.htm
2026-07-31T12:20:40.254974+00:00,US,SEC,8-K,,,,8-K - Oxford Square Capital Corp. (0001259429) (Filer),https://www.sec.gov/Archives/edgar/data/1259429/000121390026083625/0001213900-26-083625-index.htm
2026-07-31T12:20:40.254978+00:00,US,SEC,8-K,,,,"8-K - Lulu's Fashion Lounge Holdings, Inc. (0001780201) (Filer)",https://www.sec.gov/Archives/edgar/data/1780201/000110465926088998/0001104659-26-088998-index.htm
2026-07-31T10:12:20.093053+00:00,US,SEC,8-K,,,,8-K - Proto Labs Inc (0001443669) (Filer),https://www.sec.gov/Archives/edgar/data/1443669/000144366926000034/0001443669-26-000034-index.htm
2026-07-31T10:12:20.093110+00:00,US,SEC,8-K,,,,"8-K - Jasper Therapeutics, Inc. (0001788028) (Filer)",https://www.sec.gov/Archives/edgar/data/1788028/000121390026083563/0001213900-26-083563-index.htm
2026-07-31T10:12:20.093131+00:00,US,SEC,8-K,,,,8-K - Open Lending Corp (0001806201) (Filer),https://www.sec.gov/Archives/edgar/data/1806201/000119312526326655/0001193125-26-326655-index.htm
2026-07-31T10:12:20.093136+00:00,US,SEC,8-K,,,,"8-K - BrightSpring Health Services, Inc. (0001865782) (Filer)",https://www.sec.gov/Archives/edgar/data/1865782/000119312526326654/0001193125-26-326654-index.htm
2026-07-30T21:11:26.874423+00:00,US,SEC,8-K,,,,8-K - FIFTH THIRD BANCORP (0000035527) (Filer),https://www.sec.gov/Archives/edgar/data/35527/000003552726000197/0000035527-26-000197-index.htm
2026-07-30T21:11:26.874497+00:00,US,SEC,8-K,,,,"8-K - Aldeyra Therapeutics, Inc. (0001341235) (Filer)",https://www.sec.gov/Archives/edgar/data/1341235/000119312526326337/0001193125-26-326337-index.htm
2026-07-30T18:15:45.040137+00:00,US,SEC,8-K,,,,"8-K - Gouverneur Bancorp, Inc./MD/ (0001978811) (Filer)",https://www.sec.gov/Archives/edgar/data/1978811/000197881126000008/0001978811-26-000008-index.htm
2026-07-30T12:57:15.482227+00:00,US,SEC,8-K,,,,8-K - Federal Home Loan Bank of Indianapolis (0001331754) (Filer),https://www.sec.gov/Archives/edgar/data/1331754/000133175426000155/0001331754-26-000155-index.htm
2026-07-30T12:57:15.482248+00:00,US,SEC,8-K,,,,8-K - PATRICK INDUSTRIES INC (0000076605) (Filer),https://www.sec.gov/Archives/edgar/data/76605/000007660526000069/0000076605-26-000069-index.htm
2026-07-30T12:57:15.482260+00:00,US,SEC,8-K,,,,8-K - SONIC AUTOMOTIVE INC (0001043509) (Filer),https://www.sec.gov/Archives/edgar/data/1043509/000162828026050837/0001628280-26-050837-index.htm
2026-07-30T12:57:15.482271+00:00,US,SEC,8-K,,,,8-K - ADAMS STREET CREDIT SOLUTIONS FUND (0001772918) (Filer),https://www.sec.gov/Archives/edgar/data/1772918/000119312526325044/0001193125-26-325044-index.htm
2026-07-30T12:57:15.482282+00:00,US,SEC,8-K,,,,8-K - NELNET INC (0001258602) (Filer),https://www.sec.gov/Archives/edgar/data/1258602/000125860226000037/0001258602-26-000037-index.htm
2026-07-30T12:57:15.482288+00:00,US,SEC,8-K,,,,"8-K - Green Brick Partners, Inc. (0001373670) (Filer)",https://www.sec.gov/Archives/edgar/data/1373670/000162828026050835/0001628280-26-050835-index.htm
2026-07-30T12:57:15.482310+00:00,US,SEC,8-K,,,,8-K - RED RIVER BANCSHARES INC (0001071236) (Filer),https://www.sec.gov/Archives/edgar/data/1071236/000107123626000053/0001071236-26-000053-index.htm
2026-07-30T12:57:15.482329+00:00,US,SEC,8-K,,,,8-K - AGCO CORP /DE (0000880266) (Filer),https://www.sec.gov/Archives/edgar/data/880266/000088026626000066/0000880266-26-000066-index.htm
2026-07-30T11:19:12.763490+00:00,US,SEC,8-K,,,,8-K - BAXTER INTERNATIONAL INC (0000010456) (Filer),https://www.sec.gov/Archives/edgar/data/10456/000162828026050795/0001628280-26-050795-index.htm
2026-07-30T11:19:12.763506+00:00,US,SEC,8-K,,,,8-K - EXTREME NETWORKS INC (0001078271) (Filer),https://www.sec.gov/Archives/edgar/data/1078271/000119312526324888/0001193125-26-324888-index.htm
2026-07-30T11:19:12.763520+00:00,US,SEC,8-K,,,,8-K - CCC Intelligent Solutions Holdings Inc. (0001818201) (Filer),https://www.sec.gov/Archives/edgar/data/1818201/000119312526324886/0001193125-26-324886-index.htm
2026-07-30T11:19:12.763527+00:00,US,SEC,8-K,,,,"8-K - NorthWestern Energy Group, Inc. (0001993004) (Filer)",https://www.sec.gov/Archives/edgar/data/1993004/000199300426000052/0001993004-26-000052-index.htm
2026-07-30T11:19:12.763536+00:00,US,SEC,8-K,,,,"8-K - AFFILIATED MANAGERS GROUP, INC. (0001004434) (Filer)",https://www.sec.gov/Archives/edgar/data/1004434/000162828026050793/0001628280-26-050793-index.htm
2026-07-30T11:19:12.763543+00:00,US,SEC,8-K,,,,"8-K - LAUREATE EDUCATION, INC. (0000912766) (Filer)",https://www.sec.gov/Archives/edgar/data/912766/000162828026050792/0001628280-26-050792-index.htm
2026-07-30T11:19:12.763552+00:00,US,SEC,8-K,,,,"8-K - Mid-America Apartments, L.P. (0001581776) (Filer)",https://www.sec.gov/Archives/edgar/data/1581776/000119312526324880/0001193125-26-324880-index.htm
2026-07-30T11:19:12.763557+00:00,US,SEC,8-K,,,,8-K - MID AMERICA APARTMENT COMMUNITIES INC. (0000912595) (Filer),https://www.sec.gov/Archives/edgar/data/912595/000119312526324880/0001193125-26-324880-index.htm
2026-07-30T11:19:12.763581+00:00,US,SEC,8-K,,,,8-K - Hilton Grand Vacations Inc. (0001674168) (Filer),https://www.sec.gov/Archives/edgar/data/1674168/000167416826000098/0001674168-26-000098-index.htm
2026-07-30T11:19:12.763588+00:00,US,SEC,8-K,,,,"8-K - ALLEGRO MICROSYSTEMS, INC. (0000866291) (Filer)",https://www.sec.gov/Archives/edgar/data/866291/000119312526324869/0001193125-26-324869-index.htm
2026-07-30T11:19:12.763592+00:00,US,SEC,8-K,,,,"8-K - ALTRIA GROUP, INC. (0000764180) (Filer)",https://www.sec.gov/Archives/edgar/data/764180/000076418026000093/0000764180-26-000093-index.htm
2026-07-30T11:19:12.763601+00:00,US,SEC,8-K,,,,8-K - BRISTOL MYERS SQUIBB CO (0000014272) (Filer),https://www.sec.gov/Archives/edgar/data/14272/000001427226000018/0000014272-26-000018-index.htm
2026-07-30T11:19:12.763609+00:00,US,SEC,8-K,,,,8-K - BICYCLE THERAPEUTICS PLC (0001761612) (Filer),https://www.sec.gov/Archives/edgar/data/1761612/000110465926088455/0001104659-26-088455-index.htm
2026-07-30T11:19:12.763613+00:00,US,SEC,8-K,,,,8-K - MYERS INDUSTRIES INC (0000069488) (Filer),https://www.sec.gov/Archives/edgar/data/69488/000119312526324868/0001193125-26-324868-index.htm
2026-07-30T11:19:12.763620+00:00,US,SEC,8-K,,,,"8-K - EyePoint, Inc. (0001314102) (Filer)",https://www.sec.gov/Archives/edgar/data/1314102/000119312526324866/0001193125-26-324866-index.htm
2026-07-30T11:19:12.763624+00:00,US,SEC,8-K,,,,"8-K - Phathom Pharmaceuticals, Inc. (0001783183) (Filer)",https://www.sec.gov/Archives/edgar/data/1783183/000119312526324865/0001193125-26-324865-index.htm
2026-07-29T21:05:08.799027+00:00,US,SEC,8-K,,,,"8-K - Onconetix, Inc. (0001782107) (Filer)",https://www.sec.gov/Archives/edgar/data/1782107/000121390026082879/0001213900-26-082879-index.htm
2026-07-29T19:58:05.175022+00:00,US,SEC,8-K,,,,8-K - KIRBY CORP (0000056047) (Filer),https://www.sec.gov/Archives/edgar/data/56047/000119312526323594/0001193125-26-323594-index.htm
2026-07-29T18:36:45.326794+00:00,US,SEC,8-K,,,,"8-K - Macquarie Infrastructure Fund, L.P. (0002079966) (Filer)",https://www.sec.gov/Archives/edgar/data/2079966/000119312526323316/0001193125-26-323316-index.htm
2026-07-29T18:36:45.326816+00:00,US,SEC,8-K,,,,8-K - HIGHWATER ETHANOL LLC (0001371451) (Filer),https://www.sec.gov/Archives/edgar/data/1371451/000162828026050513/0001628280-26-050513-index.htm
2026-07-29T17:34:11.342803+00:00,US,SEC,8-K,,,,8-K - BMO 2024-5C8 Mortgage Trust (0002044614) (Filer),https://www.sec.gov/Archives/edgar/data/2044614/000188852426013955/0001888524-26-013955-index.htm
2026-07-29T16:06:09.225959+00:00,US,SEC,8-K,,,,"8-K - PENSKE AUTOMOTIVE GROUP, INC. (0001019849) (Filer)",https://www.sec.gov/Archives/edgar/data/1019849/000162828026050469/0001628280-26-050469-index.htm
2026-07-29T14:34:33.905773+00:00,US,SEC,8-K,,,,8-K - AMPHENOL CORP /DE/ (0000820313) (Filer),https://www.sec.gov/Archives/edgar/data/820313/000110465926087904/0001104659-26-087904-index.htm
2026-07-29T12:17:27.805671+00:00,US,SEC,8-K,,,,"8-K - CBIZ, Inc. (0000944148) (Filer)",https://www.sec.gov/Archives/edgar/data/944148/000119312526322239/0001193125-26-322239-index.htm
2026-07-29T12:17:27.805693+00:00,US,SEC,8-K,,,,"8-K - FILANA THERAPEUTICS, INC. (0001069530) (Filer)",https://www.sec.gov/Archives/edgar/data/1069530/000117184326004982/0001171843-26-004982-index.htm
2026-07-29T12:17:27.805704+00:00,US,SEC,8-K,,,,"8-K - CBIZ, Inc. (0000944148) (Filer)",https://www.sec.gov/Archives/edgar/data/944148/000119312526322225/0001193125-26-322225-index.htm
2026-07-29T12:17:27.805709+00:00,US,SEC,8-K,,,,8-K - Arthur J. Gallagher & Co. (0000354190) (Filer),https://www.sec.gov/Archives/edgar/data/354190/000035419026000184/0000354190-26-000184-index.htm
2026-07-29T12:17:27.805716+00:00,US,SEC,8-K,,,,"8-K - CleanCore Solutions, Inc. (0001956741) (Filer)",https://www.sec.gov/Archives/edgar/data/1956741/000121390026082561/0001213900-26-082561-index.htm
2026-07-29T12:17:27.805723+00:00,US,SEC,8-K,,,,8-K - CLEAN HARBORS INC (0000822818) (Filer),https://www.sec.gov/Archives/edgar/data/822818/000082281826000031/0000822818-26-000031-index.htm
2026-07-29T12:17:27.805733+00:00,US,SEC,8-K,,,,"8-K - LiveWire Group, Inc. (0001898795) (Filer)",https://www.sec.gov/Archives/edgar/data/1898795/000189879526000078/0001898795-26-000078-index.htm
2026-07-29T12:17:27.805740+00:00,US,SEC,8-K,,,,8-K - LB PHARMACEUTICALS INC (0001691082) (Filer),https://www.sec.gov/Archives/edgar/data/1691082/000119312526322208/0001193125-26-322208-index.htm
2026-07-29T12:17:27.805759+00:00,US,SEC,8-K,,,,"8-K - WOLFSPEED, INC. (0000895419) (Filer)",https://www.sec.gov/Archives/edgar/data/895419/000089541926000042/0000895419-26-000042-index.htm
2026-07-29T12:17:27.805766+00:00,US,SEC,8-K,,,,"8-K - ENTERGY TEXAS, INC. (0001427437) (Filer)",https://www.sec.gov/Archives/edgar/data/1427437/000006598426000279/0000065984-26-000279-index.htm
2026-07-29T12:17:27.805770+00:00,US,SEC,8-K,,,,"8-K - ENTERGY LOUISIANA, LLC (0001348952) (Filer)",https://www.sec.gov/Archives/edgar/data/1348952/000006598426000279/0000065984-26-000279-index.htm
2026-07-29T12:17:27.805774+00:00,US,SEC,8-K,,,,"8-K - SYSTEM ENERGY RESOURCES, INC (0000202584) (Filer)",https://www.sec.gov/Archives/edgar/data/202584/000006598426000279/0000065984-26-000279-index.htm
2026-07-29T12:17:27.805778+00:00,US,SEC,8-K,,,,"8-K - ENTERGY NEW ORLEANS, LLC (0000071508) (Filer)",https://www.sec.gov/Archives/edgar/data/71508/000006598426000279/0000065984-26-000279-index.htm
2026-07-29T12:17:27.805782+00:00,US,SEC,8-K,,,,"8-K - ENTERGY MISSISSIPPI, LLC (0000066901) (Filer)",https://www.sec.gov/Archives/edgar/data/66901/000006598426000279/0000065984-26-000279-index.htm
2026-07-29T12:17:27.805786+00:00,US,SEC,8-K,,,,8-K - ENTERGY CORP /DE/ (0000065984) (Filer),https://www.sec.gov/Archives/edgar/data/65984/000006598426000279/0000065984-26-000279-index.htm
2026-07-29T12:17:27.805790+00:00,US,SEC,8-K,,,,"8-K - ENTERGY ARKANSAS, LLC (0000007323) (Filer)",https://www.sec.gov/Archives/edgar/data/7323/000006598426000279/0000065984-26-000279-index.htm
2026-07-29T12:17:27.805796+00:00,US,SEC,8-K,,,,"8-K - Frontier Group Holdings, Inc. (0001670076) (Filer)",https://www.sec.gov/Archives/edgar/data/1670076/000167007626000086/0001670076-26-000086-index.htm
2026-07-29T12:17:27.805804+00:00,US,SEC,8-K,,,,8-K - GENERAL DYNAMICS CORP (0000040533) (Filer),https://www.sec.gov/Archives/edgar/data/40533/000004053326000029/0000040533-26-000029-index.htm
2026-07-29T10:07:13.762260+00:00,US,SEC,8-K,,,,8-K - CONSTELLIUM SE (0001563411) (Filer),https://www.sec.gov/Archives/edgar/data/1563411/000156341126000190/0001563411-26-000190-index.htm
2026-07-29T10:07:13.762281+00:00,US,SEC,8-K,,,,8-K - DEL MONTE CORP (0001047340) (Filer),https://www.sec.gov/Archives/edgar/data/1047340/000104734026000039/0001047340-26-000039-index.htm
2026-07-29T10:07:13.762288+00:00,US,SEC,8-K,,,,8-K - GENERAC HOLDINGS INC. (0001474735) (Filer),https://www.sec.gov/Archives/edgar/data/1474735/000143774926024731/0001437749-26-024731-index.htm
2026-07-29T10:07:13.762293+00:00,US,SEC,8-K,,,,"8-K - SiteOne Landscape Supply, Inc. (0001650729) (Filer)",https://www.sec.gov/Archives/edgar/data/1650729/000110465926087746/0001104659-26-087746-index.htm
2026-07-29T10:07:13.762300+00:00,US,SEC,8-K,,,,8-K - CLARIVATE PLC (0001764046) (Filer),https://www.sec.gov/Archives/edgar/data/1764046/000176404626000090/0001764046-26-000090-index.htm
2026-07-29T10:07:13.762324+00:00,US,SEC,8-K,,,,8-K - V F CORP (0000103379) (Filer),https://www.sec.gov/Archives/edgar/data/103379/000010337926000113/0000103379-26-000113-index.htm
2026-07-29T10:07:13.762328+00:00,US,SEC,8-K,,,,8-K - Vertiv Holdings Co (0001674101) (Filer),https://www.sec.gov/Archives/edgar/data/1674101/000162828026050323/0001628280-26-050323-index.htm
2026-07-29T10:07:13.762346+00:00,US,SEC,8-K,,,,8-K - Mechanics Bancorp (0001518715) (Filer),https://www.sec.gov/Archives/edgar/data/1518715/000151871526000057/0001518715-26-000057-index.htm
2026-07-29T10:07:13.762360+00:00,US,SEC,8-K,,,,8-K - ARCBEST CORP /DE/ (0000894405) (Filer),https://www.sec.gov/Archives/edgar/data/894405/000110465926087722/0001104659-26-087722-index.htm
2026-07-28T21:21:08.495690+00:00,US,SEC,8-K,,,,"8-K - SkyWater Technology, Inc (0001819974) (Filer)",https://www.sec.gov/Archives/edgar/data/1819974/000119312526321272/0001193125-26-321272-index.htm
2026-07-28T21:21:08.495718+00:00,US,SEC,8-K,,,,8-K - Freshworks Inc. (0001544522) (Filer),https://www.sec.gov/Archives/edgar/data/1544522/000154452226000125/0001544522-26-000125-index.htm
2026-07-28T21:21:08.495739+00:00,US,SEC,8-K,,,,"8-K - Global Asset Management Group, Inc. (0000055234) (Filer)",https://www.sec.gov/Archives/edgar/data/55234/000147793226004567/0001477932-26-004567-index.htm
2026-07-28T21:21:08.495755+00:00,US,SEC,8-K,,,,8-K - Monroe Capital Income Plus Corp (0001742313) (Filer),https://www.sec.gov/Archives/edgar/data/1742313/000174231326000043/0001742313-26-000043-index.htm
2026-07-28T21:21:08.495777+00:00,US,SEC,8-K,,,,8-K - Cenntro Inc. (0001707919) (Filer),https://www.sec.gov/Archives/edgar/data/1707919/000114036126029905/0001140361-26-029905-index.htm
2026-07-28T20:07:54.640023+00:00,US,SEC,8-K,,,,8-K - Seagate Technology Holdings plc (0001137789) (Filer),https://www.sec.gov/Archives/edgar/data/1137789/000113778926000153/0001137789-26-000153-index.htm
2026-07-28T20:07:54.640046+00:00,US,SEC,8-K,,,,"8-K - Qorvo, Inc. (0001604778) (Filer)",https://www.sec.gov/Archives/edgar/data/1604778/000162828026050149/0001628280-26-050149-index.htm
2026-07-28T20:07:54.640057+00:00,US,SEC,8-K,,,,8-K - ROGERS CORP (0000084748) (Filer),https://www.sec.gov/Archives/edgar/data/84748/000008474826000046/0000084748-26-000046-index.htm
2026-07-28T20:07:54.640086+00:00,US,SEC,8-K,,,,"8-K - Enphase Energy, Inc. (0001463101) (Filer)",https://www.sec.gov/Archives/edgar/data/1463101/000146310126000080/0001463101-26-000080-index.htm
2026-07-28T20:07:54.640104+00:00,US,SEC,8-K,,,,8-K - SEACOAST BANKING CORP OF FLORIDA (0000730708) (Filer),https://www.sec.gov/Archives/edgar/data/730708/000162828026050147/0001628280-26-050147-index.htm
2026-07-28T17:07:13.897041+00:00,US,SEC,8-K,,,,8-K - Blink Charging Co. (0001429764) (Filer),https://www.sec.gov/Archives/edgar/data/1429764/000149315226034964/0001493152-26-034964-index.htm
2026-07-28T15:37:19.524099+00:00,US,SEC,8-K,,,,"8-K - Autonomix Medical, Inc. (0001617867) (Filer)",https://www.sec.gov/Archives/edgar/data/1617867/000143774926024597/0001437749-26-024597-index.htm
2026-07-28T15:37:19.524176+00:00,US,SEC,8-K,,,,"8-K - Leonardo DRS, Inc. (0001833756) (Filer)",https://www.sec.gov/Archives/edgar/data/1833756/000183375626000034/0001833756-26-000034-index.htm
2026-07-28T13:10:33.760846+00:00,US,SEC,8-K,,,,8-K - CF BANKSHARES INC. (0001070680) (Filer),https://www.sec.gov/Archives/edgar/data/1070680/000119312526318995/0001193125-26-318995-index.htm
2026-07-28T13:10:33.760866+00:00,US,SEC,8-K,,,,"8-K - ZIPRECRUITER, INC. (0001617553) (Filer)",https://www.sec.gov/Archives/edgar/data/1617553/000161755326000040/0001617553-26-000040-index.htm
2026-07-28T13:10:33.760877+00:00,US,SEC,8-K,,,,8-K - FIRST FINANCIAL CORP /IN/ (0000714562) (Filer),https://www.sec.gov/Archives/edgar/data/714562/000071456226000050/0000714562-26-000050-index.htm
2026-07-28T13:10:33.760886+00:00,US,SEC,8-K,,,,"8-K - Onfolio Holdings, Inc (0001825452) (Filer)",https://www.sec.gov/Archives/edgar/data/1825452/000165495426006947/0001654954-26-006947-index.htm
2026-07-28T13:10:33.760889+00:00,US,SEC,8-K,,,,"8-K - John Marshall Bancorp, Inc. (0001710482) (Filer)",https://www.sec.gov/Archives/edgar/data/1710482/000110465926087344/0001104659-26-087344-index.htm
2026-07-28T11:26:55.528090+00:00,US,SEC,8-K,,,,"8-K - Grace Therapeutics, Inc. (0001444192) (Filer)",https://www.sec.gov/Archives/edgar/data/1444192/000114036126029837/0001140361-26-029837-index.htm
2026-07-28T11:26:55.528109+00:00,US,SEC,8-K,,,,8-K - REPLIGEN CORP (0000730272) (Filer),https://www.sec.gov/Archives/edgar/data/730272/000119312526318853/0001193125-26-318853-index.htm
2026-07-28T11:26:55.528117+00:00,US,SEC,8-K,,,,8-K - S&P Global Inc. (0000064040) (Filer),https://www.sec.gov/Archives/edgar/data/64040/000006404026000040/0000064040-26-000040-index.htm
2026-07-28T11:26:55.528127+00:00,US,SEC,8-K,,,,8-K - Xylem Inc. (0001524472) (Filer),https://www.sec.gov/Archives/edgar/data/1524472/000152447226000108/0001524472-26-000108-index.htm
2026-07-28T11:26:55.528132+00:00,US,SEC,8-K,,,,"8-K - Core Scientific, Inc./tx (0001839341) (Filer)",https://www.sec.gov/Archives/edgar/data/1839341/000183934126000013/0001839341-26-000013-index.htm
2026-07-28T11:26:55.528136+00:00,US,SEC,8-K,,,,8-K - SHERWIN WILLIAMS CO (0000089800) (Filer),https://www.sec.gov/Archives/edgar/data/89800/000008980026000046/0000089800-26-000046-index.htm
2026-07-28T11:26:55.528140+00:00,US,SEC,8-K,,,,8-K - AMERICAN TOWER CORP /MA/ (0001053507) (Filer),https://www.sec.gov/Archives/edgar/data/1053507/000105350726000131/0001053507-26-000131-index.htm
2026-07-28T11:26:55.528151+00:00,US,SEC,8-K,,,,8-K - Alkermes plc. (0001520262) (Filer),https://www.sec.gov/Archives/edgar/data/1520262/000119312526318844/0001193125-26-318844-index.htm
2026-07-28T11:26:55.528162+00:00,US,SEC,8-K,,,,"8-K - Altimmune, Inc. (0001326190) (Filer)",https://www.sec.gov/Archives/edgar/data/1326190/000132619026000044/0001326190-26-000044-index.htm
2026-07-28T11:26:55.528167+00:00,US,SEC,8-K,,,,8-K - ASBURY AUTOMOTIVE GROUP INC (0001144980) (Filer),https://www.sec.gov/Archives/edgar/data/1144980/000114498026000089/0001144980-26-000089-index.htm
2026-07-28T11:26:55.528171+00:00,US,SEC,8-K,,,,8-K - JETBLUE AIRWAYS CORP (0001158463) (Filer),https://www.sec.gov/Archives/edgar/data/1158463/000115846326000076/0001158463-26-000076-index.htm
2026-07-28T11:26:55.528175+00:00,US,SEC,8-K,,,,8-K - IQVIA HOLDINGS INC. (0001478242) (Filer),https://www.sec.gov/Archives/edgar/data/1478242/000162828026049923/0001628280-26-049923-index.htm
2026-07-28T11:26:55.528180+00:00,US,SEC,8-K,,,,8-K - CORNING INC /NY (0000024741) (Filer),https://www.sec.gov/Archives/edgar/data/24741/000002474126000253/0000024741-26-000253-index.htm
2026-07-28T11:26:55.528186+00:00,US,SEC,8-K,,,,"8-K - PayPal Holdings, Inc. (0001633917) (Filer)",https://www.sec.gov/Archives/edgar/data/1633917/000163391726000080/0001633917-26-000080-index.htm
2026-07-28T11:26:55.528190+00:00,US,SEC,8-K,,,,8-K - INCYTE CORP (0000879169) (Filer),https://www.sec.gov/Archives/edgar/data/879169/000087916926000053/0000879169-26-000053-index.htm
2026-07-28T11:26:55.528198+00:00,US,SEC,8-K,,,,"8-K - ConnectOne Bancorp, Inc. (0000712771) (Filer)",https://www.sec.gov/Archives/edgar/data/712771/000143774926024557/0001437749-26-024557-index.htm
2026-07-28T11:26:55.528203+00:00,US,SEC,8-K,,,,"8-K - Core Scientific, Inc./tx (0001839341) (Filer)",https://www.sec.gov/Archives/edgar/data/1839341/000183934126000012/0001839341-26-000012-index.htm
2026-07-28T11:26:55.528209+00:00,US,SEC,8-K,,,,8-K - REDWOOD TRUST INC (0000930236) (Filer),https://www.sec.gov/Archives/edgar/data/930236/000093023626000024/0000930236-26-000024-index.htm
2026-07-28T11:26:55.528213+00:00,US,SEC,8-K,,,,8-K - HORMEL FOODS CORP /DE/ (0000048465) (Filer),https://www.sec.gov/Archives/edgar/data/48465/000004846526000047/0000048465-26-000047-index.htm
2026-07-28T11:26:55.528221+00:00,US,SEC,8-K,,,,8-K - Invesco Ltd. (0000914208) (Filer),https://www.sec.gov/Archives/edgar/data/914208/000091420826000229/0000914208-26-000229-index.htm
2026-07-28T11:26:55.528225+00:00,US,SEC,8-K,,,,8-K - CARRIER GLOBAL Corp (0001783180) (Filer),https://www.sec.gov/Archives/edgar/data/1783180/000178318026000030/0001783180-26-000030-index.htm
2026-07-28T11:26:55.528229+00:00,US,SEC,8-K,,,,8-K - COCA COLA CO (0000021344) (Filer),https://www.sec.gov/Archives/edgar/data/21344/000162828026049922/0001628280-26-049922-index.htm
2026-07-28T11:26:55.528233+00:00,US,SEC,8-K,,,,8-K - RLI CORP (0000084246) (Filer),https://www.sec.gov/Archives/edgar/data/84246/000008424626000016/0000084246-26-000016-index.htm
2026-07-27T20:50:26.628169+00:00,US,SEC,8-K,,,,8-K - BROOKFIELD REAL ESTATE INCOME TRUST INC. (0001713407) (Filer),https://www.sec.gov/Archives/edgar/data/1713407/000171340726000074/0001713407-26-000074-index.htm
2026-07-27T17:52:56.906281+00:00,US,SEC,8-K,,,,"8-K - ConnectM Technology Solutions, Inc. (0001895249) (Filer)",https://www.sec.gov/Archives/edgar/data/1895249/000110465926086996/0001104659-26-086996-index.htm
2026-07-27T17:52:56.906368+00:00,US,SEC,8-K,,,,8-K - Ford Credit Auto Lease Trust 2026-B (0002144097) (Filer),https://www.sec.gov/Archives/edgar/data/2144097/000110465926086981/0001104659-26-086981-index.htm
2026-07-27T17:52:56.906374+00:00,US,SEC,8-K,,,,8-K - Ford Credit Auto Lease Two LLC (0001519881) (Filer),https://www.sec.gov/Archives/edgar/data/1519881/000110465926086981/0001104659-26-086981-index.htm
2026-07-27T16:03:49.991446+00:00,US,SEC,8-K,,,,"8-K - AB Commercial Real Estate Private Debt Fund, LLC (0001876255) (Filer)",https://www.sec.gov/Archives/edgar/data/1876255/000119312526317597/0001193125-26-317597-index.htm
2026-07-27T10:57:05.112576+00:00,US,SEC,8-K,,,,"8-K - SPX Technologies, Inc. (0000088205) (Filer)",https://www.sec.gov/Archives/edgar/data/88205/000008820526000045/0000088205-26-000045-index.htm
2026-07-27T10:57:05.112642+00:00,US,SEC,8-K,,,,"8-K - Profusa, Inc. (0001859807) (Filer)",https://www.sec.gov/Archives/edgar/data/1859807/000121390026081560/0001213900-26-081560-index.htm
2026-07-27T10:57:05.112650+00:00,US,SEC,8-K,,,,"8-K - ENSIGN GROUP, INC (0001125376) (Filer)",https://www.sec.gov/Archives/edgar/data/1125376/000112537626000036/0001125376-26-000036-index.htm
2026-07-27T10:57:05.112658+00:00,US,SEC,8-K,,,,8-K - Baker Hughes Co (0001701605) (Filer),https://www.sec.gov/Archives/edgar/data/1701605/000170160526000021/0001701605-26-000021-index.htm
2026-07-27T10:57:05.112671+00:00,US,SEC,8-K,,,,"8-K - Forte Biosciences, Inc. (0001419041) (Filer)",https://www.sec.gov/Archives/edgar/data/1419041/000119312526316766/0001193125-26-316766-index.htm
2026-07-24T21:18:12.620912+00:00,US,SEC,8-K,,,,"8-K - StratCap Digital Infrastructure REIT, Inc. (0001868516) (Filer)",https://www.sec.gov/Archives/edgar/data/1868516/000110465926086698/0001104659-26-086698-index.htm
2026-07-24T21:18:12.620925+00:00,US,SEC,8-K,,,,8-K - CREDIT ACCEPTANCE CORP (0000885550) (Filer),https://www.sec.gov/Archives/edgar/data/885550/000088555026000173/0000885550-26-000173-index.htm
2026-07-24T21:18:12.620929+00:00,US,SEC,8-K,,,,"8-K - Cycurion, Inc. (0001868419) (Filer)",https://www.sec.gov/Archives/edgar/data/1868419/000162828026049641/0001628280-26-049641-index.htm
2026-07-24T21:18:12.620932+00:00,US,SEC,8-K,,,,"8-K - Tianci International, Inc. (0001557798) (Filer)",https://www.sec.gov/Archives/edgar/data/1557798/000168316826005765/0001683168-26-005765-index.htm
2026-07-24T21:18:12.620941+00:00,US,SEC,8-K,,,,"8-K - INVO Fertility, Inc. (0001417926) (Filer)",https://www.sec.gov/Archives/edgar/data/1417926/000149315226034616/0001493152-26-034616-index.htm
2026-07-24T20:05:58.616131+00:00,US,SEC,8-K,,,,8-K - FEDEX CORP (0001048911) (Filer),https://www.sec.gov/Archives/edgar/data/1048911/000110465926086643/0001104659-26-086643-index.htm
2026-07-24T20:05:58.616159+00:00,US,SEC,8-K,,,,"8-K - Stark Focus Group, Inc. (0001794942) (Filer)",https://www.sec.gov/Archives/edgar/data/1794942/000164033426001238/0001640334-26-001238-index.htm
2026-07-24T20:05:58.616177+00:00,US,SEC,8-K,,,,8-K - MODINE MANUFACTURING CO (0000067347) (Filer),https://www.sec.gov/Archives/edgar/data/67347/000110465926086644/0001104659-26-086644-index.htm
2026-07-24T20:05:58.616185+00:00,US,SEC,8-K,,,,"8-K - FibroBiologics, Inc. (0001958777) (Filer)",https://www.sec.gov/Archives/edgar/data/1958777/000119312526316067/0001193125-26-316067-index.htm
2026-07-24T20:05:58.616188+00:00,US,SEC,8-K,,,,8-K - CEA Industries Inc. (0001482541) (Filer),https://www.sec.gov/Archives/edgar/data/1482541/000148254126000040/0001482541-26-000040-index.htm
2026-07-24T20:05:58.616192+00:00,US,SEC,8-K,,,,"8-K - Invivyd, Inc. (0001832038) (Filer)",https://www.sec.gov/Archives/edgar/data/1832038/000119312526316066/0001193125-26-316066-index.htm
2026-07-24T15:43:38.435806+00:00,US,SEC,8-K,,,,8-K - Federal Home Loan Bank of Boston (0001331463) (Filer),https://www.sec.gov/Archives/edgar/data/1331463/000133146326000149/0001331463-26-000149-index.htm
2026-07-24T15:43:38.435870+00:00,US,SEC,8-K,,,,8-K - PROVIDENT FINANCIAL HOLDINGS INC (0001010470) (Filer),https://www.sec.gov/Archives/edgar/data/1010470/000093905726000138/0000939057-26-000138-index.htm
2026-07-24T14:10:07.599740+00:00,US,SEC,8-K,,,,8-K - PROVIDENT FINANCIAL HOLDINGS INC (0001010470) (Filer),https://www.sec.gov/Archives/edgar/data/1010470/000093905726000136/0000939057-26-000136-index.htm
2026-07-24T14:10:07.599768+00:00,US,SEC,8-K,,,,8-K - UNITED BANCORP INC /OH/ (0000731653) (Filer),https://www.sec.gov/Archives/edgar/data/731653/000110465926086543/0001104659-26-086543-index.htm
2026-07-24T12:08:12.662665+00:00,US,SEC,8-K,,,,"8-K - TPG Private Equity Opportunities, L.P. (0002050260) (Filer)",https://www.sec.gov/Archives/edgar/data/2050260/000205026026000036/0002050260-26-000036-index.htm
2026-07-24T12:08:12.662689+00:00,US,SEC,8-K,,,,8-K - NewAmsterdam Pharma Co N.V. (0001936258) (Filer),https://www.sec.gov/Archives/edgar/data/1936258/000119312526315163/0001193125-26-315163-index.htm
2026-07-24T12:08:12.662694+00:00,US,SEC,8-K,,,,"8-K - FIRST HAWAIIAN, INC. (0000036377) (Filer)",https://www.sec.gov/Archives/edgar/data/36377/000110465926086492/0001104659-26-086492-index.htm
2026-07-24T12:08:12.662706+00:00,US,SEC,8-K,,,,"8-K - Lamb Weston Holdings, Inc. (0001679273) (Filer)",https://www.sec.gov/Archives/edgar/data/1679273/000167927326000024/0001679273-26-000024-index.htm
2026-07-24T12:08:12.662710+00:00,US,SEC,8-K,,,,8-K - American Resources Corp (0001590715) (Filer),https://www.sec.gov/Archives/edgar/data/1590715/000147793226004477/0001477932-26-004477-index.htm
2026-07-24T12:08:12.662714+00:00,US,SEC,8-K,,,,8-K - Sadot Group Inc. (0001701756) (Filer),https://www.sec.gov/Archives/edgar/data/1701756/000173112226000972/0001731122-26-000972-index.htm
2026-07-24T12:08:12.662718+00:00,US,SEC,8-K,,,,8-K - SAFETY INSURANCE GROUP INC (0001172052) (Filer),https://www.sec.gov/Archives/edgar/data/1172052/000110465926086488/0001104659-26-086488-index.htm
2026-07-24T12:08:12.662722+00:00,US,SEC,8-K,,,,"8-K - OptimumBank Holdings, Inc. (0001288855) (Filer)",https://www.sec.gov/Archives/edgar/data/1288855/000149315226034476/0001493152-26-034476-index.htm
2026-07-24T12:08:12.662728+00:00,US,SEC,8-K,,,,8-K - FRANKLIN FINANCIAL SERVICES CORP /PA/ (0000723646) (Filer),https://www.sec.gov/Archives/edgar/data/723646/000072364626000065/0000723646-26-000065-index.htm
2026-07-24T12:08:12.662736+00:00,US,SEC,8-K,,,,8-K - DYADIC INTERNATIONAL INC (0001213809) (Filer),https://www.sec.gov/Archives/edgar/data/1213809/000149315226034475/0001493152-26-034475-index.htm
2026-07-24T12:08:12.662741+00:00,US,SEC,8-K,,,,8-K - REPUBLIC BANCORP INC /KY/ (0000921557) (Filer),https://www.sec.gov/Archives/edgar/data/921557/000110465926086487/0001104659-26-086487-index.htm
2026-07-24T12:08:12.662745+00:00,US,SEC,8-K,,,,8-K - GENTEX CORP (0000355811) (Filer),https://www.sec.gov/Archives/edgar/data/355811/000035581126000044/0000355811-26-000044-index.htm
2026-07-24T12:08:12.662751+00:00,US,SEC,8-K,,,,"8-K - Blackstone Real Estate Income Trust, Inc. (0001662972) (Filer)",https://www.sec.gov/Archives/edgar/data/1662972/000119312526315159/0001193125-26-315159-index.htm
2026-07-24T12:08:12.662756+00:00,US,SEC,8-K,,,,8-K - NOODLES & Co (0001275158) (Filer),https://www.sec.gov/Archives/edgar/data/1275158/000127515826000047/0001275158-26-000047-index.htm
2026-07-24T12:08:12.662765+00:00,US,SEC,8-K,,,,8-K - Hewlett Packard Enterprise Co (0001645590) (Filer),https://www.sec.gov/Archives/edgar/data/1645590/000164559026000072/0001645590-26-000072-index.htm
2026-07-24T12:08:12.662769+00:00,US,SEC,8-K,,,,8-K - American Resources Corp (0001590715) (Filer),https://www.sec.gov/Archives/edgar/data/1590715/000165495426006850/0001654954-26-006850-index.htm
2026-07-24T12:08:12.662772+00:00,US,SEC,8-K,,,,"8-K - HCA Healthcare, Inc. (0000860730) (Filer)",https://www.sec.gov/Archives/edgar/data/860730/000119312526315151/0001193125-26-315151-index.htm
2026-07-24T12:08:12.662776+00:00,US,SEC,8-K,,,,8-K - FRANKLIN FINANCIAL SERVICES CORP /PA/ (0000723646) (Filer),https://www.sec.gov/Archives/edgar/data/723646/000072364626000063/0000723646-26-000063-index.htm
2026-07-24T10:49:33.194137+00:00,US,SEC,8-K,,,,8-K - Nova Minerals Corp (0001852551) (Filer),https://www.sec.gov/Archives/edgar/data/1852551/000149315226034464/0001493152-26-034464-index.htm
2026-07-24T10:49:33.194226+00:00,US,SEC,8-K,,,,"8-K - C. H. ROBINSON WORLDWIDE, INC. (0001043277) (Filer)",https://www.sec.gov/Archives/edgar/data/1043277/000119312526315034/0001193125-26-315034-index.htm
2026-07-23T21:04:46.637229+00:00,US,SEC,8-K,,,,8-K - Ovintiv Inc. (0001792580) (Filer),https://www.sec.gov/Archives/edgar/data/1792580/000119312526314272/0001193125-26-314272-index.htm
2026-07-23T21:04:46.637289+00:00,US,SEC,8-K,,,,"8-K - ALLURION TECHNOLOGIES, INC. (0001964979) (Filer)",https://www.sec.gov/Archives/edgar/data/1964979/000119312526314263/0001193125-26-314263-index.htm
2026-07-23T21:04:46.637297+00:00,US,SEC,8-K,,,,8-K - AUDDIA INC. (0001554818) (Filer),https://www.sec.gov/Archives/edgar/data/1554818/000168316826005735/0001683168-26-005735-index.htm
2026-07-23T21:04:46.637303+00:00,US,SEC,8-K,,,,8-K - NextBoat Inc. (0002067767) (Filer),https://www.sec.gov/Archives/edgar/data/2067767/000149315226034429/0001493152-26-034429-index.htm
2026-07-23T21:04:46.637307+00:00,US,SEC,8-K,,,,8-K - INTELLIGENT BIO SOLUTIONS INC. (0001725430) (Filer),https://www.sec.gov/Archives/edgar/data/1725430/000149315226034428/0001493152-26-034428-index.htm
2026-07-23T21:04:46.637312+00:00,US,SEC,8-K,,,,"8-K - InspireMD, Inc. (0001433607) (Filer)",https://www.sec.gov/Archives/edgar/data/1433607/000149315226034430/0001493152-26-034430-index.htm
2026-07-23T21:04:46.637342+00:00,US,SEC,8-K,,,,"8-K - Victory Capital Holdings, Inc. (0001570827) (Filer)",https://www.sec.gov/Archives/edgar/data/1570827/000119312526314260/0001193125-26-314260-index.htm
2026-07-23T19:50:55.383808+00:00,US,SEC,8-K,,,,"8-K - EVI INDUSTRIES, INC. (0000065312) (Filer)",https://www.sec.gov/Archives/edgar/data/65312/000143774926024286/0001437749-26-024286-index.htm
2026-07-23T19:50:55.383840+00:00,US,SEC,8-K,,,,"8-K - BRANDYWINE OPERATING PARTNERSHIP, L.P. (0001060386) (Filer)",https://www.sec.gov/Archives/edgar/data/1060386/000079081626000025/0000790816-26-000025-index.htm
2026-07-23T19:50:55.383845+00:00,US,SEC,8-K,,,,8-K - BRANDYWINE REALTY TRUST (0000790816) (Filer),https://www.sec.gov/Archives/edgar/data/790816/000079081626000025/0000790816-26-000025-index.htm
2026-07-23T19:50:55.383859+00:00,US,SEC,8-K,,,,8-K - CSB Financial Inc. (0002114521) (Filer),https://www.sec.gov/Archives/edgar/data/2114521/000110465926086235/0001104659-26-086235-index.htm
2026-07-23T19:50:55.383877+00:00,US,SEC,8-K,,,,8-K - GREENE COUNTY BANCORP INC (0001070524) (Filer),https://www.sec.gov/Archives/edgar/data/1070524/000114036126029411/0001140361-26-029411-index.htm
2026-07-23T18:18:09.757105+00:00,US,SEC,8-K,,,,8-K - Federal Home Loan Bank of New York (0001329842) (Filer),https://www.sec.gov/Archives/edgar/data/1329842/000165495426006823/0001654954-26-006823-index.htm
2026-07-23T16:59:00.363456+00:00,US,SEC,8-K,,,,8-K - Nissan Auto Lease Trust 2026-B (0002141529) (Filer),https://www.sec.gov/Archives/edgar/data/2141529/000119312526313760/0001193125-26-313760-index.htm
2026-07-23T16:59:00.363477+00:00,US,SEC,8-K,,,,8-K - NISSAN AUTO LEASING LLC II (0001244832) (Filer),https://www.sec.gov/Archives/edgar/data/1244832/000119312526313760/0001193125-26-313760-index.htm
2026-07-23T15:27:08.886950+00:00,US,SEC,8-K,,,,8-K - Fatpipe Inc/UT (0001993400) (Filer),https://www.sec.gov/Archives/edgar/data/1993400/000149315226034358/0001493152-26-034358-index.htm
2026-07-23T13:11:30.524572+00:00,US,SEC,8-K,,,,8-K - Federal Home Loan Bank of Pittsburgh (0001330399) (Filer),https://www.sec.gov/Archives/edgar/data/1330399/000133039926000084/0001330399-26-000084-index.htm
2026-07-23T13:11:30.524621+00:00,US,SEC,8-K,,,,"8-K - Sintx Technologies, Inc. (0001269026) (Filer)",https://www.sec.gov/Archives/edgar/data/1269026/000149315226034343/0001493152-26-034343-index.htm
2026-07-23T13:11:30.524639+00:00,US,SEC,8-K,,,,8-K - Axalta Coating Systems Ltd. (0001616862) (Filer),https://www.sec.gov/Archives/edgar/data/1616862/000119312526313418/0001193125-26-313418-index.htm
2026-07-23T13:11:30.524653+00:00,US,SEC,8-K,,,,"8-K - CS Disco, Inc. (0001625641) (Filer)",https://www.sec.gov/Archives/edgar/data/1625641/000162564126000152/0001625641-26-000152-index.htm
2026-07-23T13:11:30.524668+00:00,US,SEC,8-K,,,,"8-K - Carter Bankshares, Inc. (0001829576) (Filer)",https://www.sec.gov/Archives/edgar/data/1829576/000182957626000071/0001829576-26-000071-index.htm
2026-07-23T13:11:30.524672+00:00,US,SEC,8-K,,,,"8-K - ECB Bancorp, Inc. /MD/ (0001914605) (Filer)",https://www.sec.gov/Archives/edgar/data/1914605/000143774926024237/0001437749-26-024237-index.htm
2026-07-23T11:32:22.156870+00:00,US,SEC,8-K,,,,"8-K - Albertsons Companies, Inc. (0001646972) (Filer)",https://www.sec.gov/Archives/edgar/data/1646972/000164697226000041/0001646972-26-000041-index.htm
2026-07-23T11:32:22.156888+00:00,US,SEC,8-K,,,,8-K - Incannex Healthcare Inc. (0001873875) (Filer),https://www.sec.gov/Archives/edgar/data/1873875/000121390026080622/0001213900-26-080622-index.htm
2026-07-23T11:32:22.156898+00:00,US,SEC,8-K,,,,"8-K - ConnectOne Bancorp, Inc. (0000712771) (Filer)",https://www.sec.gov/Archives/edgar/data/712771/000143774926024230/0001437749-26-024230-index.htm
2026-07-23T11:32:22.156903+00:00,US,SEC,8-K,,,,8-K - ARROW FINANCIAL CORP (0000717538) (Filer),https://www.sec.gov/Archives/edgar/data/717538/000071753826000110/0000717538-26-000110-index.htm
2026-07-23T11:32:22.156907+00:00,US,SEC,8-K,,,,"8-K - Albertsons Companies, Inc. (0001646972) (Filer)",https://www.sec.gov/Archives/edgar/data/1646972/000164697226000040/0001646972-26-000040-index.htm
2026-07-23T11:32:22.156917+00:00,US,SEC,8-K,,,,"8-K - NASDAQ, INC. (0001120193) (Filer)",https://www.sec.gov/Archives/edgar/data/1120193/000112019326000011/0001120193-26-000011-index.htm
2026-07-23T11:32:22.156928+00:00,US,SEC,8-K,,,,8-K - S&T BANCORP INC (0000719220) (Filer),https://www.sec.gov/Archives/edgar/data/719220/000071922026000087/0000719220-26-000087-index.htm
2026-07-23T11:32:22.156933+00:00,US,SEC,8-K,,,,"8-K - Vita Coco Company, Inc. (0001482981) (Filer)",https://www.sec.gov/Archives/edgar/data/1482981/000162828026049279/0001628280-26-049279-index.htm
2026-07-23T11:32:22.156955+00:00,US,SEC,8-K,,,,8-K - WEST BANCORPORATION INC (0001166928) (Filer),https://www.sec.gov/Archives/edgar/data/1166928/000116692826000035/0001166928-26-000035-index.htm
2026-07-23T11:32:22.156987+00:00,US,SEC,8-K,,,,8-K - WEST PHARMACEUTICAL SERVICES INC (0000105770) (Filer),https://www.sec.gov/Archives/edgar/data/105770/000010577026000097/0000105770-26-000097-index.htm
2026-07-23T11:32:22.156997+00:00,US,SEC,8-K,,,,8-K - SharonAI Holdings Inc. (0002068385) (Filer),https://www.sec.gov/Archives/edgar/data/2068385/000149315226034324/0001493152-26-034324-index.htm
2026-07-23T11:32:22.157002+00:00,US,SEC,8-K,,,,8-K - VALLEY NATIONAL BANCORP (0000714310) (Filer),https://www.sec.gov/Archives/edgar/data/714310/000071431026000036/0000714310-26-000036-index.htm
2026-07-23T11:32:22.157008+00:00,US,SEC,8-K,,,,8-K - ALTISOURCE PORTFOLIO SOLUTIONS S.A. (0001462418) (Filer),https://www.sec.gov/Archives/edgar/data/1462418/000146241826000047/0001462418-26-000047-index.htm
2026-07-23T11:32:22.157012+00:00,US,SEC,8-K,,,,8-K - AVALONBAY COMMUNITIES INC (0000915912) (Filer),https://www.sec.gov/Archives/edgar/data/915912/000091591226000018/0000915912-26-000018-index.htm
2026-07-23T11:32:22.157018+00:00,US,SEC,8-K,,,,8-K - VISTEON CORP (0001111335) (Filer),https://www.sec.gov/Archives/edgar/data/1111335/000111133526000045/0001111335-26-000045-index.htm
2026-07-23T11:32:22.157022+00:00,US,SEC,8-K,,,,8-K - TRACTOR SUPPLY CO /DE/ (0000916365) (Filer),https://www.sec.gov/Archives/edgar/data/916365/000091636526000052/0000916365-26-000052-index.htm
2026-07-23T11:32:22.157033+00:00,US,SEC,8-K,,,,8-K - TOP Financial Group Ltd (0001848275) (Filer),https://www.sec.gov/Archives/edgar/data/1848275/000121390026080615/0001213900-26-080615-index.htm
2026-07-22T21:19:14.212896+00:00,US,SEC,8-K,,,,8-K - Pearl Diver Credit Co Inc. (0001998043) (Filer),https://www.sec.gov/Archives/edgar/data/1998043/000121465926008835/0001214659-26-008835-index.htm
2026-07-22T21:19:14.212925+00:00,US,SEC,8-K,,,,8-K - Public Storage (0001393311) (Filer),https://www.sec.gov/Archives/edgar/data/1393311/000119312526312563/0001193125-26-312563-index.htm
2026-07-22T21:19:14.212932+00:00,US,SEC,8-K,,,,8-K - BIOLIFE SOLUTIONS INC (0000834365) (Filer),https://www.sec.gov/Archives/edgar/data/834365/000162828026049232/0001628280-26-049232-index.htm
2026-07-22T21:19:14.212944+00:00,US,SEC,8-K,,,,"8-K - RESOURCES CONNECTION, INC. (0001084765) (Filer)",https://www.sec.gov/Archives/edgar/data/1084765/000108476526000047/0001084765-26-000047-index.htm
2026-07-22T21:19:14.212970+00:00,US,SEC,8-K,,,,"8-K - Artiva Biotherapeutics, Inc. (0001817241) (Filer)",https://www.sec.gov/Archives/edgar/data/1817241/000119312526312560/0001193125-26-312560-index.htm
2026-07-22T21:19:14.212975+00:00,US,SEC,8-K,,,,8-K - Sound Point Direct Lending BDC (0002061174) (Filer),https://www.sec.gov/Archives/edgar/data/2061174/000182912626007755/0001829126-26-007755-index.htm
2026-07-22T21:19:14.212984+00:00,US,SEC,8-K,,,,"8-K - PENSKE AUTOMOTIVE GROUP, INC. (0001019849) (Filer)",https://www.sec.gov/Archives/edgar/data/1019849/000162828026049230/0001628280-26-049230-index.htm
2026-07-22T21:19:14.212988+00:00,US,SEC,8-K,,,,"8-K - American Clean Resources Group, Inc. (0000773717) (Filer)",https://www.sec.gov/Archives/edgar/data/773717/000121390026080460/0001213900-26-080460-index.htm
2026-07-22T21:19:14.213002+00:00,US,SEC,8-K,,,,8-K - National Storage Affiliates Trust (0001618563) (Filer),https://www.sec.gov/Archives/edgar/data/1618563/000110465926085888/0001104659-26-085888-index.htm
2026-07-22T20:01:10.826494+00:00,US,SEC,8-K,,,,8-K - UFP INDUSTRIES INC (0000912767) (Filer),https://www.sec.gov/Archives/edgar/data/912767/000091276726000039/0000912767-26-000039-index.htm
2026-07-22T20:01:10.826522+00:00,US,SEC,8-K,,,,"8-K - Princeton Bancorp, Inc. (0001913971) (Filer)",https://www.sec.gov/Archives/edgar/data/1913971/000119312526312374/0001193125-26-312374-index.htm
2026-07-22T20:01:10.826581+00:00,US,SEC,8-K,,,,8-K - SLM Student Loan Trust 2005-5 (0001330979) (Filer),https://www.sec.gov/Archives/edgar/data/1330979/000114036126029258/0001140361-26-029258-index.htm
2026-07-22T18:46:52.767420+00:00,US,SEC,8-K,,,,8-K - GREENE COUNTY BANCORP INC (0001070524) (Filer),https://www.sec.gov/Archives/edgar/data/1070524/000114036126029241/0001140361-26-029241-index.htm
2026-07-22T12:24:45.097480+00:00,US,SEC,8-K,,,,8-K - LCI INDUSTRIES (0000763744) (Filer),https://www.sec.gov/Archives/edgar/data/763744/000076374426000067/0000763744-26-000067-index.htm
2026-07-22T12:24:45.097513+00:00,US,SEC,8-K,,,,8-K - LB PHARMACEUTICALS INC (0001691082) (Filer),https://www.sec.gov/Archives/edgar/data/1691082/000119312526311357/0001193125-26-311357-index.htm
2026-07-22T12:24:45.097519+00:00,US,SEC,8-K,,,,"8-K - Galaxy Gaming, Inc. (0000013156) (Filer)",https://www.sec.gov/Archives/edgar/data/13156/000119312526311356/0001193125-26-311356-index.htm
2026-07-22T12:24:45.097525+00:00,US,SEC,8-K,,,,8-K - NORWOOD FINANCIAL CORP (0001013272) (Filer),https://www.sec.gov/Archives/edgar/data/1013272/000101327226000012/0001013272-26-000012-index.htm
2026-07-22T12:24:45.097530+00:00,US,SEC,8-K,,,,8-K - Worksport Ltd (0001096275) (Filer),https://www.sec.gov/Archives/edgar/data/1096275/000149315226034179/0001493152-26-034179-index.htm
2026-07-22T12:24:45.097534+00:00,US,SEC,8-K,,,,8-K - FARMERS NATIONAL BANC CORP /OH/ (0000709337) (Filer),https://www.sec.gov/Archives/edgar/data/709337/000143774926024042/0001437749-26-024042-index.htm
2026-07-22T12:24:45.097543+00:00,US,SEC,8-K,,,,"8-K - Inspire Medical Systems, Inc. (0001609550) (Filer)",https://www.sec.gov/Archives/edgar/data/1609550/000160955026000038/0001609550-26-000038-index.htm
2026-07-22T12:24:45.097568+00:00,US,SEC,8-K,,,,8-K - ORRSTOWN FINANCIAL SERVICES INC (0000826154) (Filer),https://www.sec.gov/Archives/edgar/data/826154/000162828026049110/0001628280-26-049110-index.htm
2026-07-22T12:24:45.097580+00:00,US,SEC,8-K,,,,8-K - Monopar Therapeutics (0001645469) (Filer),https://www.sec.gov/Archives/edgar/data/1645469/000143774926024041/0001437749-26-024041-index.htm
2026-07-22T12:24:45.097584+00:00,US,SEC,8-K,,,,8-K - Galaxy Digital Inc. (0001859392) (Filer),https://www.sec.gov/Archives/edgar/data/1859392/000185939226000068/0001859392-26-000068-index.htm
2026-07-22T12:24:45.097598+00:00,US,SEC,8-K,,,,"8-K - FirstCash Holdings, Inc. (0000840489) (Filer)",https://www.sec.gov/Archives/edgar/data/840489/000084048926000080/0000840489-26-000080-index.htm
2026-07-22T12:24:45.097602+00:00,US,SEC,8-K,,,,8-K - Prairie Operating Co. (0001162896) (Filer),https://www.sec.gov/Archives/edgar/data/1162896/000114036126029210/0001140361-26-029210-index.htm
2026-07-22T12:24:45.097613+00:00,US,SEC,8-K,,,,8-K - PULTEGROUP INC/MI/ (0000822416) (Filer),https://www.sec.gov/Archives/edgar/data/822416/000082241626000034/0000822416-26-000034-index.htm
2026-07-22T12:24:45.097617+00:00,US,SEC,8-K,,,,8-K - Atlantic Union Bankshares Corp (0000883948) (Filer),https://www.sec.gov/Archives/edgar/data/883948/000110465926085612/0001104659-26-085612-index.htm
2026-07-22T10:54:12.590974+00:00,US,SEC,8-K,,,,8-K - NORTHERN TRUST CORP (0000073124) (Filer),https://www.sec.gov/Archives/edgar/data/73124/000007312426000043/0000073124-26-000043-index.htm
2026-07-22T10:54:12.590996+00:00,US,SEC,8-K,,,,8-K - RPM INTERNATIONAL INC/DE/ (0000110621) (Filer),https://www.sec.gov/Archives/edgar/data/110621/000119312526311276/0001193125-26-311276-index.htm
2026-07-22T10:54:12.591002+00:00,US,SEC,8-K,,,,"8-K - BankUnited, Inc. (0001504008) (Filer)",https://www.sec.gov/Archives/edgar/data/1504008/000150400826000076/0001504008-26-000076-index.htm
2026-07-22T10:54:12.591009+00:00,US,SEC,8-K,,,,8-K - TE Connectivity plc (0001385157) (Filer),https://www.sec.gov/Archives/edgar/data/1385157/000110465926085589/0001104659-26-085589-index.htm
2026-07-22T10:54:12.591013+00:00,US,SEC,8-K,,,,8-K - AT&T INC. (0000732717) (Filer),https://www.sec.gov/Archives/edgar/data/732717/000073271726000294/0000732717-26-000294-index.htm
2026-07-22T10:54:12.591017+00:00,US,SEC,8-K,,,,8-K - Travel & Leisure Co. (0001361658) (Filer),https://www.sec.gov/Archives/edgar/data/1361658/000136165826000050/0001361658-26-000050-index.htm
2026-07-22T10:54:12.591029+00:00,US,SEC,8-K,,,,8-K - GE Vernova Inc. (0001996810) (Filer),https://www.sec.gov/Archives/edgar/data/1996810/000199681026000147/0001996810-26-000147-index.htm
2026-07-22T10:54:12.591069+00:00,US,SEC,8-K,,,,8-K - CAL-MAINE FOODS INC (0000016160) (Filer),https://www.sec.gov/Archives/edgar/data/16160/000156276226000078/0001562762-26-000078-index.htm
2026-07-22T10:54:12.591080+00:00,US,SEC,8-K,,,,8-K - Otis Worldwide Corp (0001781335) (Filer),https://www.sec.gov/Archives/edgar/data/1781335/000178133526000110/0001781335-26-000110-index.htm
2026-07-21T19:47:14.534181+00:00,US,SEC,8-K,,,,8-K - Federal Home Loan Bank of New York (0001329842) (Filer),https://www.sec.gov/Archives/edgar/data/1329842/000165495426006778/0001654954-26-006778-index.htm
2026-07-21T18:02:53.574261+00:00,US,SEC,8-K,,,,"8-K - Picard Medical, Inc. (0002030617) (Filer)",https://www.sec.gov/Archives/edgar/data/2030617/000143774926023932/0001437749-26-023932-index.htm
2026-07-21T16:47:45.044335+00:00,US,SEC,8-K,,,,8-K - Federal Home Loan Bank of Atlanta (0001331465) (Filer),https://www.sec.gov/Archives/edgar/data/1331465/000133146526000130/0001331465-26-000130-index.htm
2026-07-21T15:14:56.728646+00:00,US,SEC,8-K,,,,8-K - PEOPLES BANCORP OF NORTH CAROLINA INC (0001093672) (Filer),https://www.sec.gov/Archives/edgar/data/1093672/000165495426006769/0001654954-26-006769-index.htm
2026-07-21T15:14:56.728696+00:00,US,SEC,8-K,,,,8-K - Flag Ship Acquisition Corp (0001850059) (Filer),https://www.sec.gov/Archives/edgar/data/1850059/000182912626007693/0001829126-26-007693-index.htm
2026-07-21T13:02:40.806278+00:00,US,SEC,8-K,,,,8-K - MERCANTILE BANK CORP (0001042729) (Filer),https://www.sec.gov/Archives/edgar/data/1042729/000143774926023919/0001437749-26-023919-index.htm
2026-07-21T13:02:40.806305+00:00,US,SEC,8-K,,,,8-K - FERRELLGAS PARTNERS FINANCE CORP (0001012493) (Filer),https://www.sec.gov/Archives/edgar/data/1012493/000110465926085245/0001104659-26-085245-index.htm
2026-07-21T13:02:40.806311+00:00,US,SEC,8-K,,,,8-K - FERRELLGAS FINANCE CORP (0000922360) (Filer),https://www.sec.gov/Archives/edgar/data/922360/000110465926085245/0001104659-26-085245-index.htm
2026-07-21T13:02:40.806316+00:00,US,SEC,8-K,,,,8-K - FERRELLGAS L P (0000922359) (Filer),https://www.sec.gov/Archives/edgar/data/922359/000110465926085245/0001104659-26-085245-index.htm
2026-07-21T13:02:40.806321+00:00,US,SEC,8-K,,,,8-K - FERRELLGAS PARTNERS L P (0000922358) (Filer),https://www.sec.gov/Archives/edgar/data/922358/000110465926085245/0001104659-26-085245-index.htm
2026-07-21T13:02:40.806341+00:00,US,SEC,8-K,,,,8-K - FORWARD AIR CORP (0000912728) (Filer),https://www.sec.gov/Archives/edgar/data/912728/000162828026048928/0001628280-26-048928-index.htm
2026-07-21T13:02:40.806362+00:00,US,SEC,8-K,,,,8-K - INTELLIGENT BIO SOLUTIONS INC. (0001725430) (Filer),https://www.sec.gov/Archives/edgar/data/1725430/000149315226034018/0001493152-26-034018-index.htm
2026-07-21T13:02:40.806366+00:00,US,SEC,8-K,,,,8-K - OFG BANCORP (0001030469) (Filer),https://www.sec.gov/Archives/edgar/data/1030469/000103046926000034/0001030469-26-000034-index.htm
2026-07-21T13:02:40.806370+00:00,US,SEC,8-K,,,,8-K - Change Agents Corporation. (0001630212) (Filer),https://www.sec.gov/Archives/edgar/data/1630212/000121390026079830/0001213900-26-079830-index.htm
2026-07-21T13:02:40.806377+00:00,US,SEC,8-K,,,,"8-K - Hercules Capital, Inc. (0001280784) (Filer)",https://www.sec.gov/Archives/edgar/data/1280784/000128078426000032/0001280784-26-000032-index.htm
2026-07-21T13:02:40.806405+00:00,US,SEC,8-K,,,,8-K - INNOVATIVE INDUSTRIAL PROPERTIES INC (0001677576) (Filer),https://www.sec.gov/Archives/edgar/data/1677576/000110465926085238/0001104659-26-085238-index.htm
2026-07-21T11:30:51.393298+00:00,US,SEC,8-K,,,,"8-K - Nauticus Robotics, Inc. (0001849820) (Filer)",https://www.sec.gov/Archives/edgar/data/1849820/000184982026000113/0001849820-26-000113-index.htm
2026-07-21T11:30:51.393323+00:00,US,SEC,8-K,,,,8-K - Ally Financial Inc. (0000040729) (Filer),https://www.sec.gov/Archives/edgar/data/40729/000119312526309539/0001193125-26-309539-index.htm
2026-07-21T11:30:51.393329+00:00,US,SEC,8-K,,,,8-K - VICOR CORP (0000751978) (Filer),https://www.sec.gov/Archives/edgar/data/751978/000119312526309538/0001193125-26-309538-index.htm
2026-07-21T11:30:51.393343+00:00,US,SEC,8-K,,,,"8-K - Zeo ScientifiX, Inc. (0001557376) (Filer)",https://www.sec.gov/Archives/edgar/data/1557376/000182912626007689/0001829126-26-007689-index.htm
2026-07-21T11:30:51.393348+00:00,US,SEC,8-K,,,,8-K - General Motors Co (0001467858) (Filer),https://www.sec.gov/Archives/edgar/data/1467858/000146785826000049/0001467858-26-000049-index.htm
2026-07-21T11:30:51.393358+00:00,US,SEC,8-K,,,,8-K - VALMONT INDUSTRIES INC (0000102729) (Filer),https://www.sec.gov/Archives/edgar/data/102729/000110465926085223/0001104659-26-085223-index.htm
2026-07-21T11:30:51.393362+00:00,US,SEC,8-K,,,,"8-K - Twenty One Capital, Inc. (0002070457) (Filer)",https://www.sec.gov/Archives/edgar/data/2070457/000121390026079805/0001213900-26-079805-index.htm
2026-07-21T11:30:51.393367+00:00,US,SEC,8-K,,,,8-K - Phio Pharmaceuticals Corp. (0001533040) (Filer),https://www.sec.gov/Archives/edgar/data/1533040/000143774926023916/0001437749-26-023916-index.htm
2026-07-21T11:30:51.393388+00:00,US,SEC,8-K,,,,"8-K - MARSH & MCLENNAN COMPANIES, INC. (0000062709) (Filer)",https://www.sec.gov/Archives/edgar/data/62709/000006270926000193/0000062709-26-000193-index.htm
2026-07-21T11:30:51.393402+00:00,US,SEC,8-K,,,,8-K - Atlantic Union Bankshares Corp (0000883948) (Filer),https://www.sec.gov/Archives/edgar/data/883948/000110465926085221/0001104659-26-085221-index.htm
2026-07-21T11:30:51.393406+00:00,US,SEC,8-K,,,,8-K - WILLIS LEASE FINANCE CORP (0001018164) (Filer),https://www.sec.gov/Archives/edgar/data/1018164/000101816426000061/0001018164-26-000061-index.htm
2026-07-21T11:30:51.393413+00:00,US,SEC,8-K,,,,8-K - HALLIBURTON CO (0000045012) (Filer),https://www.sec.gov/Archives/edgar/data/45012/000004501226000057/0000045012-26-000057-index.htm
2026-07-21T11:30:51.393417+00:00,US,SEC,8-K,,,,8-K - MSCI Inc. (0001408198) (Filer),https://www.sec.gov/Archives/edgar/data/1408198/000140819826000044/0001408198-26-000044-index.htm
2026-07-21T11:30:51.393424+00:00,US,SEC,8-K,,,,8-K - NORTHROP GRUMMAN CORP /DE/ (0001133421) (Filer),https://www.sec.gov/Archives/edgar/data/1133421/000113342126000033/0001133421-26-000033-index.htm
2026-07-20T21:30:32.203119+00:00,US,SEC,8-K,,,,8-K - NEOGENOMICS INC (0001077183) (Filer),https://www.sec.gov/Archives/edgar/data/1077183/000107718326000045/0001077183-26-000045-index.htm
2026-07-20T21:30:32.203137+00:00,US,SEC,8-K,,,,"8-K - Personalis, Inc. (0001527753) (Filer)",https://www.sec.gov/Archives/edgar/data/1527753/000119312526309101/0001193125-26-309101-index.htm
2026-07-20T20:07:46.757975+00:00,US,SEC,8-K,,,,8-K - AGNC Investment Corp. (0001423689) (Filer),https://www.sec.gov/Archives/edgar/data/1423689/000142368926000124/0001423689-26-000124-index.htm
2026-07-20T20:07:46.758010+00:00,US,SEC,8-K,,,,8-K - ELUTIA INC. (0001708527) (Filer),https://www.sec.gov/Archives/edgar/data/1708527/000110465926085061/0001104659-26-085061-index.htm
2026-07-20T20:07:46.758017+00:00,US,SEC,8-K,,,,8-K - Metropolitan Bank Holding Corp. (0001476034) (Filer),https://www.sec.gov/Archives/edgar/data/1476034/000110465926085060/0001104659-26-085060-index.htm
2026-07-20T20:07:46.758021+00:00,US,SEC,8-K,,,,"8-K - Healthcare Triangle, Inc. (0001839285) (Filer)",https://www.sec.gov/Archives/edgar/data/1839285/000121390026079616/0001213900-26-079616-index.htm
2026-07-20T20:07:46.758042+00:00,US,SEC,8-K,,,,"8-K - ZIONS BANCORPORATION, NATIONAL ASSOCIATION /UT/ (0000109380) (Filer)",https://www.sec.gov/Archives/edgar/data/109380/000010938026000103/0000109380-26-000103-index.htm
2026-07-20T20:07:46.758051+00:00,US,SEC,8-K,,,,"8-K - Wheeler Real Estate Investment Trust, Inc. (0001527541) (Filer)",https://www.sec.gov/Archives/edgar/data/1527541/000152754126000223/0001527541-26-000223-index.htm
2026-07-20T20:07:46.758057+00:00,US,SEC,8-K,,,,"8-K - TOMI Environmental Solutions, Inc. (0000314227) (Filer)",https://www.sec.gov/Archives/edgar/data/314227/000165495426006751/0001654954-26-006751-index.htm
2026-07-20T20:07:46.758064+00:00,US,SEC,8-K,,,,"8-K - Polomar Health Services, Inc. (0001265521) (Filer)",https://www.sec.gov/Archives/edgar/data/1265521/000149315226033906/0001493152-26-033906-index.htm
2026-07-20T20:07:46.758074+00:00,US,SEC,8-K,,,,"8-K - MultiSensor AI Holdings, Inc. (0001863990) (Filer)",https://www.sec.gov/Archives/edgar/data/1863990/000110465926085058/0001104659-26-085058-index.htm
2026-07-20T20:07:46.758078+00:00,US,SEC,8-K,,,,8-K - Maison Solutions Inc. (0001892292) (Filer),https://www.sec.gov/Archives/edgar/data/1892292/000121390026079613/0001213900-26-079613-index.htm
2026-07-20T20:07:46.758082+00:00,US,SEC,8-K,,,,"8-K - 60 DEGREES PHARMACEUTICALS, INC. (0001946563) (Filer)",https://www.sec.gov/Archives/edgar/data/1946563/000121390026079612/0001213900-26-079612-index.htm
2026-07-20T20:07:46.758091+00:00,US,SEC,8-K,,,,"8-K - MILLERKNOLL, INC. (0000066382) (Filer)",https://www.sec.gov/Archives/edgar/data/66382/000006638226000091/0000066382-26-000091-index.htm
2026-07-20T16:23:33.221154+00:00,US,SEC,8-K,,,,8-K - SLM Student Loan Trust 2006-7 (0001370218) (Filer),https://www.sec.gov/Archives/edgar/data/1370218/000114036126028922/0001140361-26-028922-index.htm
2026-07-20T12:31:19.940080+00:00,US,SEC,8-K,,,,"8-K - 4D Molecular Therapeutics, Inc. (0001650648) (Filer)",https://www.sec.gov/Archives/edgar/data/1650648/000119312526308409/0001193125-26-308409-index.htm
2026-07-20T12:31:19.940111+00:00,US,SEC,8-K,,,,8-K - Element Solutions Inc (0001590714) (Filer),https://www.sec.gov/Archives/edgar/data/1590714/000110465926084905/0001104659-26-084905-index.htm
2026-07-20T12:31:19.940137+00:00,US,SEC,8-K,,,,"8-K - Niki BioSolutions, Inc. (0001734005) (Filer)",https://www.sec.gov/Archives/edgar/data/1734005/000121390026079416/0001213900-26-079416-index.htm
2026-07-20T12:31:19.940142+00:00,US,SEC,8-K,,,,"8-K - Tenon Medical, Inc. (0001560293) (Filer)",https://www.sec.gov/Archives/edgar/data/1560293/000121390026079415/0001213900-26-079415-index.htm
2026-07-20T12:31:19.940161+00:00,US,SEC,8-K,,,,"8-K - Galaxy Gaming, Inc. (0000013156) (Filer)",https://www.sec.gov/Archives/edgar/data/13156/000119312526308385/0001193125-26-308385-index.htm
2026-07-20T12:31:19.940167+00:00,US,SEC,8-K,,,,8-K - GOLDMAN SACHS GROUP INC (0000886982) (Filer),https://www.sec.gov/Archives/edgar/data/886982/000119312526308384/0001193125-26-308384-index.htm
2026-07-20T12:31:19.940172+00:00,US,SEC,8-K,,,,"8-K - Kalaris Therapeutics, Inc. (0001754068) (Filer)",https://www.sec.gov/Archives/edgar/data/1754068/000119312526308382/0001193125-26-308382-index.htm
2026-07-20T10:24:39.028208+00:00,US,SEC,8-K,,,,"8-K - ROCKWELL MEDICAL, INC. (0001041024) (Filer)",https://www.sec.gov/Archives/edgar/data/1041024/000162828026048752/0001628280-26-048752-index.htm
2026-07-20T10:24:39.028227+00:00,US,SEC,8-K,,,,8-K - Blue Chip Capital Group Inc. (0001932213) (Filer),https://www.sec.gov/Archives/edgar/data/1932213/000149315226033836/0001493152-26-033836-index.htm
2026-07-20T10:24:39.028234+00:00,US,SEC,8-K,,,,"8-K - Data443 Risk Mitigation, Inc. (0001068689) (Filer)",https://www.sec.gov/Archives/edgar/data/1068689/000149315226033834/0001493152-26-033834-index.htm
2026-07-20T10:24:39.028276+00:00,US,SEC,8-K,,,,"8-K - Immix Biopharma, Inc. (0001873835) (Filer)",https://www.sec.gov/Archives/edgar/data/1873835/000149315226033829/0001493152-26-033829-index.htm
2026-07-20T10:24:39.028281+00:00,US,SEC,8-K,,,,8-K - DOMINOS PIZZA INC (0001286681) (Filer),https://www.sec.gov/Archives/edgar/data/1286681/000128668126000034/0001286681-26-000034-index.htm
2026-07-20T10:24:39.028302+00:00,US,SEC,8-K,,,,"8-K - Data443 Risk Mitigation, Inc. (0001068689) (Filer)",https://www.sec.gov/Archives/edgar/data/1068689/000149315226033828/0001493152-26-033828-index.htm
2026-07-17T21:30:39.118154+00:00,US,SEC,8-K,,,,"8-K - SOBR Safe, Inc. (0001425627) (Filer)",https://www.sec.gov/Archives/edgar/data/1425627/000147793226004383/0001477932-26-004383-index.htm
2026-07-17T21:30:39.118202+00:00,US,SEC,8-K,,,,"8-K - Exodus Movement, Inc. (0001821534) (Filer)",https://www.sec.gov/Archives/edgar/data/1821534/000119312526308023/0001193125-26-308023-index.htm
2026-07-17T21:30:39.118233+00:00,US,SEC,8-K,,,,"8-K - Digital Brands Group, Inc. (0001668010) (Filer)",https://www.sec.gov/Archives/edgar/data/1668010/000149315226033802/0001493152-26-033802-index.htm
2026-07-17T20:37:14.173573+00:00,US,SEC,8-K,,,,"8-K - ARTELO BIOSCIENCES, INC. (0001621221) (Filer)",https://www.sec.gov/Archives/edgar/data/1621221/000164033426001198/0001640334-26-001198-index.htm
2026-07-17T18:33:06.961382+00:00,US,SEC,8-K,,,,8-K - DAKTRONICS INC /SD/ (0000915779) (Filer),https://www.sec.gov/Archives/edgar/data/915779/000162828026048619/0001628280-26-048619-index.htm
2026-07-17T17:21:02.725651+00:00,US,SEC,8-K,,,,8-K - UNITED FIRE GROUP INC (0000101199) (Filer),https://www.sec.gov/Archives/edgar/data/101199/000010119926000044/0000101199-26-000044-index.htm
2026-07-17T17:21:02.725720+00:00,US,SEC,8-K,,,,"8-K - HINES GLOBAL INCOME TRUST, INC. (0001585101) (Filer)",https://www.sec.gov/Archives/edgar/data/1585101/000162828026048603/0001628280-26-048603-index.htm
2026-07-17T14:43:31.711420+00:00,US,SEC,8-K,,,,"8-K - ENNIS, INC. (0000033002) (Filer)",https://www.sec.gov/Archives/edgar/data/33002/000119312526307066/0001193125-26-307066-index.htm
2026-07-17T12:50:25.848283+00:00,US,SEC,8-K,,,,"8-K - VivoSim Labs, INC. (0001497253) (Filer)",https://www.sec.gov/Archives/edgar/data/1497253/000119312526306849/0001193125-26-306849-index.htm
2026-07-17T12:50:25.848332+00:00,US,SEC,8-K,,,,8-K - OPEN TEXT CORP (0001002638) (Filer),https://www.sec.gov/Archives/edgar/data/1002638/000100263826000058/0001002638-26-000058-index.htm
2026-07-17T12:50:25.848338+00:00,US,SEC,8-K,,,,8-K - MEDIFAST INC (0000910329) (Filer),https://www.sec.gov/Archives/edgar/data/910329/000162828026048574/0001628280-26-048574-index.htm
2026-07-17T11:44:57.036716+00:00,US,SEC,8-K,,,,8-K - FNB CORP/PA/ (0000037808) (Filer),https://www.sec.gov/Archives/edgar/data/37808/000003780826000023/0000037808-26-000023-index.htm
2026-07-17T11:44:57.036748+00:00,US,SEC,8-K,,,,"8-K - SOUTH PLAINS FINANCIAL, INC. (0001163668) (Filer)",https://www.sec.gov/Archives/edgar/data/1163668/000114036126028765/0001140361-26-028765-index.htm
2026-07-17T11:44:57.036763+00:00,US,SEC,8-K,,,,8-K - Uniti Group Inc. (0002020795) (Filer),https://www.sec.gov/Archives/edgar/data/2020795/000095010326010759/0000950103-26-010759-index.htm
2026-07-17T11:44:57.036776+00:00,US,SEC,8-K,,,,8-K - Solstice Advanced Materials Inc. (0002064953) (Filer),https://www.sec.gov/Archives/edgar/data/2064953/000206495326000081/0002064953-26-000081-index.htm
2026-07-17T11:44:57.036798+00:00,US,SEC,8-K,,,,"8-K - Kalaris Therapeutics, Inc. (0001754068) (Filer)",https://www.sec.gov/Archives/edgar/data/1754068/000119312526306737/0001193125-26-306737-index.htm
2026-07-17T11:44:57.036819+00:00,US,SEC,8-K,,,,"8-K - LISATA THERAPEUTICS, INC. (0000320017) (Filer)",https://www.sec.gov/Archives/edgar/data/320017/000114036126028763/0001140361-26-028763-index.htm
2026-07-17T10:17:31.895101+00:00,US,SEC,8-K,,,,8-K - AUTOLIV INC (0001034670) (Filer),https://www.sec.gov/Archives/edgar/data/1034670/000119312526306698/0001193125-26-306698-index.htm
2026-07-17T10:17:31.895155+00:00,US,SEC,8-K,,,,8-K - Tribeca Strategic Acquisition Corp. (0002094919) (Filer),https://www.sec.gov/Archives/edgar/data/2094919/000121390026078900/0001213900-26-078900-index.htm
2026-07-17T10:17:31.895201+00:00,US,SEC,8-K,,,,8-K - Artificial Intelligence Technology Solutions Inc. (0001498148) (Filer),https://www.sec.gov/Archives/edgar/data/1498148/000106299326003699/0001062993-26-003699-index.htm
2026-07-17T10:17:31.895216+00:00,US,SEC,8-K,,,,8-K - REGIONS FINANCIAL CORP (0001281761) (Filer),https://www.sec.gov/Archives/edgar/data/1281761/000128176126000050/0001281761-26-000050-index.htm
2026-07-17T10:17:31.895223+00:00,US,SEC,8-K,,,,8-K - Targa Resources Corp. (0001389170) (Filer),https://www.sec.gov/Archives/edgar/data/1389170/000119312526306591/0001193125-26-306591-index.htm
2026-07-16T21:13:12.675881+00:00,US,SEC,8-K,,,,8-K - HEICO CORP (0000046619) (Filer),https://www.sec.gov/Archives/edgar/data/46619/000121390026078776/0001213900-26-078776-index.htm
2026-07-16T21:13:12.675937+00:00,US,SEC,8-K,,,,"8-K - Our Bond, Inc. (0001756064) (Filer)",https://www.sec.gov/Archives/edgar/data/1756064/000149315226033572/0001493152-26-033572-index.htm
2026-07-16T20:02:16.125425+00:00,US,SEC,8-K,,,,8-K - Versus Systems Inc. (0001701963) (Filer),https://www.sec.gov/Archives/edgar/data/1701963/000121390026078691/0001213900-26-078691-index.htm
2026-07-16T17:50:11.138857+00:00,US,SEC,8-K,,,,8-K - WESTAMERICA BANCORPORATION (0000311094) (Filer),https://www.sec.gov/Archives/edgar/data/311094/000117184326004727/0001171843-26-004727-index.htm
2026-07-16T16:38:12.633430+00:00,US,SEC,8-K,,,,8-K - TriLinc Global Impact Fund LLC (0001550453) (Filer),https://www.sec.gov/Archives/edgar/data/1550453/000143774926023686/0001437749-26-023686-index.htm
2026-07-16T15:02:07.352505+00:00,US,SEC,8-K,,,,8-K - Federal Home Loan Bank of Indianapolis (0001331754) (Filer),https://www.sec.gov/Archives/edgar/data/1331754/000133175426000145/0001331754-26-000145-index.htm
2026-07-16T12:54:15.391041+00:00,US,SEC,8-K,,,,"8-K - BITMINE IMMERSION TECHNOLOGIES, INC. (0001829311) (Filer)",https://www.sec.gov/Archives/edgar/data/1829311/000149315226033460/0001493152-26-033460-index.htm
2026-07-16T12:54:15.391052+00:00,US,SEC,8-K,,,,8-K - Eightco Holdings Inc. (0001892492) (Filer),https://www.sec.gov/Archives/edgar/data/1892492/000149315226033459/0001493152-26-033459-index.htm
2026-07-16T12:54:15.391056+00:00,US,SEC,8-K,,,,"8-K - Purple Innovation, Inc. (0001643953) (Filer)",https://www.sec.gov/Archives/edgar/data/1643953/000121390026078509/0001213900-26-078509-index.htm
2026-07-16T12:54:15.391063+00:00,US,SEC,8-K,,,,"8-K - Cardiff Oncology, Inc. (0001213037) (Filer)",https://www.sec.gov/Archives/edgar/data/1213037/000119312526305467/0001193125-26-305467-index.htm
2026-07-16T12:54:15.391067+00:00,US,SEC,8-K,,,,"8-K - Gevo, Inc. (0001392380) (Filer)",https://www.sec.gov/Archives/edgar/data/1392380/000110465926084096/0001104659-26-084096-index.htm
2026-07-16T12:54:15.391071+00:00,US,SEC,8-K,,,,"8-K - Harmony Biosciences Holdings, Inc. (0001802665) (Filer)",https://www.sec.gov/Archives/edgar/data/1802665/000110465926084095/0001104659-26-084095-index.htm
2026-07-16T12:54:15.391077+00:00,US,SEC,8-K,,,,8-K - Sadot Group Inc. (0001701756) (Filer),https://www.sec.gov/Archives/edgar/data/1701756/000173112226000944/0001731122-26-000944-index.htm
2026-07-16T12:54:15.391082+00:00,US,SEC,8-K,,,,8-K - ETSY INC (0001370637) (Filer),https://www.sec.gov/Archives/edgar/data/1370637/000137063726000066/0001370637-26-000066-index.htm
2026-07-16T12:54:15.391084+00:00,US,SEC,8-K,,,,"8-K - Vivani Medical, Inc. (0001266806) (Filer)",https://www.sec.gov/Archives/edgar/data/1266806/000175392626001190/0001753926-26-001190-index.htm
2026-07-16T11:17:04.203921+00:00,US,SEC,8-K,,,,8-K - INSMED Inc (0001104506) (Filer),https://www.sec.gov/Archives/edgar/data/1104506/000114036126028602/0001140361-26-028602-index.htm
2026-07-16T11:17:04.203938+00:00,US,SEC,8-K,,,,"8-K - FirstCash Holdings, Inc. (0000840489) (Filer)",https://www.sec.gov/Archives/edgar/data/840489/000110465926084072/0001104659-26-084072-index.htm
2026-07-16T11:17:04.203949+00:00,US,SEC,8-K,,,,8-K - US BANCORP \DE\ (0000036104) (Filer),https://www.sec.gov/Archives/edgar/data/36104/000003610426000039/0000036104-26-000039-index.htm
2026-07-16T11:17:04.203967+00:00,US,SEC,8-K,,,,8-K - PJT Partners Inc. (0001626115) (Filer),https://www.sec.gov/Archives/edgar/data/1626115/000119312526305383/0001193125-26-305383-index.htm
2026-07-16T11:17:04.203989+00:00,US,SEC,8-K,,,,"8-K - Uber Technologies, Inc (0001543151) (Filer)",https://www.sec.gov/Archives/edgar/data/1543151/000155278126000382/0001552781-26-000382-index.htm
2026-07-16T11:17:04.203994+00:00,US,SEC,8-K,,,,8-K - GENERAL ELECTRIC CO (0000040545) (Filer),https://www.sec.gov/Archives/edgar/data/40545/000004054526000047/0000040545-26-000047-index.htm
2026-07-16T11:17:04.204003+00:00,US,SEC,8-K,,,,8-K - CITIZENS FINANCIAL GROUP INC/RI (0000759944) (Filer),https://www.sec.gov/Archives/edgar/data/759944/000075994426000133/0000759944-26-000133-index.htm
2026-07-16T11:17:04.204007+00:00,US,SEC,8-K,,,,8-K - INSTEEL INDUSTRIES INC (0000764401) (Filer),https://www.sec.gov/Archives/edgar/data/764401/000143774926023670/0001437749-26-023670-index.htm
2026-07-16T11:17:04.204031+00:00,US,SEC,8-K,,,,8-K - Snowflake Inc. (0001640147) (Filer),https://www.sec.gov/Archives/edgar/data/1640147/000162828026048373/0001628280-26-048373-index.htm
2026-07-15T21:42:00.726826+00:00,US,SEC,8-K,,,,8-K - SBA COMMUNICATIONS CORP (0001034054) (Filer),https://www.sec.gov/Archives/edgar/data/1034054/000119312526304972/0001193125-26-304972-index.htm
2026-07-15T21:42:00.726848+00:00,US,SEC,8-K,,,,"8-K - GameSquare Holdings, Inc. (0001714562) (Filer)",https://www.sec.gov/Archives/edgar/data/1714562/000149315226033404/0001493152-26-033404-index.htm
2026-07-15T21:42:00.726888+00:00,US,SEC,8-K,,,,"8-K - Skyward Specialty Insurance Group, Inc. (0001519449) (Filer)",https://www.sec.gov/Archives/edgar/data/1519449/000151944926000044/0001519449-26-000044-index.htm
2026-07-15T19:48:23.318846+00:00,US,SEC,8-K,,,,8-K - SRX Global Inc. (0001471727) (Filer),https://www.sec.gov/Archives/edgar/data/1471727/000149315226033350/0001493152-26-033350-index.htm
2026-07-15T19:48:23.318921+00:00,US,SEC,8-K,,,,8-K - JONES SODA CO. (0001083522) (Filer),https://www.sec.gov/Archives/edgar/data/1083522/000149315226033347/0001493152-26-033347-index.htm
2026-07-15T15:54:09.865001+00:00,US,SEC,8-K,,,,8-K - BMO 2023-5C2 Mortgage Trust (0001994754) (Filer),https://www.sec.gov/Archives/edgar/data/1994754/000188852426012529/0001888524-26-012529-index.htm
2026-07-15T12:14:53.250541+00:00,US,SEC,8-K,,,,8-K - Genasys Inc. (0000924383) (Filer),https://www.sec.gov/Archives/edgar/data/924383/000119312526304084/0001193125-26-304084-index.htm
2026-07-15T12:14:53.250577+00:00,US,SEC,8-K,,,,8-K - Profound Medical Corp. (0001628808) (Filer),https://www.sec.gov/Archives/edgar/data/1628808/000117184326004654/0001171843-26-004654-index.htm
2026-07-15T12:14:53.250606+00:00,US,SEC,8-K,,,,8-K - MORGAN STANLEY (0000895421) (Filer),https://www.sec.gov/Archives/edgar/data/895421/000089542126000207/0000895421-26-000207-index.htm
2026-07-15T12:14:53.250615+00:00,US,SEC,8-K,,,,8-K - JOHNSON & JOHNSON (0000200406) (Filer),https://www.sec.gov/Archives/edgar/data/200406/000020040626000146/0000200406-26-000146-index.htm
2026-07-15T12:14:53.250646+00:00,US,SEC,8-K,,,,8-K - CONAGRA BRANDS INC. (0000023217) (Filer),https://www.sec.gov/Archives/edgar/data/23217/000002321726000022/0000023217-26-000022-index.htm
2026-07-15T10:50:54.023221+00:00,US,SEC,8-K,,,,"8-K - SMITH & WESSON BRANDS, INC. (0001092796) (Filer)",https://www.sec.gov/Archives/edgar/data/1092796/000119312526304020/0001193125-26-304020-index.htm
2026-07-15T10:50:54.023296+00:00,US,SEC,8-K,,,,"8-K - PNC FINANCIAL SERVICES GROUP, INC. (0000713676) (Filer)",https://www.sec.gov/Archives/edgar/data/713676/000162828026048244/0001628280-26-048244-index.htm
2026-07-15T10:50:54.023307+00:00,US,SEC,8-K,,,,"8-K - BlackRock, Inc. (0002012383) (Filer)",https://www.sec.gov/Archives/edgar/data/2012383/000119312526304013/0001193125-26-304013-index.htm
2026-07-15T10:50:54.023314+00:00,US,SEC,8-K,,,,8-K - FIRST HORIZON CORP (0000036966) (Filer),https://www.sec.gov/Archives/edgar/data/36966/000003696626000143/0000036966-26-000143-index.htm
2026-07-15T10:50:54.023321+00:00,US,SEC,8-K,,,,8-K - Bank of New York Mellon Corp (0001390777) (Filer),https://www.sec.gov/Archives/edgar/data/1390777/000139077726000071/0001390777-26-000071-index.htm
2026-07-14T21:36:16.666996+00:00,US,SEC,8-K,,,,"8-K - Laird Superfood, Inc. (0001650696) (Filer)",https://www.sec.gov/Archives/edgar/data/1650696/000143774926023571/0001437749-26-023571-index.htm
2026-07-14T21:36:16.667012+00:00,US,SEC,8-K,,,,8-K - Viking Acquisition Corp. II (0002139246) (Filer),https://www.sec.gov/Archives/edgar/data/2139246/000118518526002966/0001185185-26-002966-index.htm
2026-07-14T21:36:16.667035+00:00,US,SEC,8-K,,,,8-K - Vistra Corp. (0001692819) (Filer),https://www.sec.gov/Archives/edgar/data/1692819/000114036126028454/0001140361-26-028454-index.htm
2026-07-14T21:36:16.667042+00:00,US,SEC,8-K,,,,8-K - Talen Energy Corp (0001622536) (Filer),https://www.sec.gov/Archives/edgar/data/1622536/000162253626000058/0001622536-26-000058-index.htm
2026-07-14T20:37:41.207556+00:00,US,SEC,8-K,,,,8-K - AUTOZONE INC (0000866787) (Filer),https://www.sec.gov/Archives/edgar/data/866787/000110465926083528/0001104659-26-083528-index.htm
2026-07-14T20:37:41.207607+00:00,US,SEC,8-K,,,,"8-K - Cheniere Energy, Inc. (0000003570) (Filer)",https://www.sec.gov/Archives/edgar/data/3570/000000357026000023/0000003570-26-000023-index.htm
2026-07-14T20:37:41.207624+00:00,US,SEC,8-K,,,,8-K - Elite Express Holding Inc. (0002053641) (Filer),https://www.sec.gov/Archives/edgar/data/2053641/000110465926083527/0001104659-26-083527-index.htm
2026-07-14T19:20:19.318316+00:00,US,SEC,8-K,,,,"8-K - CONSUMER PORTFOLIO SERVICES, INC. (0000889609) (Filer)",https://www.sec.gov/Archives/edgar/data/889609/000168316826005511/0001683168-26-005511-index.htm
2026-07-14T17:50:45.763706+00:00,US,SEC,8-K,,,,8-K - F&M BANK CORP (0000740806) (Filer),https://www.sec.gov/Archives/edgar/data/740806/000165495426006649/0001654954-26-006649-index.htm
2026-07-14T17:50:45.763722+00:00,US,SEC,8-K,,,,8-K - OHIO VALLEY BANC CORP (0000894671) (Filer),https://www.sec.gov/Archives/edgar/data/894671/000089467126000041/0000894671-26-000041-index.htm
2026-07-14T17:50:45.763763+00:00,US,SEC,8-K,,,,"8-K - Cottonwood Communities, Inc. (0001692951) (Filer)",https://www.sec.gov/Archives/edgar/data/1692951/000169295126000117/0001692951-26-000117-index.htm
2026-07-14T16:40:14.648142+00:00,US,SEC,8-K,,,,8-K - Federal Home Loan Bank of Des Moines (0001325814) (Filer),https://www.sec.gov/Archives/edgar/data/1325814/000132581426000108/0001325814-26-000108-index.htm
2026-07-14T13:44:38.830321+00:00,US,SEC,8-K,,,,"8-K - Catalyst Bancorp, Inc. (0001849867) (Filer)",https://www.sec.gov/Archives/edgar/data/1849867/000184986726000014/0001849867-26-000014-index.htm
2026-07-14T13:44:38.830358+00:00,US,SEC,8-K,,,,8-K - CITIGROUP INC (0000831001) (Filer),https://www.sec.gov/Archives/edgar/data/831001/000110465926083383/0001104659-26-083383-index.htm
2026-07-14T11:53:54.632161+00:00,US,SEC,8-K,,,,"8-K - Valion Bio, Inc. (0001787740) (Filer)",https://www.sec.gov/Archives/edgar/data/1787740/000168316826005497/0001683168-26-005497-index.htm
2026-07-14T11:53:54.632184+00:00,US,SEC,8-K,,,,"8-K - HCA Healthcare, Inc. (0000860730) (Filer)",https://www.sec.gov/Archives/edgar/data/860730/000119312526302539/0001193125-26-302539-index.htm
2026-07-14T11:53:54.632201+00:00,US,SEC,8-K,,,,"8-K - BREAD FINANCIAL HOLDINGS, INC. (0001101215) (Filer)",https://www.sec.gov/Archives/edgar/data/1101215/000110121526000065/0001101215-26-000065-index.htm
2026-07-14T11:53:54.632206+00:00,US,SEC,8-K,,,,"8-K - Lulu's Fashion Lounge Holdings, Inc. (0001780201) (Filer)",https://www.sec.gov/Archives/edgar/data/1780201/000110465926083337/0001104659-26-083337-index.htm
2026-07-14T11:53:54.632211+00:00,US,SEC,8-K,,,,8-K - ANGIODYNAMICS INC (0001275187) (Filer),https://www.sec.gov/Archives/edgar/data/1275187/000114036126028368/0001140361-26-028368-index.htm
2026-07-14T11:53:54.632216+00:00,US,SEC,8-K,,,,8-K - GOLDMAN SACHS GROUP INC (0000886982) (Filer),https://www.sec.gov/Archives/edgar/data/886982/000088698226000294/0000886982-26-000294-index.htm
2026-07-14T11:53:54.632227+00:00,US,SEC,8-K,,,,"8-K - Soluna Holdings, Inc (0000064463) (Filer)",https://www.sec.gov/Archives/edgar/data/64463/000149315226033111/0001493152-26-033111-index.htm
2026-07-14T11:53:54.632257+00:00,US,SEC,8-K,,,,8-K - ADI GLOBAL DISTRIBUTION INC. (0002105139) (Filer),https://www.sec.gov/Archives/edgar/data/2105139/000121390026077774/0001213900-26-077774-index.htm
2026-07-14T11:53:54.632268+00:00,US,SEC,8-K,,,,8-K - INTERNATIONAL BUSINESS MACHINES CORP (0000051143) (Filer),https://www.sec.gov/Archives/edgar/data/51143/000005114326000070/0000051143-26-000070-index.htm
2026-07-14T11:53:54.632273+00:00,US,SEC,8-K,,,,"8-K - NextCure, Inc. (0001661059) (Filer)",https://www.sec.gov/Archives/edgar/data/1661059/000110465926083326/0001104659-26-083326-index.htm
2026-07-14T11:53:54.632277+00:00,US,SEC,8-K,,,,8-K - D-Wave Quantum Inc. (0001907982) (Filer),https://www.sec.gov/Archives/edgar/data/1907982/000190798226000099/0001907982-26-000099-index.htm
2026-07-14T10:23:23.934010+00:00,US,SEC,8-K,,,,"8-K - CLEANSPARK, INC. (0000827876) (Filer)",https://www.sec.gov/Archives/edgar/data/827876/000119312526302448/0001193125-26-302448-index.htm
2026-07-14T10:23:23.934042+00:00,US,SEC,8-K,,,,"8-K - Alto Neuroscience, Inc. (0001999480) (Filer)",https://www.sec.gov/Archives/edgar/data/1999480/000110465926083274/0001104659-26-083274-index.htm
2026-07-13T21:38:48.607075+00:00,US,SEC,8-K,,,,8-K - Eagle Point Credit Co (0001604174) (Filer),https://www.sec.gov/Archives/edgar/data/1604174/000110465926083170/0001104659-26-083170-index.htm
2026-07-13T21:38:48.607102+00:00,US,SEC,8-K,,,,8-K - SC II Acquisition Corp. (0002076739) (Filer),https://www.sec.gov/Archives/edgar/data/2076739/000121390026077669/0001213900-26-077669-index.htm
2026-07-13T21:38:48.607109+00:00,US,SEC,8-K,,,,8-K - Eagle Point Income Co Inc. (0001754836) (Filer),https://www.sec.gov/Archives/edgar/data/1754836/000110465926083169/0001104659-26-083169-index.htm
2026-07-13T21:38:48.607135+00:00,US,SEC,8-K,,,,8-K - Rithm Property Trust Inc. (0001614806) (Filer),https://www.sec.gov/Archives/edgar/data/1614806/000110465926083167/0001104659-26-083167-index.htm
2026-07-13T19:44:27.098961+00:00,US,SEC,8-K,,,,8-K - SOLITRON DEVICES INC (0000091668) (Filer),https://www.sec.gov/Archives/edgar/data/91668/000143774926023424/0001437749-26-023424-index.htm
2026-07-13T13:33:23.923789+00:00,US,SEC,8-K,,,,"8-K - Twin Vee PowerCats, Co. (0001855509) (Filer)",https://www.sec.gov/Archives/edgar/data/1855509/000173112226000931/0001731122-26-000931-index.htm
2026-07-13T13:33:23.923823+00:00,US,SEC,8-K,,,,8-K - TACTILE SYSTEMS TECHNOLOGY INC (0001027838) (Filer),https://www.sec.gov/Archives/edgar/data/1027838/000110465926082947/0001104659-26-082947-index.htm
2026-07-13T13:33:23.923851+00:00,US,SEC,8-K,,,,"8-K - WILLIAMS COMPANIES, INC. (0000107263) (Filer)",https://www.sec.gov/Archives/edgar/data/107263/000119312526301533/0001193125-26-301533-index.htm
2026-07-13T13:33:23.923872+00:00,US,SEC,8-K,,,,8-K - Calisa Acquisition Corp (0002026767) (Filer),https://www.sec.gov/Archives/edgar/data/2026767/000149315226032967/0001493152-26-032967-index.htm
2026-07-13T13:33:23.923883+00:00,US,SEC,8-K,,,,8-K - Fermi Inc. (0002071778) (Filer),https://www.sec.gov/Archives/edgar/data/2071778/000121390026077385/0001213900-26-077385-index.htm
2026-07-13T11:22:56.604855+00:00,US,SEC,8-K,,,,8-K - PLUG POWER INC (0001093691) (Filer),https://www.sec.gov/Archives/edgar/data/1093691/000110465926082854/0001104659-26-082854-index.htm
2026-07-13T11:22:56.604872+00:00,US,SEC,8-K,,,,"8-K - FIRST HAWAIIAN, INC. (0000036377) (Filer)",https://www.sec.gov/Archives/edgar/data/36377/000110465926082853/0001104659-26-082853-index.htm
2026-07-13T11:22:56.604879+00:00,US,SEC,8-K,,,,"8-K - RESIDEO TECHNOLOGIES, INC. (0001740332) (Filer)",https://www.sec.gov/Archives/edgar/data/1740332/000121390026077351/0001213900-26-077351-index.htm
2026-07-13T11:22:56.604894+00:00,US,SEC,8-K,,,,8-K - TRICO BANCSHARES / (0000356171) (Filer),https://www.sec.gov/Archives/edgar/data/356171/000110465926082851/0001104659-26-082851-index.htm
2026-07-13T11:22:56.604900+00:00,US,SEC,8-K,,,,"8-K - Armata Pharmaceuticals, Inc. (0000921114) (Filer)",https://www.sec.gov/Archives/edgar/data/921114/000110465926082850/0001104659-26-082850-index.htm
2026-07-13T11:22:56.604906+00:00,US,SEC,8-K,,,,8-K - Q32 Bio Inc. (0001661998) (Filer),https://www.sec.gov/Archives/edgar/data/1661998/000119312526301464/0001193125-26-301464-index.htm
2026-07-13T11:22:56.604942+00:00,US,SEC,8-K,,,,8-K - Tonix Pharmaceuticals Holding Corp. (0001430306) (Filer),https://www.sec.gov/Archives/edgar/data/1430306/000149315226032925/0001493152-26-032925-index.htm
2026-07-10T20:54:50.240917+00:00,US,SEC,8-K,,,,8-K - Sunshine Biopharma Inc. (0001402328) (Filer),https://www.sec.gov/Archives/edgar/data/1402328/000168316826005458/0001683168-26-005458-index.htm
2026-07-10T20:54:50.240948+00:00,US,SEC,8-K,,,,"8-K - Concentra Group Holdings Parent, Inc. (0002014596) (Filer)",https://www.sec.gov/Archives/edgar/data/2014596/000201459626000047/0002014596-26-000047-index.htm
2026-07-10T20:54:50.240961+00:00,US,SEC,8-K,,,,8-K - NXG Cushing Midstream Energy Fund (0001400897) (Filer),https://www.sec.gov/Archives/edgar/data/1400897/000139834426012082/0001398344-26-012082-index.htm
2026-07-10T20:54:50.240977+00:00,US,SEC,8-K,,,,8-K - SRX Global Inc. (0001471727) (Filer),https://www.sec.gov/Archives/edgar/data/1471727/000149315226032864/0001493152-26-032864-index.htm
2026-07-10T20:54:50.240982+00:00,US,SEC,8-K,,,,8-K - Viking Acquisition Corp. II (0002139246) (Filer),https://www.sec.gov/Archives/edgar/data/2139246/000121390026077201/0001213900-26-077201-index.htm
2026-07-10T11:36:14.920662+00:00,US,SEC,8-K,,,,8-K - LABCORP HOLDINGS INC. (0000920148) (Filer),https://www.sec.gov/Archives/edgar/data/920148/000092014826000157/0000920148-26-000157-index.htm
2026-07-10T11:36:14.920703+00:00,US,SEC,8-K,,,,"8-K - Neuraxis, INC (0001933567) (Filer)",https://www.sec.gov/Archives/edgar/data/1933567/000149315226032769/0001493152-26-032769-index.htm
2026-07-10T11:36:14.920710+00:00,US,SEC,8-K,,,,8-K - RANGE RESOURCES CORP (0000315852) (Filer),https://www.sec.gov/Archives/edgar/data/315852/000031585226000015/0000315852-26-000015-index.htm
2026-07-09T20:27:19.753986+00:00,US,SEC,8-K,,,,"8-K - Eos Energy Enterprises, Inc. (0001805077) (Filer)",https://www.sec.gov/Archives/edgar/data/1805077/000162828026047796/0001628280-26-047796-index.htm
2026-07-09T16:45:25.675677+00:00,US,SEC,8-K,,,,8-K - Federal Home Loan Bank of Cincinnati (0001326771) (Filer),https://www.sec.gov/Archives/edgar/data/1326771/000132677126000111/0001326771-26-000111-index.htm
2026-07-09T14:15:42.022430+00:00,US,SEC,8-K,,,,8-K - Federal Home Loan Bank of Dallas (0001331757) (Filer),https://www.sec.gov/Archives/edgar/data/1331757/000133175726000124/0001331757-26-000124-index.htm
2026-07-09T11:39:19.576526+00:00,US,SEC,8-K,,,,8-K - Enovix Corp (0001828318) (Filer),https://www.sec.gov/Archives/edgar/data/1828318/000182831826000050/0001828318-26-000050-index.htm
2026-07-09T11:39:19.576562+00:00,US,SEC,8-K,,,,"8-K - ConnectOne Bancorp, Inc. (0000712771) (Filer)",https://www.sec.gov/Archives/edgar/data/712771/000143774926023097/0001437749-26-023097-index.htm
2026-07-09T11:39:19.576594+00:00,US,SEC,8-K,,,,8-K - Simply Good Foods Co (0001702744) (Filer),https://www.sec.gov/Archives/edgar/data/1702744/000170274426000021/0001702744-26-000021-index.htm
2026-07-09T11:39:19.576600+00:00,US,SEC,8-K,,,,8-K - UNITED NATURAL FOODS INC (0001020859) (Filer),https://www.sec.gov/Archives/edgar/data/1020859/000102085926000020/0001020859-26-000020-index.htm
2026-07-08T21:20:25.280134+00:00,US,SEC,8-K,,,,8-K - CHARLES & COLVARD LTD (0001015155) (Filer),https://www.sec.gov/Archives/edgar/data/1015155/000110465926081852/0001104659-26-081852-index.htm
2026-07-08T20:03:43.978896+00:00,US,SEC,8-K,,,,"8-K - Spectral AI, Inc. (0001833498) (Filer)",https://www.sec.gov/Archives/edgar/data/1833498/000121390026076349/0001213900-26-076349-index.htm
2026-07-08T20:03:43.978918+00:00,US,SEC,8-K,,,,"8-K - MSP Recovery, Inc. (0001802450) (Filer)",https://www.sec.gov/Archives/edgar/data/1802450/000121390026076348/0001213900-26-076348-index.htm
2026-07-08T12:54:33.703320+00:00,US,SEC,8-K,,,,"8-K - Onfolio Holdings, Inc (0001825452) (Filer)",https://www.sec.gov/Archives/edgar/data/1825452/000165495426006537/0001654954-26-006537-index.htm
2026-07-08T12:54:33.703379+00:00,US,SEC,8-K,,,,8-K - Fusemachines Inc. (0002033383) (Filer),https://www.sec.gov/Archives/edgar/data/2033383/000149315226032415/0001493152-26-032415-index.htm
2026-07-08T12:54:33.703401+00:00,US,SEC,8-K,,,,"8-K - Esperion Therapeutics, Inc. (0001434868) (Filer)",https://www.sec.gov/Archives/edgar/data/1434868/000110465926081588/0001104659-26-081588-index.htm
2026-07-08T12:54:33.703408+00:00,US,SEC,8-K,,,,8-K - GMR Solutions Inc. (0001898718) (Filer),https://www.sec.gov/Archives/edgar/data/1898718/000110465926081586/0001104659-26-081586-index.htm
2026-07-08T11:14:19.620361+00:00,US,SEC,8-K,,,,8-K - SONO TEK CORP (0000806172) (Filer),https://www.sec.gov/Archives/edgar/data/806172/000117152026000166/0001171520-26-000166-index.htm
2026-07-08T11:14:19.620379+00:00,US,SEC,8-K,,,,"8-K - Moderna, Inc. (0001682852) (Filer)",https://www.sec.gov/Archives/edgar/data/1682852/000168285226000134/0001682852-26-000134-index.htm
2026-07-08T11:14:19.620387+00:00,US,SEC,8-K,,,,8-K - Palladyne AI Corp. (0001826681) (Filer),https://www.sec.gov/Archives/edgar/data/1826681/000119312526297985/0001193125-26-297985-index.htm
2026-07-08T11:14:19.620392+00:00,US,SEC,8-K,,,,8-K - Ovid Therapeutics Inc. (0001636651) (Filer),https://www.sec.gov/Archives/edgar/data/1636651/000162828026047584/0001628280-26-047584-index.htm
2026-07-08T11:14:19.620397+00:00,US,SEC,8-K,,,,"8-K - Dream Finders Homes, Inc. (0001825088) (Filer)",https://www.sec.gov/Archives/edgar/data/1825088/000162828026047583/0001628280-26-047583-index.htm
2026-07-08T11:14:19.620411+00:00,US,SEC,8-K,,,,8-K - Trilogy Metals Inc. (0001543418) (Filer),https://www.sec.gov/Archives/edgar/data/1543418/000127956926000637/0001279569-26-000637-index.htm
2026-07-08T11:14:19.620423+00:00,US,SEC,8-K,,,,8-K - HF Sinclair Corp (0001915657) (Filer),https://www.sec.gov/Archives/edgar/data/1915657/000119312526297981/0001193125-26-297981-index.htm
2026-07-08T11:14:19.620433+00:00,US,SEC,8-K,,,,8-K - HELEN OF TROY LTD (0000916789) (Filer),https://www.sec.gov/Archives/edgar/data/916789/000091678926000094/0000916789-26-000094-index.htm
2026-07-08T11:14:19.620451+00:00,US,SEC,8-K,,,,8-K - D. Boral ARC Acquisition I Corp. (0002065779) (Filer),https://www.sec.gov/Archives/edgar/data/2065779/000182912626007391/0001829126-26-007391-index.htm
2026-07-08T11:14:19.620460+00:00,US,SEC,8-K,,,,"8-K - Broadstone Net Lease, Inc. (0001424182) (Filer)",https://www.sec.gov/Archives/edgar/data/1424182/000142418226000054/0001424182-26-000054-index.htm
2026-07-08T11:14:19.620469+00:00,US,SEC,8-K,,,,8-K - GameStop Corp. (0001326380) (Filer),https://www.sec.gov/Archives/edgar/data/1326380/000132638026000038/0001326380-26-000038-index.htm
2026-07-08T11:14:19.620487+00:00,US,SEC,8-K,,,,"8-K - AmpliTech Group, Inc. (0001518461) (Filer)",https://www.sec.gov/Archives/edgar/data/1518461/000149315226032398/0001493152-26-032398-index.htm
2026-07-07T16:57:39.206888+00:00,US,SEC,8-K,,,,8-K - AZZ INC (0000008947) (Filer),https://www.sec.gov/Archives/edgar/data/8947/000000894726000134/0000008947-26-000134-index.htm
2026-07-07T14:35:22.805959+00:00,US,SEC,8-K,,,,8-K - DONEGAL GROUP INC (0000800457) (Filer),https://www.sec.gov/Archives/edgar/data/800457/000117184326004511/0001171843-26-004511-index.htm
2026-07-07T14:35:22.805976+00:00,US,SEC,8-K,,,,"8-K - Climb Global Solutions, Inc. (0000945983) (Filer)",https://www.sec.gov/Archives/edgar/data/945983/000143774926022894/0001437749-26-022894-index.htm
2026-07-07T11:52:04.551447+00:00,US,SEC,8-K,,,,"8-K - Vivani Medical, Inc. (0001266806) (Filer)",https://www.sec.gov/Archives/edgar/data/1266806/000175392626001144/0001753926-26-001144-index.htm
2026-07-07T11:52:04.551468+00:00,US,SEC,8-K,,,,8-K - MeiraGTx Holdings plc (0001735438) (Filer),https://www.sec.gov/Archives/edgar/data/1735438/000110465926080949/0001104659-26-080949-index.htm
2026-07-07T11:52:04.551544+00:00,US,SEC,8-K,,,,"8-K - Tvardi Therapeutics, Inc. (0001346830) (Filer)",https://www.sec.gov/Archives/edgar/data/1346830/000110465926080930/0001104659-26-080930-index.htm
2026-07-07T11:52:04.551549+00:00,US,SEC,8-K,,,,8-K - D-Wave Quantum Inc. (0001907982) (Filer),https://www.sec.gov/Archives/edgar/data/1907982/000190798226000097/0001907982-26-000097-index.htm
2026-07-06T21:01:15.318995+00:00,US,SEC,8-K,,,,8-K - Perfect Moment Ltd. (0001849221) (Filer),https://www.sec.gov/Archives/edgar/data/1849221/000149315226032192/0001493152-26-032192-index.htm
2026-07-06T21:01:15.319012+00:00,US,SEC,8-K,,,,8-K - CLARIVATE PLC (0001764046) (Filer),https://www.sec.gov/Archives/edgar/data/1764046/000095010326010269/0000950103-26-010269-index.htm
2026-07-06T21:01:15.319061+00:00,US,SEC,8-K,,,,"8-K - Greater Cannabis Company, Inc. (0001695473) (Filer)",https://www.sec.gov/Archives/edgar/data/1695473/000149315226032191/0001493152-26-032191-index.htm
2026-07-06T10:45:54.129800+00:00,US,SEC,8-K,,,,"8-K - Zoned Properties, Inc. (0001279620) (Filer)",https://www.sec.gov/Archives/edgar/data/1279620/000121390026075185/0001213900-26-075185-index.htm
2026-07-06T10:45:54.129864+00:00,US,SEC,8-K,,,,8-K - Barrel Energy Inc. (0001631463) (Filer),https://www.sec.gov/Archives/edgar/data/1631463/000147793226004183/0001477932-26-004183-index.htm
2026-07-02T21:08:45.327877+00:00,US,SEC,8-K,,,,8-K - ADC Therapeutics SA (0001771910) (Filer),https://www.sec.gov/Archives/edgar/data/1771910/000095010326010195/0000950103-26-010195-index.htm
2026-07-02T16:27:02.534836+00:00,US,SEC,8-K,,,,8-K - BMO 2026-C14 Mortgage Trust (0002061932) (Filer),https://www.sec.gov/Archives/edgar/data/2061932/000119312526293944/0001193125-26-293944-index.htm
2026-07-02T14:38:42.443523+00:00,US,SEC,8-K,,,,8-K - INTEGRATED BIOPHARMA INC (0001016504) (Filer),https://www.sec.gov/Archives/edgar/data/1016504/000143774926022415/0001437749-26-022415-index.htm
2026-07-02T12:22:45.573079+00:00,US,SEC,8-K,,,,8-K - Gentherm Inc (0000903129) (Filer),https://www.sec.gov/Archives/edgar/data/903129/000119312526293500/0001193125-26-293500-index.htm
2026-07-02T12:22:45.573102+00:00,US,SEC,8-K,,,,"8-K - Picard Medical, Inc. (0002030617) (Filer)",https://www.sec.gov/Archives/edgar/data/2030617/000143774926022398/0001437749-26-022398-index.htm
2026-07-02T12:22:45.573109+00:00,US,SEC,8-K,,,,"8-K - Eos Energy Enterprises, Inc. (0001805077) (Filer)",https://www.sec.gov/Archives/edgar/data/1805077/000095010326010023/0000950103-26-010023-index.htm
2026-07-01T19:17:39.299666+00:00,US,SEC,8-K,,,,8-K - TEL INSTRUMENT ELECTRONICS CORP (0000096885) (Filer),https://www.sec.gov/Archives/edgar/data/96885/000118518526002776/0001185185-26-002776-index.htm
2026-07-01T12:08:25.572723+00:00,US,SEC,8-K,,,,"8-K - Alight, Inc. / Delaware (0001809104) (Filer)",https://www.sec.gov/Archives/edgar/data/1809104/000162828026046350/0001628280-26-046350-index.htm
2026-07-01T12:08:25.572754+00:00,US,SEC,8-K,,,,8-K - Adeia Inc. (0001803696) (Filer),https://www.sec.gov/Archives/edgar/data/1803696/000119312526291571/0001193125-26-291571-index.htm
2026-07-01T12:08:25.572773+00:00,US,SEC,8-K,,,,8-K - NextBoat Inc. (0002067767) (Filer),https://www.sec.gov/Archives/edgar/data/2067767/000149315226031439/0001493152-26-031439-index.htm
2026-07-01T12:08:25.572778+00:00,US,SEC,8-K,,,,"8-K - Allarity Therapeutics, Inc. (0001860657) (Filer)",https://www.sec.gov/Archives/edgar/data/1860657/000121390026073998/0001213900-26-073998-index.htm
2026-07-01T12:08:25.572790+00:00,US,SEC,8-K,,,,8-K - CPI Card Group Inc. (0001641614) (Filer),https://www.sec.gov/Archives/edgar/data/1641614/000164161426000101/0001641614-26-000101-index.htm
2026-07-01T12:08:25.572801+00:00,US,SEC,8-K,,,,8-K - MCKESSON CORP (0000927653) (Filer),https://www.sec.gov/Archives/edgar/data/927653/000092765326000185/0000927653-26-000185-index.htm
2026-07-01T12:08:25.572806+00:00,US,SEC,8-K,,,,8-K - CURIS INC (0001108205) (Filer),https://www.sec.gov/Archives/edgar/data/1108205/000110820526000074/0001108205-26-000074-index.htm
2026-07-01T12:08:25.572810+00:00,US,SEC,8-K,,,,8-K - UNIFIRST CORP (0000717954) (Filer),https://www.sec.gov/Archives/edgar/data/717954/000162828026046349/0001628280-26-046349-index.htm
2026-07-01T12:08:25.572829+00:00,US,SEC,8-K,,,,8-K - SunPower Inc. (0001838987) (Filer),https://www.sec.gov/Archives/edgar/data/1838987/000121390026073995/0001213900-26-073995-index.htm
2026-07-01T12:08:25.572835+00:00,US,SEC,8-K,,,,8-K - SITIME Corp (0001451809) (Filer),https://www.sec.gov/Archives/edgar/data/1451809/000119312526291561/0001193125-26-291561-index.htm
2026-06-30T20:17:59.591724+00:00,US,SEC,8-K,,,,"8-K - Disc Medicine, Inc. (0001816736) (Filer)",https://www.sec.gov/Archives/edgar/data/1816736/000119312526290542/0001193125-26-290542-index.htm
2026-06-30T20:17:59.591745+00:00,US,SEC,8-K,,,,8-K - PUBLIC SERVICE CO OF NEW HAMPSHIRE (0000315256) (Filer),https://www.sec.gov/Archives/edgar/data/315256/000110465926079337/0001104659-26-079337-index.htm
2026-06-30T18:09:20.347658+00:00,US,SEC,8-K,,,,8-K - Graphene & Solar Technologies Ltd (0001497649) (Filer),https://www.sec.gov/Archives/edgar/data/1497649/000190359626000268/0001903596-26-000268-index.htm
2026-06-30T13:21:24.499052+00:00,US,SEC,8-K,,,,"8-K - Global Interactive Technologies, Inc. (0001911545) (Filer)",https://www.sec.gov/Archives/edgar/data/1911545/000149315226031219/0001493152-26-031219-index.htm
2026-06-30T13:21:24.499115+00:00,US,SEC,8-K,,,,8-K - Virtuix Holdings Inc. (0001606242) (Filer),https://www.sec.gov/Archives/edgar/data/1606242/000121390026073449/0001213900-26-073449-index.htm
2026-06-30T13:21:24.499123+00:00,US,SEC,8-K,,,,8-K - CONSUMERS BANCORP INC /OH/ (0001006830) (Filer),https://www.sec.gov/Archives/edgar/data/1006830/000143774926022093/0001437749-26-022093-index.htm
2026-06-30T13:21:24.499154+00:00,US,SEC,8-K,,,,"8-K - KLX Energy Services Holdings, Inc. (0001738827) (Filer)",https://www.sec.gov/Archives/edgar/data/1738827/000173882726000025/0001738827-26-000025-index.htm
2026-06-30T11:23:08.737714+00:00,US,SEC,8-K,,,,8-K - D-Wave Quantum Inc. (0001907982) (Filer),https://www.sec.gov/Archives/edgar/data/1907982/000190798226000093/0001907982-26-000093-index.htm
2026-06-30T11:23:08.737736+00:00,US,SEC,8-K,,,,"8-K - Nu-Med Plus, Inc. (0001543637) (Filer)",https://www.sec.gov/Archives/edgar/data/1543637/000157587226000459/0001575872-26-000459-index.htm
2026-06-30T11:23:08.737742+00:00,US,SEC,8-K,,,,8-K - NovoCure Ltd (0001645113) (Filer),https://www.sec.gov/Archives/edgar/data/1645113/000164511326000056/0001645113-26-000056-index.htm
2026-06-30T11:23:08.737772+00:00,US,SEC,8-K,,,,8-K - Nova Minerals Corp (0001852551) (Filer),https://www.sec.gov/Archives/edgar/data/1852551/000149315226031184/0001493152-26-031184-index.htm
2026-06-30T11:23:08.737781+00:00,US,SEC,8-K,,,,8-K - Ingredion Inc (0001046257) (Filer),https://www.sec.gov/Archives/edgar/data/1046257/000104625726000210/0001046257-26-000210-index.htm
2026-06-29T20:24:20.729230+00:00,US,SEC,8-K,,,,"8-K - Pathfinder Bancorp, Inc. (0001609065) (Filer)",https://www.sec.gov/Archives/edgar/data/1609065/000119312526288503/0001193125-26-288503-index.htm
2026-06-29T20:24:20.729258+00:00,US,SEC,8-K,,,,"8-K - Gain Therapeutics, Inc. (0001819411) (Filer)",https://www.sec.gov/Archives/edgar/data/1819411/000110465926078848/0001104659-26-078848-index.htm
2026-06-29T12:04:07.107214+00:00,US,SEC,8-K,,,,8-K - ALUMIS INC. (0001847367) (Filer),https://www.sec.gov/Archives/edgar/data/1847367/000110465926078507/0001104659-26-078507-index.htm
2026-06-29T12:04:07.107242+00:00,US,SEC,8-K,,,,8-K - Neurogene Inc. (0001404644) (Filer),https://www.sec.gov/Archives/edgar/data/1404644/000140464426000046/0001404644-26-000046-index.htm
2026-06-29T12:04:07.107251+00:00,US,SEC,8-K,,,,8-K - PVH CORP. /DE/ (0000078239) (Filer),https://www.sec.gov/Archives/edgar/data/78239/000121390026072861/0001213900-26-072861-index.htm
2026-06-29T12:04:07.107256+00:00,US,SEC,8-K,,,,"8-K - Terra Property Trust, Inc. (0001674356) (Filer)",https://www.sec.gov/Archives/edgar/data/1674356/000110465926078505/0001104659-26-078505-index.htm
2026-06-29T12:04:07.107269+00:00,US,SEC,8-K,,,,8-K - Strategy Inc (0001050446) (Filer),https://www.sec.gov/Archives/edgar/data/1050446/000119312526286871/0001193125-26-286871-index.htm
2026-06-29T12:04:07.107274+00:00,US,SEC,8-K,,,,8-K - SharonAI Holdings Inc. (0002068385) (Filer),https://www.sec.gov/Archives/edgar/data/2068385/000149315226030417/0001493152-26-030417-index.htm
2026-06-29T12:04:07.107279+00:00,US,SEC,8-K,,,,"8-K - Strive, Inc. (0001920406) (Filer)",https://www.sec.gov/Archives/edgar/data/1920406/000162828026045883/0001628280-26-045883-index.htm
2026-06-29T12:04:07.107285+00:00,US,SEC,8-K,,,,"8-K - Edgemode, Inc. (0001652958) (Filer)",https://www.sec.gov/Archives/edgar/data/1652958/000168316826005143/0001683168-26-005143-index.htm
2026-06-29T12:04:07.107316+00:00,US,SEC,8-K,,,,8-K - PEDEVCO CORP (0001141197) (Filer),https://www.sec.gov/Archives/edgar/data/1141197/000165495426006257/0001654954-26-006257-index.htm
2026-06-29T12:04:07.107327+00:00,US,SEC,8-K,,,,8-K - HALLIBURTON CO (0000045012) (Filer),https://www.sec.gov/Archives/edgar/data/45012/000004501226000055/0000045012-26-000055-index.htm
2026-06-29T12:04:07.107339+00:00,US,SEC,8-K,,,,8-K - MARTIN MARIETTA MATERIALS INC (0000916076) (Filer),https://www.sec.gov/Archives/edgar/data/916076/000095015726000758/0000950157-26-000758-index.htm
2026-06-29T12:04:07.107352+00:00,US,SEC,8-K,,,,"8-K - CIM REAL ESTATE FINANCE TRUST, INC. (0001498547) (Filer)",https://www.sec.gov/Archives/edgar/data/1498547/000119312526286851/0001193125-26-286851-index.htm
2026-06-26T20:51:59.168947+00:00,US,SEC,8-K,,,,8-K - ChronoScale Corp (0001549084) (Filer),https://www.sec.gov/Archives/edgar/data/1549084/000149315226030318/0001493152-26-030318-index.htm
2026-06-26T20:51:59.168991+00:00,US,SEC,8-K,,,,"8-K - Contineum Therapeutics, Inc. (0001855175) (Filer)",https://www.sec.gov/Archives/edgar/data/1855175/000162828026045804/0001628280-26-045804-index.htm
2026-06-26T12:11:13.904664+00:00,US,SEC,8-K,,,,8-K - EXPAND ENERGY Corp (0000895126) (Filer),https://www.sec.gov/Archives/edgar/data/895126/000089512626000036/0000895126-26-000036-index.htm
2026-06-25T20:23:52.713472+00:00,US,SEC,8-K,,,,8-K - FIRST TRUST SENIOR FLOATING RATE INCOME FUND II (0001282850) (Filer),https://www.sec.gov/Archives/edgar/data/1282850/000144554626004613/0001445546-26-004613-index.htm
2026-06-25T20:23:52.713533+00:00,US,SEC,8-K,,,,"8-K - AGILENT TECHNOLOGIES, INC. (0001090872) (Filer)",https://www.sec.gov/Archives/edgar/data/1090872/000119312526282845/0001193125-26-282845-index.htm
2026-06-25T20:23:52.713585+00:00,US,SEC,8-K,,,,8-K - QUANTUM CORP /DE/ (0000709283) (Filer),https://www.sec.gov/Archives/edgar/data/709283/000162828026045529/0001628280-26-045529-index.htm
2026-06-25T20:23:52.713594+00:00,US,SEC,8-K,,,,8-K - Net Lease Office Properties (0001952976) (Filer),https://www.sec.gov/Archives/edgar/data/1952976/000195297626000050/0001952976-26-000050-index.htm
2026-06-25T15:56:48.295691+00:00,US,SEC,8-K,,,,8-K - First Trinity Financial CORP (0001395585) (Filer),https://www.sec.gov/Archives/edgar/data/1395585/000143774926021640/0001437749-26-021640-index.htm
2026-06-25T13:19:37.282302+00:00,US,SEC,8-K,,,,"8-K - SOLAREDGE TECHNOLOGIES, INC. (0001419612) (Filer)",https://www.sec.gov/Archives/edgar/data/1419612/000117891326003337/0001178913-26-003337-index.htm
2026-06-25T13:19:37.282329+00:00,US,SEC,8-K,,,,8-K - Range Capital Acquisition Corp. (0002035644) (Filer),https://www.sec.gov/Archives/edgar/data/2035644/000119312526281968/0001193125-26-281968-index.htm
2026-06-25T13:19:37.282336+00:00,US,SEC,8-K,,,,"8-K - Jaguar Health, Inc. (0001585608) (Filer)",https://www.sec.gov/Archives/edgar/data/1585608/000119312526281969/0001193125-26-281969-index.htm
2026-06-25T13:19:37.282356+00:00,US,SEC,8-K,,,,"8-K - STARWOOD PROPERTY TRUST, INC. (0001465128) (Filer)",https://www.sec.gov/Archives/edgar/data/1465128/000110465926077576/0001104659-26-077576-index.htm
2026-06-25T13:19:37.282372+00:00,US,SEC,8-K,,,,8-K - Federal Home Loan Bank of Pittsburgh (0001330399) (Filer),https://www.sec.gov/Archives/edgar/data/1330399/000133039926000071/0001330399-26-000071-index.htm
2026-06-25T13:19:37.282384+00:00,US,SEC,8-K,,,,8-K - AeroVironment Inc (0001368622) (Filer),https://www.sec.gov/Archives/edgar/data/1368622/000110465926077575/0001104659-26-077575-index.htm
2026-06-25T13:19:37.282405+00:00,US,SEC,8-K,,,,"8-K - ZIPRECRUITER, INC. (0001617553) (Filer)",https://www.sec.gov/Archives/edgar/data/1617553/000161755326000036/0001617553-26-000036-index.htm
2026-06-25T10:52:10.306213+00:00,US,SEC,8-K,,,,8-K - WIDEPOINT CORP (0001034760) (Filer),https://www.sec.gov/Archives/edgar/data/1034760/000165495426006193/0001654954-26-006193-index.htm
2026-06-25T10:52:10.306230+00:00,US,SEC,8-K,,,,"8-K - Worthington Steel, Inc. (0001968487) (Filer)",https://www.sec.gov/Archives/edgar/data/1968487/000196848726000015/0001968487-26-000015-index.htm
2026-06-24T21:49:16.871970+00:00,US,SEC,8-K,,,,8-K - US BANCORP \DE\ (0000036104) (Filer),https://www.sec.gov/Archives/edgar/data/36104/000003610426000035/0000036104-26-000035-index.htm
2026-06-24T20:13:54.726950+00:00,US,SEC,8-K,,,,"8-K - MILLERKNOLL, INC. (0000066382) (Filer)",https://www.sec.gov/Archives/edgar/data/66382/000006638226000064/0000066382-26-000064-index.htm
2026-06-24T20:13:54.726973+00:00,US,SEC,8-K,,,,8-K - FIRST MERCHANTS CORP (0000712534) (Filer),https://www.sec.gov/Archives/edgar/data/712534/000071253426000046/0000712534-26-000046-index.htm
2026-06-24T13:50:51.151138+00:00,US,SEC,8-K,,,,8-K - FEMASYS INC (0001339005) (Filer),https://www.sec.gov/Archives/edgar/data/1339005/000114036126026169/0001140361-26-026169-index.htm
2026-06-24T11:32:30.397594+00:00,US,SEC,8-K,,,,"8-K - HERTZ GLOBAL HOLDINGS, INC (0001657853) (Filer)",https://www.sec.gov/Archives/edgar/data/1657853/000110465926077058/0001104659-26-077058-index.htm
2026-06-24T11:32:30.397612+00:00,US,SEC,8-K,,,,8-K - HERTZ CORP (0000047129) (Filer),https://www.sec.gov/Archives/edgar/data/47129/000110465926077058/0001104659-26-077058-index.htm
2026-06-24T11:32:30.397631+00:00,US,SEC,8-K,,,,8-K - Rank One Computing Corp (0002077709) (Filer),https://www.sec.gov/Archives/edgar/data/2077709/000121390026071294/0001213900-26-071294-index.htm
2026-06-24T11:32:30.397650+00:00,US,SEC,8-K,,,,"8-K - HERTZ GLOBAL HOLDINGS, INC (0001657853) (Filer)",https://www.sec.gov/Archives/edgar/data/1657853/000110465926077045/0001104659-26-077045-index.htm
2026-06-24T11:32:30.397655+00:00,US,SEC,8-K,,,,8-K - HERTZ CORP (0000047129) (Filer),https://www.sec.gov/Archives/edgar/data/47129/000110465926077045/0001104659-26-077045-index.htm
2026-06-24T11:32:30.397660+00:00,US,SEC,8-K,,,,"8-K - MapLight Therapeutics, Inc. (0001770069) (Filer)",https://www.sec.gov/Archives/edgar/data/1770069/000119312526280243/0001193125-26-280243-index.htm
2026-06-24T11:32:30.397665+00:00,US,SEC,8-K,,,,8-K - FUELCELL ENERGY INC (0000886128) (Filer),https://www.sec.gov/Archives/edgar/data/886128/000110465926077042/0001104659-26-077042-index.htm
2026-06-24T11:32:30.397676+00:00,US,SEC,8-K,,,,8-K - CROWN CRAFTS INC (0000025895) (Filer),https://www.sec.gov/Archives/edgar/data/25895/000143774926021497/0001437749-26-021497-index.htm
2026-06-24T11:32:30.397689+00:00,US,SEC,8-K,,,,8-K - Churchill Capital Corp XI (0002074973) (Filer),https://www.sec.gov/Archives/edgar/data/2074973/000121390026071287/0001213900-26-071287-index.htm
2026-06-24T11:32:30.397694+00:00,US,SEC,8-K,,,,"8-K - Autonomix Medical, Inc. (0001617867) (Filer)",https://www.sec.gov/Archives/edgar/data/1617867/000143774926021495/0001437749-26-021495-index.htm
2026-06-24T11:32:30.397711+00:00,US,SEC,8-K,,,,"8-K - CalciMedica, Inc. (0001534133) (Filer)",https://www.sec.gov/Archives/edgar/data/1534133/000119312526280223/0001193125-26-280223-index.htm
2026-06-24T11:32:30.397729+00:00,US,SEC,8-K,,,,8-K - Absci Corp (0001672688) (Filer),https://www.sec.gov/Archives/edgar/data/1672688/000167268826000118/0001672688-26-000118-index.htm
2026-06-23T20:59:58.237813+00:00,US,SEC,8-K,,,,8-K - ENTERGY CORP /DE/ (0000065984) (Filer),https://www.sec.gov/Archives/edgar/data/65984/000006598426000265/0000065984-26-000265-index.htm
2026-06-23T20:59:58.237835+00:00,US,SEC,8-K,,,,8-K - Golub Capital Private Credit Fund (0001930087) (Filer),https://www.sec.gov/Archives/edgar/data/1930087/000193008726000074/0001930087-26-000074-index.htm
2026-06-23T14:09:37.288885+00:00,US,SEC,8-K,,,,8-K - Federal Home Loan Bank of Cincinnati (0001326771) (Filer),https://www.sec.gov/Archives/edgar/data/1326771/000132677126000103/0001326771-26-000103-index.htm
2026-06-23T11:48:08.009079+00:00,US,SEC,8-K,,,,8-K - Dragonfly Energy Holdings Corp. (0001847986) (Filer),https://www.sec.gov/Archives/edgar/data/1847986/000149315226029705/0001493152-26-029705-index.htm
2026-06-23T11:48:08.009144+00:00,US,SEC,8-K,,,,"8-K - AMC ENTERTAINMENT HOLDINGS, INC. (0001411579) (Filer)",https://www.sec.gov/Archives/edgar/data/1411579/000110465926076642/0001104659-26-076642-index.htm
2026-06-23T11:48:08.009152+00:00,US,SEC,8-K,,,,"8-K - DOLLAR TREE, INC. (0000935703) (Filer)",https://www.sec.gov/Archives/edgar/data/935703/000093570326000071/0000935703-26-000071-index.htm
2026-06-23T11:48:08.009162+00:00,US,SEC,8-K,,,,8-K - ANTERO RESOURCES Corp (0001433270) (Filer),https://www.sec.gov/Archives/edgar/data/1433270/000110465926076641/0001104659-26-076641-index.htm
2026-06-23T11:48:08.009167+00:00,US,SEC,8-K,,,,8-K - FMC CORP (0000037785) (Filer),https://www.sec.gov/Archives/edgar/data/37785/000003778526000114/0000037785-26-000114-index.htm
2026-06-23T11:48:08.009172+00:00,US,SEC,8-K,,,,"8-K - Sunstone Hotel Investors, Inc. (0001295810) (Filer)",https://www.sec.gov/Archives/edgar/data/1295810/000110465926076640/0001104659-26-076640-index.htm
2026-06-23T11:48:08.009178+00:00,US,SEC,8-K,,,,8-K - Athene Holding Ltd. (0001527469) (Filer),https://www.sec.gov/Archives/edgar/data/1527469/000152746926000037/0001527469-26-000037-index.htm
2026-06-22T16:02:07.274931+00:00,US,SEC,8-K,,,,8-K - Greenland Mines Ltd (0001907223) (Filer),https://www.sec.gov/Archives/edgar/data/1907223/000121390026070475/0001213900-26-070475-index.htm
2026-06-22T11:13:20.728287+00:00,US,SEC,8-K,,,,8-K - LIGAND PHARMACEUTICALS INC (0000886163) (Filer),https://www.sec.gov/Archives/edgar/data/886163/000119312526276694/0001193125-26-276694-index.htm
2026-06-22T11:13:20.728308+00:00,US,SEC,8-K,,,,8-K - AbbVie Inc. (0001551152) (Filer),https://www.sec.gov/Archives/edgar/data/1551152/000110465926076067/0001104659-26-076067-index.htm
2026-06-22T11:13:20.728314+00:00,US,SEC,8-K,,,,8-K - TOYOTA MOTOR CREDIT CORP (0000834071) (Filer),https://www.sec.gov/Archives/edgar/data/834071/000095010326009260/0000950103-26-009260-index.htm
2026-06-22T11:13:20.728324+00:00,US,SEC,8-K,,,,"8-K - TScan Therapeutics, Inc. (0001783328) (Filer)",https://www.sec.gov/Archives/edgar/data/1783328/000119312526276693/0001193125-26-276693-index.htm
2026-06-22T11:13:20.728330+00:00,US,SEC,8-K,,,,8-K - NORTHERN STATES POWER CO (0001123852) (Filer),https://www.sec.gov/Archives/edgar/data/1123852/000007290326000107/0000072903-26-000107-index.htm
2026-06-22T11:13:20.728335+00:00,US,SEC,8-K,,,,8-K - XCEL ENERGY INC (0000072903) (Filer),https://www.sec.gov/Archives/edgar/data/72903/000007290326000107/0000072903-26-000107-index.htm
2026-06-22T11:13:20.728339+00:00,US,SEC,8-K,,,,"8-K - MapLight Therapeutics, Inc. (0001770069) (Filer)",https://www.sec.gov/Archives/edgar/data/1770069/000119312526276691/0001193125-26-276691-index.htm
2026-06-22T11:13:20.728344+00:00,US,SEC,8-K,,,,"8-K - HawkEye 360, Inc. (0001750704) (Filer)",https://www.sec.gov/Archives/edgar/data/1750704/000175070426000009/0001750704-26-000009-index.htm
2026-06-22T11:13:20.728353+00:00,US,SEC,8-K,,,,8-K - TopBuild Corp (0001633931) (Filer),https://www.sec.gov/Archives/edgar/data/1633931/000110465926076063/0001104659-26-076063-index.htm
2026-06-22T11:13:20.728360+00:00,US,SEC,8-K,,,,"8-K - EyePoint, Inc. (0001314102) (Filer)",https://www.sec.gov/Archives/edgar/data/1314102/000119312526276688/0001193125-26-276688-index.htm
2026-06-22T11:13:20.728371+00:00,US,SEC,8-K,,,,8-K - Fervo Energy Co (0001853868) (Filer),https://www.sec.gov/Archives/edgar/data/1853868/000162828026044474/0001628280-26-044474-index.htm
2026-06-22T11:13:20.728382+00:00,US,SEC,8-K,,,,8-K - CRH PUBLIC LTD CO (0000849395) (Filer),https://www.sec.gov/Archives/edgar/data/849395/000119312526276686/0001193125-26-276686-index.htm
2026-06-22T11:13:20.728389+00:00,US,SEC,8-K,,,,8-K - INCYTE CORP (0000879169) (Filer),https://www.sec.gov/Archives/edgar/data/879169/000087916926000046/0000879169-26-000046-index.htm
2026-06-22T11:13:20.728398+00:00,US,SEC,8-K,,,,8-K - MoonLake Immunotherapeutics (0001821586) (Filer),https://www.sec.gov/Archives/edgar/data/1821586/000121390026070362/0001213900-26-070362-index.htm
2026-06-22T11:13:20.728402+00:00,US,SEC,8-K,,,,"8-K - Traws Pharma, Inc. (0001130598) (Filer)",https://www.sec.gov/Archives/edgar/data/1130598/000110465926076058/0001104659-26-076058-index.htm
2026-06-22T11:13:20.728413+00:00,US,SEC,8-K,,,,"8-K - Core & Main, Inc. (0001856525) (Filer)",https://www.sec.gov/Archives/edgar/data/1856525/000185652526000057/0001856525-26-000057-index.htm
2026-06-22T11:13:20.728421+00:00,US,SEC,8-K,,,,8-K - Nextpower Inc. (0001852131) (Filer),https://www.sec.gov/Archives/edgar/data/1852131/000185213126000026/0001852131-26-000026-index.htm
2026-06-18T17:29:05.781709+00:00,US,SEC,8-K,,,,8-K - PFIZER INC (0000078003) (Filer),https://www.sec.gov/Archives/edgar/data/78003/000007800326000087/0000078003-26-000087-index.htm
2026-06-18T14:10:16.156579+00:00,US,SEC,8-K,,,,"8-K - SR Bancorp, Inc. (0001951276) (Filer)",https://www.sec.gov/Archives/edgar/data/1951276/000094337426000231/0000943374-26-000231-index.htm
2026-06-18T14:10:16.156600+00:00,US,SEC,8-K,,,,"8-K - CITIZENS, INC. (0000024090) (Filer)",https://www.sec.gov/Archives/edgar/data/24090/000002409026000036/0000024090-26-000036-index.htm
2026-06-18T14:10:16.156632+00:00,US,SEC,8-K,,,,8-K - DYADIC INTERNATIONAL INC (0001213809) (Filer),https://www.sec.gov/Archives/edgar/data/1213809/000149315226029214/0001493152-26-029214-index.htm
2026-06-18T10:54:22.983122+00:00,US,SEC,8-K,,,,8-K - KROGER CO (0000056873) (Filer),https://www.sec.gov/Archives/edgar/data/56873/000110465926075395/0001104659-26-075395-index.htm
2026-06-18T10:54:22.983156+00:00,US,SEC,8-K,,,,8-K - Designer Brands Inc. (0001319947) (Filer),https://www.sec.gov/Archives/edgar/data/1319947/000131994726000045/0001319947-26-000045-index.htm
2026-06-18T10:54:22.983173+00:00,US,SEC,8-K,,,,8-K - Accenture plc (0001467373) (Filer),https://www.sec.gov/Archives/edgar/data/1467373/000146737326000031/0001467373-26-000031-index.htm
2026-06-17T21:32:08.880752+00:00,US,SEC,8-K,,,,8-K - LFTD PARTNERS INC. (0001391135) (Filer),https://www.sec.gov/Archives/edgar/data/1391135/000109690626000966/0001096906-26-000966-index.htm
2026-06-17T21:32:08.880768+00:00,US,SEC,8-K,,,,"8-K - ProtoKinetix, Inc. (0001128189) (Filer)",https://www.sec.gov/Archives/edgar/data/1128189/000107997326000855/0001079973-26-000855-index.htm
2026-06-17T21:32:08.880783+00:00,US,SEC,8-K,,,,"8-K - Digital Brands Group, Inc. (0001668010) (Filer)",https://www.sec.gov/Archives/edgar/data/1668010/000149315226029134/0001493152-26-029134-index.htm
2026-06-17T21:32:08.880794+00:00,US,SEC,8-K,,,,"8-K - Acrivon Therapeutics, Inc. (0001781174) (Filer)",https://www.sec.gov/Archives/edgar/data/1781174/000119312526274410/0001193125-26-274410-index.htm
2026-06-17T21:32:08.880816+00:00,US,SEC,8-K,,,,8-K - LGL GROUP INC (0000061004) (Filer),https://www.sec.gov/Archives/edgar/data/61004/000143774926021005/0001437749-26-021005-index.htm
2026-06-17T17:13:32.325241+00:00,US,SEC,8-K,,,,8-K - POTOMAC ELECTRIC POWER CO (0000079732) (Filer),https://www.sec.gov/Archives/edgar/data/79732/000007973226000009/0000079732-26-000009-index.htm
2026-06-17T17:13:32.325257+00:00,US,SEC,8-K,,,,8-K - AMERICAN EXPRESS CO (0000004962) (Filer),https://www.sec.gov/Archives/edgar/data/4962/000000496226000270/0000004962-26-000270-index.htm
2026-06-17T17:13:32.325269+00:00,US,SEC,8-K,,,,"8-K - QHSLab, Inc. (0000856984) (Filer)",https://www.sec.gov/Archives/edgar/data/856984/000149315226029053/0001493152-26-029053-index.htm
2026-06-17T10:07:26.931175+00:00,US,SEC,8-K,,,,8-K - NEOGENOMICS INC (0001077183) (Filer),https://www.sec.gov/Archives/edgar/data/1077183/000107718326000031/0001077183-26-000031-index.htm
2026-06-17T10:07:26.931223+00:00,US,SEC,8-K,,,,8-K - AerSale Corp (0001754170) (Filer),https://www.sec.gov/Archives/edgar/data/1754170/000110465926074808/0001104659-26-074808-index.htm
2026-06-17T10:07:26.931253+00:00,US,SEC,8-K,,,,8-K - Comstock Inc. (0001120970) (Filer),https://www.sec.gov/Archives/edgar/data/1120970/000143774926020855/0001437749-26-020855-index.htm
2026-06-16T17:34:37.682316+00:00,US,SEC,8-K,,,,8-K - Federal Home Loan Bank of Boston (0001331463) (Filer),https://www.sec.gov/Archives/edgar/data/1331463/000133146326000114/0001331463-26-000114-index.htm
2026-06-16T17:34:37.682371+00:00,US,SEC,8-K,,,,"8-K - STANDARD PREMIUM FINANCE HOLDINGS, INC. (0001807893) (Filer)",https://www.sec.gov/Archives/edgar/data/1807893/000107997326000842/0001079973-26-000842-index.htm
2026-06-16T12:29:47.762297+00:00,US,SEC,8-K,,,,8-K - California Resources Corp (0001609253) (Filer),https://www.sec.gov/Archives/edgar/data/1609253/000160925326000114/0001609253-26-000114-index.htm
2026-06-16T12:29:47.762360+00:00,US,SEC,8-K,,,,"8-K - Yum China Holdings, Inc. (0001673358) (Filer)",https://www.sec.gov/Archives/edgar/data/1673358/000119312526271854/0001193125-26-271854-index.htm
2026-06-16T12:29:47.762371+00:00,US,SEC,8-K,,,,8-K - EquipmentShare.com Inc (0001693736) (Filer),https://www.sec.gov/Archives/edgar/data/1693736/000169373626000007/0001693736-26-000007-index.htm
2026-06-16T12:29:47.762384+00:00,US,SEC,8-K,,,,"8-K - Our Bond, Inc. (0001756064) (Filer)",https://www.sec.gov/Archives/edgar/data/1756064/000149315226028818/0001493152-26-028818-index.htm
2026-06-16T12:29:47.762394+00:00,US,SEC,8-K,,,,8-K - NextBoat Inc. (0002067767) (Filer),https://www.sec.gov/Archives/edgar/data/2067767/000149315226028817/0001493152-26-028817-index.htm
2026-06-16T12:29:47.762404+00:00,US,SEC,8-K,,,,8-K - Cingulate Inc. (0001862150) (Filer),https://www.sec.gov/Archives/edgar/data/1862150/000149315226028815/0001493152-26-028815-index.htm
2026-06-16T12:29:47.762417+00:00,US,SEC,8-K,,,,"8-K - SANUWAVE Health, Inc. (0001417663) (Filer)",https://www.sec.gov/Archives/edgar/data/1417663/000162828026043419/0001628280-26-043419-index.htm
2026-06-16T12:29:47.762424+00:00,US,SEC,8-K,,,,"8-K - Vital Farms, Inc. (0001579733) (Filer)",https://www.sec.gov/Archives/edgar/data/1579733/000119312526271829/0001193125-26-271829-index.htm
2026-06-15T21:25:45.678002+00:00,US,SEC,8-K,,,,8-K - T3 Defense Inc. (0001787518) (Filer),https://www.sec.gov/Archives/edgar/data/1787518/000121390026068924/0001213900-26-068924-index.htm
2026-06-15T21:25:45.678024+00:00,US,SEC,8-K,,,,8-K - Cipher Digital Inc. (0001819989) (Filer),https://www.sec.gov/Archives/edgar/data/1819989/000095010326008994/0000950103-26-008994-index.htm
2026-06-15T21:25:45.678030+00:00,US,SEC,8-K,,,,8-K - NEOGENOMICS INC (0001077183) (Filer),https://www.sec.gov/Archives/edgar/data/1077183/000107718326000029/0001077183-26-000029-index.htm
2026-06-15T21:25:45.678038+00:00,US,SEC,8-K,,,,8-K - TELEFLEX INC (0000096943) (Filer),https://www.sec.gov/Archives/edgar/data/96943/000119312526271318/0001193125-26-271318-index.htm
2026-06-15T21:25:45.678080+00:00,US,SEC,8-K,,,,"8-K - Nixxy, Inc. (0001462223) (Filer)",https://www.sec.gov/Archives/edgar/data/1462223/000168316826004843/0001683168-26-004843-index.htm
2026-06-15T21:25:45.678092+00:00,US,SEC,8-K,,,,"8-K - PureCycle Technologies, Inc. (0001830033) (Filer)",https://www.sec.gov/Archives/edgar/data/1830033/000119312526271316/0001193125-26-271316-index.htm
2026-06-15T18:13:29.385009+00:00,US,SEC,8-K,,,,8-K - Invesco Real Estate Income Trust Inc. (0001756761) (Filer),https://www.sec.gov/Archives/edgar/data/1756761/000175676126000094/0001756761-26-000094-index.htm
2026-06-15T13:37:09.984500+00:00,US,SEC,8-K,,,,8-K - BUTLER NATIONAL CORP (0000015847) (Filer),https://www.sec.gov/Archives/edgar/data/15847/000001584726000013/0000015847-26-000013-index.htm
2026-06-15T13:37:09.984543+00:00,US,SEC,8-K,,,,8-K - Ondas Inc. (0001646188) (Filer),https://www.sec.gov/Archives/edgar/data/1646188/000121390026068539/0001213900-26-068539-index.htm
2026-06-15T13:37:09.984554+00:00,US,SEC,8-K,,,,8-K - NOBILITY HOMES INC (0000072205) (Filer),https://www.sec.gov/Archives/edgar/data/72205/000119312526270396/0001193125-26-270396-index.htm
2026-06-15T13:37:09.984579+00:00,US,SEC,8-K,,,,"8-K - Elicio Therapeutics, Inc. (0001601485) (Filer)",https://www.sec.gov/Archives/edgar/data/1601485/000160148526000046/0001601485-26-000046-index.htm
2026-06-12T20:54:43.256591+00:00,US,SEC,8-K,,,,8-K - Warby Parker Inc. (0001504776) (Filer),https://www.sec.gov/Archives/edgar/data/1504776/000150477626000013/0001504776-26-000013-index.htm
2026-06-12T20:54:43.256636+00:00,US,SEC,8-K,,,,8-K - I-ON Digital Corp. (0001580490) (Filer),https://www.sec.gov/Archives/edgar/data/1580490/000149315226028491/0001493152-26-028491-index.htm
2026-06-12T20:54:43.256671+00:00,US,SEC,8-K,,,,8-K - OUTFRONT Media Inc. (0001579877) (Filer),https://www.sec.gov/Archives/edgar/data/1579877/000157987726000029/0001579877-26-000029-index.htm
2026-06-12T18:32:32.966595+00:00,US,SEC,8-K,,,,8-K - IONIS PHARMACEUTICALS INC (0000874015) (Filer),https://www.sec.gov/Archives/edgar/data/874015/000114036126025050/0001140361-26-025050-index.htm
2026-06-12T18:32:32.966652+00:00,US,SEC,8-K,,,,8-K - Rithm Perpetual Life Residential Trust (0002081628) (Filer),https://www.sec.gov/Archives/edgar/data/2081628/000162828026042756/0001628280-26-042756-index.htm
2026-06-12T16:44:35.161797+00:00,US,SEC,8-K,,,,8-K - Porsche Innovative Lease Owner Trust 2026-1 (0002126256) (Filer),https://www.sec.gov/Archives/edgar/data/2126256/000110465926073346/0001104659-26-073346-index.htm
2026-06-12T16:44:35.161816+00:00,US,SEC,8-K,,,,8-K - Porsche Auto Funding LLC (0001541507) (Filer),https://www.sec.gov/Archives/edgar/data/1541507/000110465926073346/0001104659-26-073346-index.htm
2026-06-12T16:44:35.161831+00:00,US,SEC,8-K,,,,"8-K - PROCACCIANTI HOTEL REIT, INC. (0001692345) (Filer)",https://www.sec.gov/Archives/edgar/data/1692345/000110465926073345/0001104659-26-073345-index.htm
2026-06-12T13:54:26.682967+00:00,US,SEC,8-K,,,,8-K - TON Strategy Co (0001566610) (Filer),https://www.sec.gov/Archives/edgar/data/1566610/000149315226028384/0001493152-26-028384-index.htm
2026-06-12T10:48:29.331259+00:00,US,SEC,8-K,,,,8-K - ESAB Corp (0001877322) (Filer),https://www.sec.gov/Archives/edgar/data/1877322/000121390026067998/0001213900-26-067998-index.htm
2026-06-12T10:48:29.331273+00:00,US,SEC,8-K,,,,"8-K - Summit Hotel Properties, Inc. (0001497645) (Filer)",https://www.sec.gov/Archives/edgar/data/1497645/000149764526000051/0001497645-26-000051-index.htm
2026-06-12T10:48:29.331282+00:00,US,SEC,8-K,,,,8-K - Vertiv Holdings Co (0001674101) (Filer),https://www.sec.gov/Archives/edgar/data/1674101/000162828026042641/0001628280-26-042641-index.htm
2026-06-11T17:00:02.049957+00:00,US,SEC,8-K,,,,8-K - T3 Defense Inc. (0001787518) (Filer),https://www.sec.gov/Archives/edgar/data/1787518/000121390026067717/0001213900-26-067717-index.htm
2026-06-11T17:00:02.050008+00:00,US,SEC,8-K,,,,8-K - Dravica Corp (0002106607) (Filer),https://www.sec.gov/Archives/edgar/data/2106607/000117152026000138/0001171520-26-000138-index.htm
2026-06-11T13:00:20.147606+00:00,US,SEC,8-K,,,,"8-K - Professional Diversity Network, Inc. (0001546296) (Filer)",https://www.sec.gov/Archives/edgar/data/1546296/000143774926020236/0001437749-26-020236-index.htm
2026-06-11T13:00:20.147625+00:00,US,SEC,8-K,,,,8-K - Federal Home Loan Bank of Indianapolis (0001331754) (Filer),https://www.sec.gov/Archives/edgar/data/1331754/000133175426000125/0001331754-26-000125-index.htm
2026-06-11T13:00:20.147681+00:00,US,SEC,8-K,,,,8-K - PLUG POWER INC (0001093691) (Filer),https://www.sec.gov/Archives/edgar/data/1093691/000110465926072652/0001104659-26-072652-index.htm
2026-06-11T13:00:20.147686+00:00,US,SEC,8-K,,,,8-K - Eightco Holdings Inc. (0001892492) (Filer),https://www.sec.gov/Archives/edgar/data/1892492/000149315226028226/0001493152-26-028226-index.htm
2026-06-11T13:00:20.147691+00:00,US,SEC,8-K,,,,8-K - Alaska Silver Corp. (0001893899) (Filer),https://www.sec.gov/Archives/edgar/data/1893899/000106299326003160/0001062993-26-003160-index.htm
2026-06-10T21:11:29.453239+00:00,US,SEC,8-K,,,,8-K - McEwen Inc. (0000314203) (Filer),https://www.sec.gov/Archives/edgar/data/314203/000110465926072415/0001104659-26-072415-index.htm
2026-06-10T21:11:29.453270+00:00,US,SEC,8-K,,,,"8-K - Tectonic Therapeutic, Inc. (0001681087) (Filer)",https://www.sec.gov/Archives/edgar/data/1681087/000119312526266040/0001193125-26-266040-index.htm
2026-06-10T15:57:47.593815+00:00,US,SEC,8-K,,,,"8-K - U. S. Premium Beef, LLC (0001289237) (Filer)",https://www.sec.gov/Archives/edgar/data/1289237/000168316826004682/0001683168-26-004682-index.htm
2026-06-10T11:58:29.795376+00:00,US,SEC,8-K,,,,"8-K - Rafael Holdings, Inc. (0001713863) (Filer)",https://www.sec.gov/Archives/edgar/data/1713863/000121390026067083/0001213900-26-067083-index.htm
2026-06-09T21:05:58.493048+00:00,US,SEC,8-K,,,,8-K - Eagle Point Income Co Inc. (0001754836) (Filer),https://www.sec.gov/Archives/edgar/data/1754836/000110465926071900/0001104659-26-071900-index.htm
2026-06-09T21:05:58.493072+00:00,US,SEC,8-K,,,,"8-K - FingerMotion, Inc. (0001602409) (Filer)",https://www.sec.gov/Archives/edgar/data/1602409/000152013826000223/0001520138-26-000223-index.htm
2026-06-09T21:05:58.493079+00:00,US,SEC,8-K,,,,"8-K - Vistagen Therapeutics, Inc. (0001411685) (Filer)",https://www.sec.gov/Archives/edgar/data/1411685/000162828026041962/0001628280-26-041962-index.htm
2026-06-09T21:05:58.493083+00:00,US,SEC,8-K,,,,"8-K - KYNTRA BIO, INC. (0000921299) (Filer)",https://www.sec.gov/Archives/edgar/data/921299/000119312526264000/0001193125-26-264000-index.htm
2026-06-09T21:05:58.493112+00:00,US,SEC,8-K,,,,"8-K - BIMINI CAPITAL MANAGEMENT, INC. (0001275477) (Filer)",https://www.sec.gov/Archives/edgar/data/1275477/000143774926020023/0001437749-26-020023-index.htm
2026-06-09T21:05:58.493117+00:00,US,SEC,8-K,,,,8-K - TALOS ENERGY INC. (0001724965) (Filer),https://www.sec.gov/Archives/edgar/data/1724965/000119312526263995/0001193125-26-263995-index.htm
2026-06-09T19:02:11.891174+00:00,US,SEC,8-K,,,,8-K - Federal Home Loan Bank of Boston (0001331463) (Filer),https://www.sec.gov/Archives/edgar/data/1331463/000133146326000109/0001331463-26-000109-index.htm
2026-06-09T16:43:08.295934+00:00,US,SEC,8-K,,,,8-K - APi Group Corp (0001796209) (Filer),https://www.sec.gov/Archives/edgar/data/1796209/000162828026041818/0001628280-26-041818-index.htm
2026-06-09T14:02:02.793703+00:00,US,SEC,8-K,,,,8-K - Federal Home Loan Bank of Indianapolis (0001331754) (Filer),https://www.sec.gov/Archives/edgar/data/1331754/000133175426000123/0001331754-26-000123-index.htm
2026-06-09T11:33:14.739855+00:00,US,SEC,8-K,,,,"8-K - TYSON FOODS, INC. (0000100493) (Filer)",https://www.sec.gov/Archives/edgar/data/100493/000010049326000032/0000100493-26-000032-index.htm
2026-06-09T11:33:14.739883+00:00,US,SEC,8-K,,,,8-K - Incannex Healthcare Inc. (0001873875) (Filer),https://www.sec.gov/Archives/edgar/data/1873875/000121390026066526/0001213900-26-066526-index.htm
2026-06-09T11:33:14.739891+00:00,US,SEC,8-K,,,,"8-K - Soluna Holdings, Inc (0000064463) (Filer)",https://www.sec.gov/Archives/edgar/data/64463/000149315226027852/0001493152-26-027852-index.htm
2026-06-09T11:33:14.739929+00:00,US,SEC,8-K,,,,8-K - Autolus Therapeutics plc (0001730463) (Filer),https://www.sec.gov/Archives/edgar/data/1730463/000173046326000069/0001730463-26-000069-index.htm
2026-06-09T11:33:14.739936+00:00,US,SEC,8-K,,,,"8-K - LISATA THERAPEUTICS, INC. (0000320017) (Filer)",https://www.sec.gov/Archives/edgar/data/320017/000114036126024560/0001140361-26-024560-index.htm
2026-06-09T11:33:14.739963+00:00,US,SEC,8-K,,,,8-K - Trilogy Metals Inc. (0001543418) (Filer),https://www.sec.gov/Archives/edgar/data/1543418/000127956926000519/0001279569-26-000519-index.htm
2026-06-09T11:33:14.739970+00:00,US,SEC,8-K,,,,"8-K - SailPoint, Inc. (0002030781) (Filer)",https://www.sec.gov/Archives/edgar/data/2030781/000203078126000008/0002030781-26-000008-index.htm
2026-06-09T11:33:14.739974+00:00,US,SEC,8-K,,,,"8-K - Cartesian Therapeutics, Inc. (0001453687) (Filer)",https://www.sec.gov/Archives/edgar/data/1453687/000114036126024556/0001140361-26-024556-index.htm
2026-06-08T19:21:20.451472+00:00,US,SEC,8-K,,,,8-K - FortuneX Acquisition Corp (0002121703) (Filer),https://www.sec.gov/Archives/edgar/data/2121703/000182912626006182/0001829126-26-006182-index.htm
2026-06-08T19:21:20.451490+00:00,US,SEC,8-K,,,,"8-K - OPENLANE, Inc. (0001395942) (Filer)",https://www.sec.gov/Archives/edgar/data/1395942/000139594226000024/0001395942-26-000024-index.htm
2026-06-08T16:53:37.749808+00:00,US,SEC,8-K,,,,8-K - IONIS PHARMACEUTICALS INC (0000874015) (Filer),https://www.sec.gov/Archives/edgar/data/874015/000114036126024407/0001140361-26-024407-index.htm
2026-06-08T13:14:56.186626+00:00,US,SEC,8-K,,,,"8-K - Groupon, Inc. (0001490281) (Filer)",https://www.sec.gov/Archives/edgar/data/1490281/000149028126000016/0001490281-26-000016-index.htm
2026-06-08T13:14:56.186646+00:00,US,SEC,8-K,,,,"8-K - Ocean Power Technologies, Inc. (0001378140) (Filer)",https://www.sec.gov/Archives/edgar/data/1378140/000149315226027653/0001493152-26-027653-index.htm
2026-06-08T13:14:56.186651+00:00,US,SEC,8-K,,,,8-K - MetaVia Inc. (0001638287) (Filer),https://www.sec.gov/Archives/edgar/data/1638287/000110465926071211/0001104659-26-071211-index.htm
2026-06-08T13:14:56.186658+00:00,US,SEC,8-K,,,,"8-K - Global Business Travel Group, Inc. (0001820872) (Filer)",https://www.sec.gov/Archives/edgar/data/1820872/000114036126024371/0001140361-26-024371-index.htm
2026-06-08T13:14:56.186665+00:00,US,SEC,8-K,,,,"8-K - Wheeler Real Estate Investment Trust, Inc. (0001527541) (Filer)",https://www.sec.gov/Archives/edgar/data/1527541/000152754126000170/0001527541-26-000170-index.htm
2026-06-08T13:14:56.186677+00:00,US,SEC,8-K,,,,8-K - Solidion Technology Inc. (0001881551) (Filer),https://www.sec.gov/Archives/edgar/data/1881551/000121390026066068/0001213900-26-066068-index.htm
2026-06-05T20:27:41.950520+00:00,US,SEC,8-K,,,,8-K - Grindr Inc. (0001820144) (Filer),https://www.sec.gov/Archives/edgar/data/1820144/000182014426000020/0001820144-26-000020-index.htm
2026-06-05T20:27:41.950569+00:00,US,SEC,8-K,,,,8-K - Solventum Corp (0001964738) (Filer),https://www.sec.gov/Archives/edgar/data/1964738/000196473826000036/0001964738-26-000036-index.htm
2026-06-05T16:38:56.401618+00:00,US,SEC,8-K,,,,8-K - UFP TECHNOLOGIES INC (0000914156) (Filer),https://www.sec.gov/Archives/edgar/data/914156/000162828026041108/0001628280-26-041108-index.htm
2026-06-05T16:38:56.401681+00:00,US,SEC,8-K,,,,"8-K - GTJ REIT, INC. (0001368757) (Filer)",https://www.sec.gov/Archives/edgar/data/1368757/000119312526258929/0001193125-26-258929-index.htm
2026-06-05T11:35:20.376933+00:00,US,SEC,8-K,,,,8-K - G III APPAREL GROUP LTD /DE/ (0000821002) (Filer),https://www.sec.gov/Archives/edgar/data/821002/000110465926070742/0001104659-26-070742-index.htm
2026-06-05T11:35:20.376971+00:00,US,SEC,8-K,,,,"8-K - Climb Bio, Inc. (0001768446) (Filer)",https://www.sec.gov/Archives/edgar/data/1768446/000119312526258372/0001193125-26-258372-index.htm
2026-06-05T11:35:20.376982+00:00,US,SEC,8-K,,,,8-K - ABM INDUSTRIES INC /DE/ (0000771497) (Filer),https://www.sec.gov/Archives/edgar/data/771497/000119312526258367/0001193125-26-258367-index.htm
2026-06-05T11:35:20.376988+00:00,US,SEC,8-K,,,,"8-K - Seres Therapeutics, Inc. (0001609809) (Filer)",https://www.sec.gov/Archives/edgar/data/1609809/000119312526258366/0001193125-26-258366-index.htm
2026-06-04T21:01:38.805133+00:00,US,SEC,8-K,,,,"8-K - CAMBER ENERGY, INC. (0001309082) (Filer)",https://www.sec.gov/Archives/edgar/data/1309082/000147793226003650/0001477932-26-003650-index.htm
2026-06-04T21:01:38.805165+00:00,US,SEC,8-K,,,,"8-K - Tempest Therapeutics, Inc. (0001544227) (Filer)",https://www.sec.gov/Archives/edgar/data/1544227/000119312526257684/0001193125-26-257684-index.htm
2026-06-04T21:01:38.805190+00:00,US,SEC,8-K,,,,"8-K - Apollo IG Core Replacement, L.P. (0002074450) (Filer)",https://www.sec.gov/Archives/edgar/data/2074450/000095014226001645/0000950142-26-001645-index.htm
2026-06-04T19:02:30.349667+00:00,US,SEC,8-K,,,,"8-K - Presurance Holdings, Inc. (0001502292) (Filer)",https://www.sec.gov/Archives/edgar/data/1502292/000119312526257186/0001193125-26-257186-index.htm
2026-06-04T13:39:00.266118+00:00,US,SEC,8-K,,,,8-K - PROVIDENT FINANCIAL SERVICES INC (0001178970) (Filer),https://www.sec.gov/Archives/edgar/data/1178970/000162828026040647/0001628280-26-040647-index.htm
2026-06-04T10:24:40.799034+00:00,US,SEC,8-K,,,,8-K - SOMNIGROUP INTERNATIONAL INC. (0001206264) (Filer),https://www.sec.gov/Archives/edgar/data/1206264/000120626426000082/0001206264-26-000082-index.htm
2026-06-04T10:24:40.799054+00:00,US,SEC,8-K,,,,8-K - Cushman & Wakefield Ltd. (0001628369) (Filer),https://www.sec.gov/Archives/edgar/data/1628369/000162836926000098/0001628369-26-000098-index.htm
2026-06-03T20:36:46.686207+00:00,US,SEC,8-K,,,,"8-K - Aether Holdings, Inc. (0002026353) (Filer)",https://www.sec.gov/Archives/edgar/data/2026353/000149315226027110/0001493152-26-027110-index.htm
2026-06-03T20:36:46.686239+00:00,US,SEC,8-K,,,,8-K - CXApp Inc. (0001820875) (Filer),https://www.sec.gov/Archives/edgar/data/1820875/000182912626006014/0001829126-26-006014-index.htm
2026-06-03T17:21:08.209863+00:00,US,SEC,8-K,,,,"8-K - Cottonwood Communities, Inc. (0001692951) (Filer)",https://www.sec.gov/Archives/edgar/data/1692951/000169295126000101/0001692951-26-000101-index.htm
2026-06-03T17:21:08.209946+00:00,US,SEC,8-K,,,,8-K - Techlott Inc. (0001568969) (Filer),https://www.sec.gov/Archives/edgar/data/1568969/000149315226026994/0001493152-26-026994-index.htm
2026-06-03T12:13:32.614783+00:00,US,SEC,8-K,,,,"8-K - Transcode Therapeutics, Inc. (0001829635) (Filer)",https://www.sec.gov/Archives/edgar/data/1829635/000110465926069810/0001104659-26-069810-index.htm
2026-06-03T12:13:32.614801+00:00,US,SEC,8-K,,,,"8-K - Rent the Runway, Inc. (0001468327) (Filer)",https://www.sec.gov/Archives/edgar/data/1468327/000146832726000029/0001468327-26-000029-index.htm
2026-06-03T12:13:32.614808+00:00,US,SEC,8-K,,,,"8-K - RadNet, Inc. (0000790526) (Filer)",https://www.sec.gov/Archives/edgar/data/790526/000168316826004475/0001683168-26-004475-index.htm
2026-06-03T12:13:32.614826+00:00,US,SEC,8-K,,,,8-K - BIOLIFE SOLUTIONS INC (0000834365) (Filer),https://www.sec.gov/Archives/edgar/data/834365/000162828026040048/0001628280-26-040048-index.htm
2026-06-03T12:13:32.614831+00:00,US,SEC,8-K,,,,8-K - RICHTECH ROBOTICS INC. (0001963685) (Filer),https://www.sec.gov/Archives/edgar/data/1963685/000121390026064448/0001213900-26-064448-index.htm
2026-06-03T12:13:32.614836+00:00,US,SEC,8-K,,,,8-K - Summit Therapeutics Inc. (0001599298) (Filer),https://www.sec.gov/Archives/edgar/data/1599298/000159929826000049/0001599298-26-000049-index.htm
2026-06-03T12:13:32.614842+00:00,US,SEC,8-K,,,,8-K - 1606 CORP. (0001877461) (Filer),https://www.sec.gov/Archives/edgar/data/1877461/000147793226003599/0001477932-26-003599-index.htm
2026-06-03T12:13:32.614848+00:00,US,SEC,8-K,,,,"8-K - National Vision Holdings, Inc. (0001710155) (Filer)",https://www.sec.gov/Archives/edgar/data/1710155/000162828026040046/0001628280-26-040046-index.htm
2026-06-03T12:13:32.614852+00:00,US,SEC,8-K,,,,8-K - Digi Power X Inc. (0001854368) (Filer),https://www.sec.gov/Archives/edgar/data/1854368/000121390026064447/0001213900-26-064447-index.htm
2026-06-03T12:13:32.614856+00:00,US,SEC,8-K,,,,"8-K - BYLINE BANCORP, INC. (0001702750) (Filer)",https://www.sec.gov/Archives/edgar/data/1702750/000119312526254620/0001193125-26-254620-index.htm
2026-06-03T12:13:32.614860+00:00,US,SEC,8-K,,,,"8-K - American Assets Trust, Inc. (0001500217) (Filer)",https://www.sec.gov/Archives/edgar/data/1500217/000150021726000040/0001500217-26-000040-index.htm
2026-06-03T12:13:32.614864+00:00,US,SEC,8-K,,,,8-K - CORCEPT THERAPEUTICS INC (0001088856) (Filer),https://www.sec.gov/Archives/edgar/data/1088856/000119312526254622/0001193125-26-254622-index.htm
2026-06-03T12:13:32.614868+00:00,US,SEC,8-K,,,,8-K - WESTERN DIGITAL CORP (0000106040) (Filer),https://www.sec.gov/Archives/edgar/data/106040/000119312526254621/0001193125-26-254621-index.htm
2026-06-03T12:13:32.614886+00:00,US,SEC,8-K,,,,8-K - NewAmsterdam Pharma Co N.V. (0001936258) (Filer),https://www.sec.gov/Archives/edgar/data/1936258/000119312526254615/0001193125-26-254615-index.htm
2026-06-03T12:13:32.614896+00:00,US,SEC,8-K,,,,8-K - AtaiBeckley Inc. (0002081043) (Filer),https://www.sec.gov/Archives/edgar/data/2081043/000114036126023815/0001140361-26-023815-index.htm
2026-06-02T18:56:30.613165+00:00,US,SEC,8-K,,,,8-K - Federal Home Loan Bank of Des Moines (0001325814) (Filer),https://www.sec.gov/Archives/edgar/data/1325814/000132581426000084/0001325814-26-000084-index.htm
2026-06-02T15:14:16.227785+00:00,US,SEC,8-K,,,,8-K - Federal Home Loan Bank of Chicago (0001331451) (Filer),https://www.sec.gov/Archives/edgar/data/1331451/000133145126000099/0001331451-26-000099-index.htm
2026-06-02T11:18:04.478294+00:00,US,SEC,8-K,,,,"8-K - NorthWestern Energy Group, Inc. (0001993004) (Filer)",https://www.sec.gov/Archives/edgar/data/1993004/000199300426000042/0001993004-26-000042-index.htm
2026-06-02T11:18:04.478338+00:00,US,SEC,8-K,,,,"8-K - Rezolute, Inc. (0001509261) (Filer)",https://www.sec.gov/Archives/edgar/data/1509261/000110465926069206/0001104659-26-069206-index.htm
2026-06-02T11:18:04.478344+00:00,US,SEC,8-K,,,,"8-K - Vera Therapeutics, Inc. (0001831828) (Filer)",https://www.sec.gov/Archives/edgar/data/1831828/000119312526252475/0001193125-26-252475-index.htm
2026-06-01T13:04:44.702842+00:00,US,SEC,8-K,,,,8-K - Uniti Group Inc. (0002020795) (Filer),https://www.sec.gov/Archives/edgar/data/2020795/000095010326008114/0000950103-26-008114-index.htm
2026-06-01T13:04:44.702860+00:00,US,SEC,8-K,,,,"8-K - Silo Pharma, Inc. (0001514183) (Filer)",https://www.sec.gov/Archives/edgar/data/1514183/000121390026063185/0001213900-26-063185-index.htm
2026-06-01T13:04:44.702877+00:00,US,SEC,8-K,,,,"8-K - System1, Inc. (0001805833) (Filer)",https://www.sec.gov/Archives/edgar/data/1805833/000180583326000030/0001805833-26-000030-index.htm
2026-06-01T13:04:44.702882+00:00,US,SEC,8-K,,,,8-K - INTERNATIONAL FLAVORS & FRAGRANCES INC (0000051253) (Filer),https://www.sec.gov/Archives/edgar/data/51253/000119312526249963/0001193125-26-249963-index.htm
2026-06-01T13:04:44.702898+00:00,US,SEC,8-K,,,,"8-K - Transcode Therapeutics, Inc. (0001829635) (Filer)",https://www.sec.gov/Archives/edgar/data/1829635/000110465926068647/0001104659-26-068647-index.htm
2026-06-01T13:04:44.702903+00:00,US,SEC,8-K,,,,8-K - MEDIFAST INC (0000910329) (Filer),https://www.sec.gov/Archives/edgar/data/910329/000162828026039293/0001628280-26-039293-index.htm
2026-05-29T18:20:03.429019+00:00,US,SEC,8-K,,,,8-K - MOSAIC CO (0001285785) (Filer),https://www.sec.gov/Archives/edgar/data/1285785/000128578526000069/0001285785-26-000069-index.htm
2026-05-29T18:20:03.429069+00:00,US,SEC,8-K,,,,8-K - Invesco Real Estate Income Trust Inc. (0001756761) (Filer),https://www.sec.gov/Archives/edgar/data/1756761/000175676126000086/0001756761-26-000086-index.htm
2026-05-29T11:53:21.269875+00:00,US,SEC,8-K,,,,8-K - Aptose Biosciences Inc. (0000882361) (Filer),https://www.sec.gov/Archives/edgar/data/882361/000117184326003778/0001171843-26-003778-index.htm
2026-05-29T11:53:21.269896+00:00,US,SEC,8-K,,,,8-K - JOHNSON OUTDOORS INC (0000788329) (Filer),https://www.sec.gov/Archives/edgar/data/788329/000117184326003777/0001171843-26-003777-index.htm
2026-05-29T11:53:21.269923+00:00,US,SEC,8-K,,,,8-K - EDAP TMS SA (0001041934) (Filer),https://www.sec.gov/Archives/edgar/data/1041934/000117184326003773/0001171843-26-003773-index.htm
2026-05-28T21:23:19.590315+00:00,US,SEC,8-K,,,,8-K - CALERES INC (0000014707) (Filer),https://www.sec.gov/Archives/edgar/data/14707/000001470726000070/0000014707-26-000070-index.htm
2026-05-28T21:23:19.590378+00:00,US,SEC,8-K,,,,"8-K - SOLIGENIX, INC. (0000812796) (Filer)",https://www.sec.gov/Archives/edgar/data/812796/000110465926067649/0001104659-26-067649-index.htm
2026-05-28T12:02:19.530479+00:00,US,SEC,8-K,,,,"8-K - Reservoir Media, Inc. (0001824403) (Filer)",https://www.sec.gov/Archives/edgar/data/1824403/000110465926067248/0001104659-26-067248-index.htm
2026-05-28T12:02:19.530506+00:00,US,SEC,8-K,,,,"8-K - Aveanna Healthcare Holdings, Inc. (0001832332) (Filer)",https://www.sec.gov/Archives/edgar/data/1832332/000119312526243028/0001193125-26-243028-index.htm
2026-05-28T12:02:19.530512+00:00,US,SEC,8-K,,,,"8-K - Bionano Genomics, Inc. (0001411690) (Filer)",https://www.sec.gov/Archives/edgar/data/1411690/000141169026000033/0001411690-26-000033-index.htm
2026-05-28T12:02:19.530520+00:00,US,SEC,8-K,,,,8-K - Functional Brands Inc. (0001837254) (Filer),https://www.sec.gov/Archives/edgar/data/1837254/000121390026061761/0001213900-26-061761-index.htm
2026-05-28T12:02:19.530527+00:00,US,SEC,8-K,,,,"8-K - BioCardia, Inc. (0000925741) (Filer)",https://www.sec.gov/Archives/edgar/data/925741/000143774926018670/0001437749-26-018670-index.htm
2026-05-27T17:46:19.707073+00:00,US,SEC,8-K,,,,"8-K - FS Bancorp, Inc. (0001530249) (Filer)",https://www.sec.gov/Archives/edgar/data/1530249/000093905726000118/0000939057-26-000118-index.htm
2026-05-27T17:46:19.707103+00:00,US,SEC,8-K,,,,8-K - Federal Home Loan Bank of Des Moines (0001325814) (Filer),https://www.sec.gov/Archives/edgar/data/1325814/000132581426000080/0001325814-26-000080-index.htm
2026-05-26T17:42:28.068219+00:00,US,SEC,8-K,,,,8-K - AMETEK INC/ (0001037868) (Filer),https://www.sec.gov/Archives/edgar/data/1037868/000103786826000163/0001037868-26-000163-index.htm
2026-05-22T20:49:43.554464+00:00,US,SEC,8-K,,,,8-K - MOLSON COORS BEVERAGE CO (0000024545) (Filer),https://www.sec.gov/Archives/edgar/data/24545/000110465926065786/0001104659-26-065786-index.htm
2026-05-22T20:49:43.554525+00:00,US,SEC,8-K,,,,"8-K - Global Indemnity Group, LLC (0001494904) (Filer)",https://www.sec.gov/Archives/edgar/data/1494904/000119312526237087/0001193125-26-237087-index.htm
2026-05-22T17:22:48.207178+00:00,US,SEC,8-K,,,,"8-K - First Guaranty Bancshares, Inc. (0001408534) (Filer)",https://www.sec.gov/Archives/edgar/data/1408534/000140853426000049/0001408534-26-000049-index.htm
2026-05-22T17:22:48.207239+00:00,US,SEC,8-K,,,,"8-K - HOME BANCORP, INC. (0001436425) (Filer)",https://www.sec.gov/Archives/edgar/data/1436425/000162828026037637/0001628280-26-037637-index.htm
2026-05-22T12:09:08.226660+00:00,US,SEC,8-K,,,,8-K - TIPTREE INC. (0001393726) (Filer),https://www.sec.gov/Archives/edgar/data/1393726/000139372626000031/0001393726-26-000031-index.htm
2026-05-22T12:09:08.226684+00:00,US,SEC,8-K,,,,"8-K - Kimco Realty OP, LLC (0001959472) (Filer)",https://www.sec.gov/Archives/edgar/data/1959472/000114036126022535/0001140361-26-022535-index.htm
2026-05-22T12:09:08.226690+00:00,US,SEC,8-K,,,,8-K - KIMCO REALTY CORP (0000879101) (Filer),https://www.sec.gov/Archives/edgar/data/879101/000114036126022535/0001140361-26-022535-index.htm
2026-05-22T12:09:08.226698+00:00,US,SEC,8-K,,,,"8-K - Privia Health Group, Inc. (0001759655) (Filer)",https://www.sec.gov/Archives/edgar/data/1759655/000175965526000034/0001759655-26-000034-index.htm
2026-05-22T12:09:08.226703+00:00,US,SEC,8-K,,,,"8-K - GT Biopharma, Inc. (0000109657) (Filer)",https://www.sec.gov/Archives/edgar/data/109657/000149315226024913/0001493152-26-024913-index.htm
2026-05-22T12:09:08.226717+00:00,US,SEC,8-K,,,,8-K - HENRY SCHEIN INC (0001000228) (Filer),https://www.sec.gov/Archives/edgar/data/1000228/000119312526235496/0001193125-26-235496-index.htm
2026-05-21T21:12:09.224627+00:00,US,SEC,8-K,,,,"8-K - Algorhythm Holdings, Inc. (0000923601) (Filer)",https://www.sec.gov/Archives/edgar/data/923601/000149315226024859/0001493152-26-024859-index.htm
2026-05-21T19:20:55.734014+00:00,US,SEC,8-K,,,,8-K - KKR FS Income Trust (0001930679) (Filer),https://www.sec.gov/Archives/edgar/data/1930679/000110465926065107/0001104659-26-065107-index.htm
2026-05-21T19:20:55.734040+00:00,US,SEC,8-K,,,,8-K - KKR FS Income Trust Select (0001975736) (Filer),https://www.sec.gov/Archives/edgar/data/1975736/000110465926065106/0001104659-26-065106-index.htm
2026-05-21T17:16:44.966044+00:00,US,SEC,8-K,,,,8-K - TRIMAS CORP (0000842633) (Filer),https://www.sec.gov/Archives/edgar/data/842633/000084263326000033/0000842633-26-000033-index.htm
2026-05-21T14:28:42.019986+00:00,US,SEC,8-K,,,,8-K - HOVNANIAN ENTERPRISES INC (0000357294) (Filer),https://www.sec.gov/Archives/edgar/data/357294/000175392626000924/0001753926-26-000924-index.htm
2026-05-21T11:46:12.431472+00:00,US,SEC,8-K,,,,8-K - ALLSTATE CORP (0000899051) (Filer),https://www.sec.gov/Archives/edgar/data/899051/000089905126000079/0000899051-26-000079-index.htm
2026-05-21T11:46:12.431509+00:00,US,SEC,8-K,,,,8-K - COGNITION THERAPEUTICS INC (0001455365) (Filer),https://www.sec.gov/Archives/edgar/data/1455365/000110465926064863/0001104659-26-064863-index.htm
2026-05-21T11:46:12.431515+00:00,US,SEC,8-K,,,,"8-K - CONSTELLATION BRANDS, INC. (0000016918) (Filer)",https://www.sec.gov/Archives/edgar/data/16918/000001691826000016/0000016918-26-000016-index.htm
2026-05-21T11:46:12.431525+00:00,US,SEC,8-K,,,,"8-K - HawkEye 360, Inc. (0001750704) (Filer)",https://www.sec.gov/Archives/edgar/data/1750704/000162828026037051/0001628280-26-037051-index.htm
2026-05-21T11:46:12.431530+00:00,US,SEC,8-K,,,,"8-K - Rigetti Computing, Inc. (0001838359) (Filer)",https://www.sec.gov/Archives/edgar/data/1838359/000110465926064861/0001104659-26-064861-index.htm
2026-05-21T11:46:12.431535+00:00,US,SEC,8-K,,,,8-K - GlobalTech Corp (0001938338) (Filer),https://www.sec.gov/Archives/edgar/data/1938338/000147793226003382/0001477932-26-003382-index.htm
2026-05-21T11:46:12.431539+00:00,US,SEC,8-K,,,,8-K - BADGER METER INC (0000009092) (Filer),https://www.sec.gov/Archives/edgar/data/9092/000119312526233404/0001193125-26-233404-index.htm
2026-05-21T11:46:12.431544+00:00,US,SEC,8-K,,,,8-K - Aebi Schmidt Holding AG (0002048519) (Filer),https://www.sec.gov/Archives/edgar/data/2048519/000117184326003600/0001171843-26-003600-index.htm
2026-05-21T11:46:12.431549+00:00,US,SEC,8-K,,,,8-K - UNIVERSAL HEALTH SERVICES INC (0000352915) (Filer),https://www.sec.gov/Archives/edgar/data/352915/000119312526233402/0001193125-26-233402-index.htm
2026-05-21T11:46:12.431558+00:00,US,SEC,8-K,,,,8-K - PepGen Inc. (0001835597) (Filer),https://www.sec.gov/Archives/edgar/data/1835597/000119312526233403/0001193125-26-233403-index.htm
2026-05-21T11:46:12.431586+00:00,US,SEC,8-K,,,,8-K - ERP OPERATING LTD PARTNERSHIP (0000931182) (Filer),https://www.sec.gov/Archives/edgar/data/931182/000119312526233381/0001193125-26-233381-index.htm
2026-05-21T11:46:12.431591+00:00,US,SEC,8-K,,,,8-K - EQUITY RESIDENTIAL (0000906107) (Filer),https://www.sec.gov/Archives/edgar/data/906107/000119312526233381/0001193125-26-233381-index.htm
2026-05-21T11:46:12.431604+00:00,US,SEC,8-K,,,,"8-K - ADVANCED DRAINAGE SYSTEMS, INC. (0001604028) (Filer)",https://www.sec.gov/Archives/edgar/data/1604028/000160402826000014/0001604028-26-000014-index.htm
2026-05-21T11:46:12.431610+00:00,US,SEC,8-K,,,,8-K - NOCOPI TECHNOLOGIES INC/MD/ (0000888981) (Filer),https://www.sec.gov/Archives/edgar/data/888981/000107997326000713/0001079973-26-000713-index.htm
2026-05-21T11:46:12.431615+00:00,US,SEC,8-K,,,,"8-K - Hemab Therapeutics Holdings, Inc. (0002114044) (Filer)",https://www.sec.gov/Archives/edgar/data/2114044/000119312526233375/0001193125-26-233375-index.htm
2026-05-20T21:21:50.094987+00:00,US,SEC,8-K,,,,"8-K - Sound Point Meridian Capital, Inc. (0001930147) (Filer)",https://www.sec.gov/Archives/edgar/data/1930147/000182912626005503/0001829126-26-005503-index.htm
2026-05-20T21:21:50.095021+00:00,US,SEC,8-K,,,,"8-K - Life Time Group Holdings, Inc. (0001869198) (Filer)",https://www.sec.gov/Archives/edgar/data/1869198/000186919826000036/0001869198-26-000036-index.htm
2026-05-20T21:21:50.095029+00:00,US,SEC,8-K,,,,"8-K - LEE ENTERPRISES, Inc (0000058361) (Filer)",https://www.sec.gov/Archives/edgar/data/58361/000005836126000046/0000058361-26-000046-index.htm
2026-05-20T21:21:50.095040+00:00,US,SEC,8-K,,,,"8-K - Strawberry Fields REIT, Inc. (0001782430) (Filer)",https://www.sec.gov/Archives/edgar/data/1782430/000149315226024667/0001493152-26-024667-index.htm
2026-05-20T19:35:32.342372+00:00,US,SEC,8-K,,,,"8-K - Elvictor Group, Inc. (0001741489) (Filer)",https://www.sec.gov/Archives/edgar/data/1741489/000121390026059476/0001213900-26-059476-index.htm
2026-05-20T19:35:32.342426+00:00,US,SEC,8-K,,,,8-K - WATTS WATER TECHNOLOGIES INC (0000795403) (Filer),https://www.sec.gov/Archives/edgar/data/795403/000110465926064461/0001104659-26-064461-index.htm
2026-05-20T11:18:17.656408+00:00,US,SEC,8-K,,,,8-K - Roivant Sciences Ltd. (0001635088) (Filer),https://www.sec.gov/Archives/edgar/data/1635088/000163508826000060/0001635088-26-000060-index.htm
2026-05-20T11:18:17.656423+00:00,US,SEC,8-K,,,,"8-K - Immunovant, Inc. (0001764013) (Filer)",https://www.sec.gov/Archives/edgar/data/1764013/000176401326000062/0001764013-26-000062-index.htm
2026-05-20T11:18:17.656447+00:00,US,SEC,8-K,,,,8-K - Sachem Capital Corp. (0001682220) (Filer),https://www.sec.gov/Archives/edgar/data/1682220/000168222026000041/0001682220-26-000041-index.htm
2026-05-20T11:18:17.656456+00:00,US,SEC,8-K,,,,8-K - Philip Morris International Inc. (0001413329) (Filer),https://www.sec.gov/Archives/edgar/data/1413329/000162828026036721/0001628280-26-036721-index.htm
2026-05-20T11:18:17.656474+00:00,US,SEC,8-K,,,,8-K - ANALOG DEVICES INC (0000006281) (Filer),https://www.sec.gov/Archives/edgar/data/6281/000000628126000050/0000006281-26-000050-index.htm
2026-05-20T11:18:17.656491+00:00,US,SEC,8-K,,,,8-K - INNOVATIVE INDUSTRIAL PROPERTIES INC (0001677576) (Filer),https://www.sec.gov/Archives/edgar/data/1677576/000110465926064109/0001104659-26-064109-index.htm
2026-05-19T16:38:09.701693+00:00,US,SEC,8-K,,,,8-K - APi Group Corp (0001796209) (Filer),https://www.sec.gov/Archives/edgar/data/1796209/000162828026036256/0001628280-26-036256-index.htm
2026-05-19T13:28:46.906754+00:00,US,SEC,8-K,,,,8-K - Federal Home Loan Bank of Atlanta (0001331465) (Filer),https://www.sec.gov/Archives/edgar/data/1331465/000133146526000097/0001331465-26-000097-index.htm
2026-05-19T13:28:46.906813+00:00,US,SEC,8-K,,,,8-K - Federal Home Loan Bank of Pittsburgh (0001330399) (Filer),https://www.sec.gov/Archives/edgar/data/1330399/000119312526229794/0001193125-26-229794-index.htm
2026-05-19T13:28:46.906826+00:00,US,SEC,8-K,,,,8-K - ROGERS CORP (0000084748) (Filer),https://www.sec.gov/Archives/edgar/data/84748/000008474826000036/0000084748-26-000036-index.htm
2026-05-19T10:06:39.422205+00:00,US,SEC,8-K,,,,8-K - Novelis Inc. (0001304280) (Filer),https://www.sec.gov/Archives/edgar/data/1304280/000130428026000016/0001304280-26-000016-index.htm
2026-05-19T10:06:39.422238+00:00,US,SEC,8-K,,,,8-K - InMed Pharmaceuticals Inc. (0001728328) (Filer),https://www.sec.gov/Archives/edgar/data/1728328/000106299326002787/0001062993-26-002787-index.htm
2026-05-19T10:06:39.422271+00:00,US,SEC,8-K,,,,8-K - INNOVATIVE INDUSTRIAL PROPERTIES INC (0001677576) (Filer),https://www.sec.gov/Archives/edgar/data/1677576/000110465926063383/0001104659-26-063383-index.htm
2026-05-18T20:25:01.334570+00:00,US,SEC,8-K,,,,"8-K - Penguin Solutions, Inc. (0001616533) (Filer)",https://www.sec.gov/Archives/edgar/data/1616533/000161653326000036/0001616533-26-000036-index.htm
2026-05-18T18:51:44.714561+00:00,US,SEC,8-K,,,,8-K - STARRY SEA ACQUISITION CORP (0002059165) (Filer),https://www.sec.gov/Archives/edgar/data/2059165/000182912626005412/0001829126-26-005412-index.htm
2026-05-18T13:58:45.452390+00:00,US,SEC,8-K,,,,"8-K - Tri-State Generation & Transmission Association, Inc. (0001637880) (Filer)",https://www.sec.gov/Archives/edgar/data/1637880/000163788026000027/0001637880-26-000027-index.htm
2026-05-18T10:05:19.516142+00:00,US,SEC,8-K,,,,"8-K - LiveRamp Holdings, Inc. (0000733269) (Filer)",https://www.sec.gov/Archives/edgar/data/733269/000110465926062908/0001104659-26-062908-index.htm
2026-05-18T10:05:19.516159+00:00,US,SEC,8-K,,,,8-K - Artificial Intelligence Technology Solutions Inc. (0001498148) (Filer),https://www.sec.gov/Archives/edgar/data/1498148/000149315226024029/0001493152-26-024029-index.htm
2026-05-18T10:05:19.516165+00:00,US,SEC,8-K,,,,8-K - TOYOTA MOTOR CREDIT CORP (0000834071) (Filer),https://www.sec.gov/Archives/edgar/data/834071/000095010326007308/0000950103-26-007308-index.htm
2026-05-18T10:05:19.516197+00:00,US,SEC,8-K,,,,8-K - PERMA FIX ENVIRONMENTAL SERVICES INC (0000891532) (Filer),https://www.sec.gov/Archives/edgar/data/891532/000149315226024026/0001493152-26-024026-index.htm
2026-05-18T10:05:19.516215+00:00,US,SEC,8-K,,,,"8-K - CoreCivic, Inc. (0001070985) (Filer)",https://www.sec.gov/Archives/edgar/data/1070985/000119312526227820/0001193125-26-227820-index.htm
2026-05-15T21:30:17.790251+00:00,US,SEC,8-K,,,,"8-K - Velo3D, Inc. (0001825079) (Filer)",https://www.sec.gov/Archives/edgar/data/1825079/000149315226023956/0001493152-26-023956-index.htm
2026-05-15T20:16:38.702710+00:00,US,SEC,8-K,,,,8-K - GOLD RESOURCE CORP (0001160791) (Filer),https://www.sec.gov/Archives/edgar/data/1160791/000110465926062537/0001104659-26-062537-index.htm
2026-05-15T20:16:38.702733+00:00,US,SEC,8-K,,,,"8-K - COLLEGIUM PHARMACEUTICAL, INC (0001267565) (Filer)",https://www.sec.gov/Archives/edgar/data/1267565/000110465926062536/0001104659-26-062536-index.htm
2026-05-15T17:09:49.409768+00:00,US,SEC,8-K,,,,"8-K - Columbia Financial, Inc./MD/ (0002115119) (Filer)",https://www.sec.gov/Archives/edgar/data/2115119/000119312526226075/0001193125-26-226075-index.htm
2026-05-15T13:02:20.112230+00:00,US,SEC,8-K,,,,"8-K - Professional Diversity Network, Inc. (0001546296) (Filer)",https://www.sec.gov/Archives/edgar/data/1546296/000143774926017234/0001437749-26-017234-index.htm
2026-05-15T13:02:20.112301+00:00,US,SEC,8-K,,,,8-K - UNITED GUARDIAN INC (0000101295) (Filer),https://www.sec.gov/Archives/edgar/data/101295/000117184326003455/0001171843-26-003455-index.htm
2026-05-15T11:00:12.764491+00:00,US,SEC,8-K,,,,8-K - Clearway Energy LLC (0001637757) (Filer),https://www.sec.gov/Archives/edgar/data/1637757/000110465926061750/0001104659-26-061750-index.htm
2026-05-15T11:00:12.764510+00:00,US,SEC,8-K,,,,"8-K - Clearway Energy, Inc. (0001567683) (Filer)",https://www.sec.gov/Archives/edgar/data/1567683/000110465926061748/0001104659-26-061748-index.htm
2026-05-14T20:26:45.176925+00:00,US,SEC,8-K,,,,"8-K - COMSCORE, INC. (0001158172) (Filer)",https://www.sec.gov/Archives/edgar/data/1158172/000115817226000015/0001158172-26-000015-index.htm
2026-05-14T20:26:45.176963+00:00,US,SEC,8-K,,,,8-K - Odysight.ai Inc. (0001577445) (Filer),https://www.sec.gov/Archives/edgar/data/1577445/000149315226023116/0001493152-26-023116-index.htm
2026-05-14T20:26:45.176969+00:00,US,SEC,8-K,,,,"8-K - Bio Green Med Solution, Inc. (0001130166) (Filer)",https://www.sec.gov/Archives/edgar/data/1130166/000149315226023117/0001493152-26-023117-index.htm
2026-05-14T20:26:45.176978+00:00,US,SEC,8-K,,,,"8-K - AleAnna, Inc. (0001845123) (Filer)",https://www.sec.gov/Archives/edgar/data/1845123/000121390026056667/0001213900-26-056667-index.htm
2026-05-14T20:26:45.176985+00:00,US,SEC,8-K,,,,"8-K - GameSquare Holdings, Inc. (0001714562) (Filer)",https://www.sec.gov/Archives/edgar/data/1714562/000149315226023115/0001493152-26-023115-index.htm
2026-05-14T18:53:53.334552+00:00,US,SEC,8-K,,,,"8-K - HYSTER-YALE, INC. (0001173514) (Filer)",https://www.sec.gov/Archives/edgar/data/1173514/000117351426000125/0001173514-26-000125-index.htm
2026-05-14T14:46:00.179342+00:00,US,SEC,8-K,,,,8-K - Federal Home Loan Bank of New York (0001329842) (Filer),https://www.sec.gov/Archives/edgar/data/1329842/000165495426004859/0001654954-26-004859-index.htm
2026-05-14T12:15:46.121588+00:00,US,SEC,8-K,,,,"8-K - Candel Therapeutics, Inc. (0001841387) (Filer)",https://www.sec.gov/Archives/edgar/data/1841387/000119312526222892/0001193125-26-222892-index.htm
2026-05-14T12:15:46.121606+00:00,US,SEC,8-K,,,,"8-K - Corbus Pharmaceuticals Holdings, Inc. (0001595097) (Filer)",https://www.sec.gov/Archives/edgar/data/1595097/000119312526222890/0001193125-26-222890-index.htm
2026-05-14T12:15:46.121615+00:00,US,SEC,8-K,,,,"8-K - Dine Brands Global, Inc. (0000049754) (Filer)",https://www.sec.gov/Archives/edgar/data/49754/000119312526222891/0001193125-26-222891-index.htm
2026-05-14T12:15:46.121622+00:00,US,SEC,8-K,,,,8-K - Ondas Inc. (0001646188) (Filer),https://www.sec.gov/Archives/edgar/data/1646188/000121390026056235/0001213900-26-056235-index.htm
2026-05-14T12:15:46.121630+00:00,US,SEC,8-K,,,,8-K - FORUM MARKETS Inc (0001690080) (Filer),https://www.sec.gov/Archives/edgar/data/1690080/000121390026056234/0001213900-26-056234-index.htm
2026-05-14T12:15:46.121652+00:00,US,SEC,8-K,,,,8-K - Cingulate Inc. (0001862150) (Filer),https://www.sec.gov/Archives/edgar/data/1862150/000149315226022881/0001493152-26-022881-index.htm
2026-05-14T12:15:46.121659+00:00,US,SEC,8-K,,,,8-K - Benitec Biopharma Inc. (0001808898) (Filer),https://www.sec.gov/Archives/edgar/data/1808898/000119312526222879/0001193125-26-222879-index.htm
2026-05-14T12:15:46.121682+00:00,US,SEC,8-K,,,,8-K - MeiraGTx Holdings plc (0001735438) (Filer),https://www.sec.gov/Archives/edgar/data/1735438/000110465926060726/0001104659-26-060726-index.htm
2026-05-14T12:15:46.121691+00:00,US,SEC,8-K,,,,8-K - Apyx Medical Corp (0000719135) (Filer),https://www.sec.gov/Archives/edgar/data/719135/000143774926016885/0001437749-26-016885-index.htm
2026-05-14T12:15:46.121695+00:00,US,SEC,8-K,,,,8-K - OFF THE HOOK YS INC. (0002067767) (Filer),https://www.sec.gov/Archives/edgar/data/2067767/000149315226022878/0001493152-26-022878-index.htm
2026-05-14T12:15:46.121699+00:00,US,SEC,8-K,,,,8-K - Lucid Diagnostics Inc. (0001799011) (Filer),https://www.sec.gov/Archives/edgar/data/1799011/000149315226022877/0001493152-26-022877-index.htm
2026-05-14T12:15:46.121703+00:00,US,SEC,8-K,,,,"8-K - Genprex, Inc. (0001595248) (Filer)",https://www.sec.gov/Archives/edgar/data/1595248/000143774926016883/0001437749-26-016883-index.htm
2026-05-14T10:36:29.594987+00:00,US,SEC,8-K,,,,"8-K - Forgent Power Solutions, Inc. (0002080126) (Filer)",https://www.sec.gov/Archives/edgar/data/2080126/000208012626000017/0002080126-26-000017-index.htm
2026-05-14T10:36:29.595008+00:00,US,SEC,8-K,,,,8-K - Fermi Inc. (0002071778) (Filer),https://www.sec.gov/Archives/edgar/data/2071778/000207177826000027/0002071778-26-000027-index.htm
2026-05-14T10:36:29.595035+00:00,US,SEC,8-K,,,,8-K - WOLVERINE WORLD WIDE INC /DE/ (0000110471) (Filer),https://www.sec.gov/Archives/edgar/data/110471/000162828026034777/0001628280-26-034777-index.htm
2026-05-14T10:36:29.595091+00:00,US,SEC,8-K,,,,8-K - HyOrc Corp (0001070789) (Filer),https://www.sec.gov/Archives/edgar/data/1070789/000149315226022853/0001493152-26-022853-index.htm
2026-05-13T21:26:54.940569+00:00,US,SEC,8-K,,,,"8-K - Crescent Capital BDC, Inc. (0001633336) (Filer)",https://www.sec.gov/Archives/edgar/data/1633336/000119312526221986/0001193125-26-221986-index.htm
2026-05-13T15:48:18.703697+00:00,US,SEC,8-K,,,,8-K - Arthur J. Gallagher & Co. (0000354190) (Filer),https://www.sec.gov/Archives/edgar/data/354190/000035419026000142/0000354190-26-000142-index.htm
2026-05-13T15:48:18.703730+00:00,US,SEC,8-K,,,,8-K - Kentucky First Federal Bancorp (0001297341) (Filer),https://www.sec.gov/Archives/edgar/data/1297341/000121390026055573/0001213900-26-055573-index.htm
2026-05-13T13:03:53.719972+00:00,US,SEC,8-K,,,,8-K - Knight-Swift Transportation Holdings Inc. (0001492691) (Filer),https://www.sec.gov/Archives/edgar/data/1492691/000149269126000047/0001492691-26-000047-index.htm
2026-05-13T13:03:53.720032+00:00,US,SEC,8-K,,,,8-K - BEASLEY BROADCAST GROUP INC (0001099160) (Filer),https://www.sec.gov/Archives/edgar/data/1099160/000119312526220728/0001193125-26-220728-index.htm
2026-05-13T13:03:53.720053+00:00,US,SEC,8-K,,,,"8-K - Cohen & Steers Income Opportunities REIT, Inc. (0001939433) (Filer)",https://www.sec.gov/Archives/edgar/data/1939433/000193943326000071/0001939433-26-000071-index.htm
2026-05-13T13:03:53.720069+00:00,US,SEC,8-K,,,,8-K - METTLER TOLEDO INTERNATIONAL INC/ (0001037646) (Filer),https://www.sec.gov/Archives/edgar/data/1037646/000103764626000026/0001037646-26-000026-index.htm
2026-05-13T10:45:34.072951+00:00,US,SEC,8-K,,,,"8-K - Eos Energy Enterprises, Inc. (0001805077) (Filer)",https://www.sec.gov/Archives/edgar/data/1805077/000162828026034367/0001628280-26-034367-index.htm
2026-05-13T10:45:34.072979+00:00,US,SEC,8-K,,,,"8-K - Aprea Therapeutics, Inc. (0001781983) (Filer)",https://www.sec.gov/Archives/edgar/data/1781983/000110465926059734/0001104659-26-059734-index.htm
2026-05-13T10:45:34.072985+00:00,US,SEC,8-K,,,,"8-K - Dynatrace, Inc. (0001773383) (Filer)",https://www.sec.gov/Archives/edgar/data/1773383/000177338326000011/0001773383-26-000011-index.htm
2026-05-13T10:45:34.072998+00:00,US,SEC,8-K,,,,"8-K - Castellum, Inc. (0001877939) (Filer)",https://www.sec.gov/Archives/edgar/data/1877939/000187793926000036/0001877939-26-000036-index.htm
2026-05-13T10:45:34.073003+00:00,US,SEC,8-K,,,,8-K - COMPASS Pathways plc (0001816590) (Filer),https://www.sec.gov/Archives/edgar/data/1816590/000181659026000043/0001816590-26-000043-index.htm
2026-05-12T20:58:29.006109+00:00,US,SEC,8-K,,,,"8-K - AstroNova, Inc. (0000008146) (Filer)",https://www.sec.gov/Archives/edgar/data/8146/000119312526219737/0001193125-26-219737-index.htm
2026-05-12T19:20:30.925562+00:00,US,SEC,8-K,,,,8-K - MID PENN BANCORP INC (0000879635) (Filer),https://www.sec.gov/Archives/edgar/data/879635/000087963526000039/0000879635-26-000039-index.htm
2026-05-12T15:24:49.010358+00:00,US,SEC,8-K,,,,8-K - Octave Intelligence plc (0002083632) (Filer),https://www.sec.gov/Archives/edgar/data/2083632/000162828026033950/0001628280-26-033950-index.htm
2026-05-12T15:24:49.010444+00:00,US,SEC,8-K,,,,8-K - JACK HENRY & ASSOCIATES INC (0000779152) (Filer),https://www.sec.gov/Archives/edgar/data/779152/000077915226000027/0000779152-26-000027-index.htm
2026-05-12T12:28:28.831093+00:00,US,SEC,8-K,,,,"8-K - ALPHA MODUS HOLDINGS, INC. (0001862463) (Filer)",https://www.sec.gov/Archives/edgar/data/1862463/000149315226022408/0001493152-26-022408-index.htm
2026-05-12T12:28:28.831113+00:00,US,SEC,8-K,,,,"8-K - C3.ai, Inc. (0001577526) (Filer)",https://www.sec.gov/Archives/edgar/data/1577526/000119312526218253/0001193125-26-218253-index.htm
2026-05-12T12:28:28.831119+00:00,US,SEC,8-K,,,,8-K - STRATUS PROPERTIES INC (0000885508) (Filer),https://www.sec.gov/Archives/edgar/data/885508/000088550826000021/0000885508-26-000021-index.htm
2026-05-12T12:28:28.831124+00:00,US,SEC,8-K,,,,8-K - AtaiBeckley Inc. (0002081043) (Filer),https://www.sec.gov/Archives/edgar/data/2081043/000114036126020708/0001140361-26-020708-index.htm
2026-05-12T12:28:28.831145+00:00,US,SEC,8-K,,,,"8-K - SOLESENCE, INC. (0000883107) (Filer)",https://www.sec.gov/Archives/edgar/data/883107/000117184326003273/0001171843-26-003273-index.htm
2026-05-12T12:28:28.831151+00:00,US,SEC,8-K,,,,"8-K - Definium Therapeutics, Inc. (0001813814) (Filer)",https://www.sec.gov/Archives/edgar/data/1813814/000119312526218251/0001193125-26-218251-index.htm
2026-05-12T12:28:28.831155+00:00,US,SEC,8-K,,,,"8-K - Corbus Pharmaceuticals Holdings, Inc. (0001595097) (Filer)",https://www.sec.gov/Archives/edgar/data/1595097/000119312526218250/0001193125-26-218250-index.htm
2026-05-12T12:28:28.831160+00:00,US,SEC,8-K,,,,"8-K - SPAR Group, Inc. (0001004989) (Filer)",https://www.sec.gov/Archives/edgar/data/1004989/000143774926016244/0001437749-26-016244-index.htm
2026-05-12T12:28:28.831187+00:00,US,SEC,8-K,,,,"8-K - ExlService Holdings, Inc. (0001297989) (Filer)",https://www.sec.gov/Archives/edgar/data/1297989/000110465926059031/0001104659-26-059031-index.htm
2026-05-12T12:28:28.831192+00:00,US,SEC,8-K,,,,8-K - NEUROONE MEDICAL TECHNOLOGIES Corp (0001500198) (Filer),https://www.sec.gov/Archives/edgar/data/1500198/000121390026054744/0001213900-26-054744-index.htm
2026-05-12T12:28:28.831207+00:00,US,SEC,8-K,,,,"8-K - Kalaris Therapeutics, Inc. (0001754068) (Filer)",https://www.sec.gov/Archives/edgar/data/1754068/000119312526218240/0001193125-26-218240-index.htm
2026-05-12T10:39:57.867699+00:00,US,SEC,8-K,,,,8-K - AMPCO PITTSBURGH CORP (0000006176) (Filer),https://www.sec.gov/Archives/edgar/data/6176/000119312526218107/0001193125-26-218107-index.htm
2026-05-12T10:39:57.867719+00:00,US,SEC,8-K,,,,8-K - Aramark (0001584509) (Filer),https://www.sec.gov/Archives/edgar/data/1584509/000158450926000085/0001584509-26-000085-index.htm
2026-05-12T10:39:57.867732+00:00,US,SEC,8-K,,,,8-K - JFB Construction Holdings (0002024306) (Filer),https://www.sec.gov/Archives/edgar/data/2024306/000149315226022373/0001493152-26-022373-index.htm
2026-05-12T10:39:57.867740+00:00,US,SEC,8-K,,,,8-K - ST JOE Co (0000745308) (Filer),https://www.sec.gov/Archives/edgar/data/745308/000110465926058957/0001104659-26-058957-index.htm
2026-05-12T10:39:57.867743+00:00,US,SEC,8-K,,,,8-K - Cardinal Infrastructure Group Inc. (0002079999) (Filer),https://www.sec.gov/Archives/edgar/data/2079999/000119312526218102/0001193125-26-218102-index.htm
2026-05-12T10:39:57.867747+00:00,US,SEC,8-K,,,,"8-K - ZIMMER BIOMET HOLDINGS, INC. (0001136869) (Filer)",https://www.sec.gov/Archives/edgar/data/1136869/000119312526218098/0001193125-26-218098-index.htm
2026-05-12T10:39:57.867751+00:00,US,SEC,8-K,,,,"8-K - Vishay Precision Group, Inc. (0001487952) (Filer)",https://www.sec.gov/Archives/edgar/data/1487952/000143774926016226/0001437749-26-016226-index.htm
2026-05-12T10:39:57.867762+00:00,US,SEC,8-K,,,,8-K - T1 Energy Inc. (0001992243) (Filer),https://www.sec.gov/Archives/edgar/data/1992243/000121390026054706/0001213900-26-054706-index.htm
2026-05-11T20:19:22.844089+00:00,US,SEC,8-K,,,,"8-K - PACS Group, Inc. (0002001184) (Filer)",https://www.sec.gov/Archives/edgar/data/2001184/000200118426000024/0002001184-26-000024-index.htm
2026-05-11T20:19:22.844121+00:00,US,SEC,8-K,,,,"8-K - EVI INDUSTRIES, INC. (0000065312) (Filer)",https://www.sec.gov/Archives/edgar/data/65312/000143774926016126/0001437749-26-016126-index.htm
2026-05-11T20:19:22.844168+00:00,US,SEC,8-K,,,,8-K - Plutonian Acquisition Corp. II (0002065661) (Filer),https://www.sec.gov/Archives/edgar/data/2065661/000147793226002951/0001477932-26-002951-index.htm
2026-05-11T14:05:23.550132+00:00,US,SEC,8-K,,,,"8-K - BA Credit Card Funding, LLC (0001370238) (Filer)",https://www.sec.gov/Archives/edgar/data/1370238/000092963826001791/0000929638-26-001791-index.htm
2026-05-11T14:05:23.550148+00:00,US,SEC,8-K,,,,8-K - BA Credit Card Trust (0001128250) (Filer),https://www.sec.gov/Archives/edgar/data/1128250/000092963826001791/0000929638-26-001791-index.htm
2026-05-11T14:05:23.550154+00:00,US,SEC,8-K,,,,8-K - BA Master Credit Card Trust II (0000936988) (Filer),https://www.sec.gov/Archives/edgar/data/936988/000092963826001791/0000929638-26-001791-index.htm
2026-05-11T11:32:47.704664+00:00,US,SEC,8-K,,,,8-K - Cronos Group Inc. (0001656472) (Filer),https://www.sec.gov/Archives/edgar/data/1656472/000165647226000032/0001656472-26-000032-index.htm
2026-05-11T11:32:47.704689+00:00,US,SEC,8-K,,,,8-K - Sow Good Inc. (0001490161) (Filer),https://www.sec.gov/Archives/edgar/data/1490161/000182912626004890/0001829126-26-004890-index.htm
2026-05-11T11:32:47.704743+00:00,US,SEC,8-K,,,,"8-K - RadNet, Inc. (0000790526) (Filer)",https://www.sec.gov/Archives/edgar/data/790526/000168316826003624/0001683168-26-003624-index.htm
2026-05-11T11:32:47.704752+00:00,US,SEC,8-K,,,,8-K - OPAL Fuels Inc. (0001842279) (Filer),https://www.sec.gov/Archives/edgar/data/1842279/000162828026033124/0001628280-26-033124-index.htm
2026-05-11T11:32:47.704768+00:00,US,SEC,8-K,,,,"8-K - Archrock, Inc. (0001389050) (Filer)",https://www.sec.gov/Archives/edgar/data/1389050/000138905026000022/0001389050-26-000022-index.htm
2026-05-08T21:12:00.729771+00:00,US,SEC,8-K,,,,8-K - NEKTAR THERAPEUTICS (0000906709) (Filer),https://www.sec.gov/Archives/edgar/data/906709/000119312526214976/0001193125-26-214976-index.htm
2026-05-08T21:12:00.729819+00:00,US,SEC,8-K,,,,"8-K - Robinhood Markets, Inc. (0001783879) (Filer)",https://www.sec.gov/Archives/edgar/data/1783879/000178387926000065/0001783879-26-000065-index.htm
2026-05-08T12:00:24.924394+00:00,US,SEC,8-K,,,,"8-K - Ridgepost Capital, Inc. (0001841968) (Filer)",https://www.sec.gov/Archives/edgar/data/1841968/000119312526213371/0001193125-26-213371-index.htm
2026-05-08T12:00:24.924438+00:00,US,SEC,8-K,,,,8-K - PPL Corp (0000922224) (Filer),https://www.sec.gov/Archives/edgar/data/922224/000092222426000024/0000922224-26-000024-index.htm
2026-05-08T12:00:24.924464+00:00,US,SEC,8-K,,,,8-K - Digi Power X Inc. (0001854368) (Filer),https://www.sec.gov/Archives/edgar/data/1854368/000121390026053566/0001213900-26-053566-index.htm
2026-05-08T10:46:50.982500+00:00,US,SEC,8-K,,,,8-K - Brookfield Asset Management Ltd. (0001937926) (Filer),https://www.sec.gov/Archives/edgar/data/1937926/000117184326003183/0001171843-26-003183-index.htm
2026-05-08T10:46:50.982541+00:00,US,SEC,8-K,,,,"8-K - Artiva Biotherapeutics, Inc. (0001817241) (Filer)",https://www.sec.gov/Archives/edgar/data/1817241/000119312526213239/0001193125-26-213239-index.htm
2026-05-08T10:46:50.982558+00:00,US,SEC,8-K,,,,8-K - INTERFACE INC (0000715787) (Filer),https://www.sec.gov/Archives/edgar/data/715787/000071578726000008/0000715787-26-000008-index.htm
2026-05-08T10:46:50.982562+00:00,US,SEC,8-K,,,,"8-K - Airsculpt Technologies, Inc. (0001870940) (Filer)",https://www.sec.gov/Archives/edgar/data/1870940/000187094026000026/0001870940-26-000026-index.htm
2026-05-08T10:46:50.982582+00:00,US,SEC,8-K,,,,8-K - AdvanSix Inc. (0001673985) (Filer),https://www.sec.gov/Archives/edgar/data/1673985/000167398526000033/0001673985-26-000033-index.htm
2026-05-07T21:05:00.856838+00:00,US,SEC,8-K,,,,8-K - Ready Capital Corp (0001527590) (Filer),https://www.sec.gov/Archives/edgar/data/1527590/000162828026032299/0001628280-26-032299-index.htm
2026-05-07T21:05:00.856902+00:00,US,SEC,8-K,,,,8-K - RRE Ventures Acquisition Corp. (0002123969) (Filer),https://www.sec.gov/Archives/edgar/data/2123969/000119312526212364/0001193125-26-212364-index.htm
2026-05-07T18:09:46.331876+00:00,US,SEC,8-K,,,,"8-K - EQT Exeter Real Estate Income Trust, Inc. (0001946997) (Filer)",https://www.sec.gov/Archives/edgar/data/1946997/000194699726000002/0001946997-26-000002-index.htm
2026-05-07T16:28:50.010654+00:00,US,SEC,8-K,,,,8-K - COMMERCE BANCSHARES INC /MO/ (0000022356) (Filer),https://www.sec.gov/Archives/edgar/data/22356/000002235626000131/0000022356-26-000131-index.htm
2026-05-07T14:46:32.505731+00:00,US,SEC,8-K,,,,"8-K - Essential Utilities, Inc. (0000078128) (Filer)",https://www.sec.gov/Archives/edgar/data/78128/000155278126000307/0001552781-26-000307-index.htm
2026-05-07T12:05:35.124453+00:00,US,SEC,8-K,,,,"8-K - ACI WORLDWIDE, INC. (0000935036) (Filer)",https://www.sec.gov/Archives/edgar/data/935036/000093503626000019/0000935036-26-000019-index.htm
2026-05-07T12:05:35.124473+00:00,US,SEC,8-K,,,,8-K - Primo Brands Corp (0002042694) (Filer),https://www.sec.gov/Archives/edgar/data/2042694/000127956926000400/0001279569-26-000400-index.htm
2026-05-07T12:05:35.124481+00:00,US,SEC,8-K,,,,8-K - Vericel Corp (0000887359) (Filer),https://www.sec.gov/Archives/edgar/data/887359/000162828026031713/0001628280-26-031713-index.htm
2026-05-07T12:05:35.124511+00:00,US,SEC,8-K,,,,8-K - Proto Labs Inc (0001443669) (Filer),https://www.sec.gov/Archives/edgar/data/1443669/000110465926056700/0001104659-26-056700-index.htm
2026-05-07T12:05:35.124530+00:00,US,SEC,8-K,,,,8-K - Viatris Inc (0001792044) (Filer),https://www.sec.gov/Archives/edgar/data/1792044/000179204426000025/0001792044-26-000025-index.htm
2026-05-07T12:05:35.124534+00:00,US,SEC,8-K,,,,"8-K - Clearwater Analytics Holdings, Inc. (0001866368) (Filer)",https://www.sec.gov/Archives/edgar/data/1866368/000119312526210384/0001193125-26-210384-index.htm
2026-05-07T12:05:35.124545+00:00,US,SEC,8-K,,,,8-K - TerrAscend Corp. (0001778129) (Filer),https://www.sec.gov/Archives/edgar/data/1778129/000119312526210379/0001193125-26-210379-index.htm
2026-05-07T12:05:35.124550+00:00,US,SEC,8-K,,,,"8-K - International Seaways, Inc. (0001679049) (Filer)",https://www.sec.gov/Archives/edgar/data/1679049/000110465926056695/0001104659-26-056695-index.htm
2026-05-07T12:05:35.124558+00:00,US,SEC,8-K,,,,8-K - NETSCOUT SYSTEMS INC (0001078075) (Filer),https://www.sec.gov/Archives/edgar/data/1078075/000107807526000027/0001078075-26-000027-index.htm
2026-05-07T12:05:35.124563+00:00,US,SEC,8-K,,,,8-K - Cars.com Inc. (0001683606) (Filer),https://www.sec.gov/Archives/edgar/data/1683606/000119312526210377/0001193125-26-210377-index.htm
2026-05-07T12:05:35.124569+00:00,US,SEC,8-K,,,,8-K - GRIFFON CORP (0000050725) (Filer),https://www.sec.gov/Archives/edgar/data/50725/000162828026031705/0001628280-26-031705-index.htm
2026-05-07T10:09:34.219145+00:00,US,SEC,8-K,,,,8-K - EXOZYMES INC. (0002010788) (Filer),https://www.sec.gov/Archives/edgar/data/2010788/000149315226021589/0001493152-26-021589-index.htm
2026-05-07T10:09:34.219173+00:00,US,SEC,8-K,,,,"8-K - Solid Power, Inc. (0001844862) (Filer)",https://www.sec.gov/Archives/edgar/data/1844862/000110465926056584/0001104659-26-056584-index.htm
2026-05-07T10:09:34.219187+00:00,US,SEC,8-K,,,,8-K - CROSS COUNTRY HEALTHCARE INC (0001141103) (Filer),https://www.sec.gov/Archives/edgar/data/1141103/000095010326006921/0000950103-26-006921-index.htm
2026-05-07T10:09:34.219193+00:00,US,SEC,8-K,,,,"8-K - Privia Health Group, Inc. (0001759655) (Filer)",https://www.sec.gov/Archives/edgar/data/1759655/000175965526000027/0001759655-26-000027-index.htm
2026-05-07T10:09:34.219206+00:00,US,SEC,8-K,,,,8-K - Claritev Corp (0001793229) (Filer),https://www.sec.gov/Archives/edgar/data/1793229/000179322926000041/0001793229-26-000041-index.htm
2026-05-07T10:09:34.219211+00:00,US,SEC,8-K,,,,"8-K - 22nd Century Group, Inc. (0001347858) (Filer)",https://www.sec.gov/Archives/edgar/data/1347858/000149315226021582/0001493152-26-021582-index.htm
2026-05-07T10:09:34.219218+00:00,US,SEC,8-K,,,,"8-K - Arhaus, Inc. (0001875444) (Filer)",https://www.sec.gov/Archives/edgar/data/1875444/000187544426000014/0001875444-26-000014-index.htm
2026-05-07T10:09:34.219226+00:00,US,SEC,8-K,,,,8-K - Zai Lab Ltd (0001704292) (Filer),https://www.sec.gov/Archives/edgar/data/1704292/000162828026031624/0001628280-26-031624-index.htm
2026-05-07T10:09:34.219265+00:00,US,SEC,8-K,,,,8-K - LINCOLN NATIONAL CORP (0000059558) (Filer),https://www.sec.gov/Archives/edgar/data/59558/000005955826000031/0000059558-26-000031-index.htm
2026-05-07T10:09:34.219270+00:00,US,SEC,8-K,,,,8-K - HAEMONETICS CORP (0000313143) (Filer),https://www.sec.gov/Archives/edgar/data/313143/000031314326000031/0000313143-26-000031-index.htm
2026-05-07T10:09:34.219281+00:00,US,SEC,8-K,,,,8-K - GigaCloud Technology Inc (0001857816) (Filer),https://www.sec.gov/Archives/edgar/data/1857816/000185781626000054/0001857816-26-000054-index.htm
2026-05-06T20:44:07.585707+00:00,US,SEC,8-K,,,,8-K - WATTS WATER TECHNOLOGIES INC (0000795403) (Filer),https://www.sec.gov/Archives/edgar/data/795403/000110465926056325/0001104659-26-056325-index.htm
2026-05-06T20:44:07.585757+00:00,US,SEC,8-K,,,,"8-K - CF Industries Holdings, Inc. (0001324404) (Filer)",https://www.sec.gov/Archives/edgar/data/1324404/000132440426000011/0001324404-26-000011-index.htm
2026-05-06T19:02:40.492136+00:00,US,SEC,8-K,,,,"8-K - Franklin BSP Real Estate Debt, Inc. (0002035428) (Filer)",https://www.sec.gov/Archives/edgar/data/2035428/000203542826000025/0002035428-26-000025-index.htm
2026-05-06T19:02:40.492173+00:00,US,SEC,8-K,,,,8-K - CPS TECHNOLOGIES CORP/DE/ (0000814676) (Filer),https://www.sec.gov/Archives/edgar/data/814676/000143774926015161/0001437749-26-015161-index.htm
2026-05-06T19:02:40.492180+00:00,US,SEC,8-K,,,,8-K - PERMIAN BASIN ROYALTY TRUST (0000319654) (Filer),https://www.sec.gov/Archives/edgar/data/319654/000119312526208639/0001193125-26-208639-index.htm
2026-05-06T13:13:02.576339+00:00,US,SEC,8-K,,,,"8-K - Medalist Diversified, Inc. (0001654595) (Filer)",https://www.sec.gov/Archives/edgar/data/1654595/000110465926055946/0001104659-26-055946-index.htm
2026-05-06T13:13:02.576357+00:00,US,SEC,8-K,,,,"8-K - PULSE BIOSCIENCES, INC. (0001625101) (Filer)",https://www.sec.gov/Archives/edgar/data/1625101/000143774926015039/0001437749-26-015039-index.htm
2026-05-06T13:13:02.576392+00:00,US,SEC,8-K,,,,8-K - SLM Corp (0001032033) (Filer),https://www.sec.gov/Archives/edgar/data/1032033/000119312526207711/0001193125-26-207711-index.htm
2026-05-06T11:22:15.634075+00:00,US,SEC,8-K,,,,"8-K - LIFECORE BIOMEDICAL, INC. \DE\ (0001005286) (Filer)",https://www.sec.gov/Archives/edgar/data/1005286/000100528626000018/0001005286-26-000018-index.htm
2026-05-06T11:22:15.634099+00:00,US,SEC,8-K,,,,"8-K - CS Disco, Inc. (0001625641) (Filer)",https://www.sec.gov/Archives/edgar/data/1625641/000162564126000105/0001625641-26-000105-index.htm
2026-05-06T11:22:15.634109+00:00,US,SEC,8-K,,,,"8-K - TScan Therapeutics, Inc. (0001783328) (Filer)",https://www.sec.gov/Archives/edgar/data/1783328/000119312526207549/0001193125-26-207549-index.htm
2026-05-06T11:22:15.634136+00:00,US,SEC,8-K,,,,"8-K - Dine Brands Global, Inc. (0000049754) (Filer)",https://www.sec.gov/Archives/edgar/data/49754/000119312526207550/0001193125-26-207550-index.htm
2026-05-06T11:22:15.634166+00:00,US,SEC,8-K,,,,8-K - Immunocore Holdings plc (0001671927) (Filer),https://www.sec.gov/Archives/edgar/data/1671927/000114036126019205/0001140361-26-019205-index.htm
2026-05-06T11:22:15.634173+00:00,US,SEC,8-K,,,,"8-K - Kyndryl Holdings, Inc. (0001867072) (Filer)",https://www.sec.gov/Archives/edgar/data/1867072/000110465926055902/0001104659-26-055902-index.htm
2026-05-06T11:22:15.634179+00:00,US,SEC,8-K,,,,"8-K - Strata Critical Medical, Inc. (0001779128) (Filer)",https://www.sec.gov/Archives/edgar/data/1779128/000162828026030898/0001628280-26-030898-index.htm
2026-05-06T11:22:15.634186+00:00,US,SEC,8-K,,,,8-K - CDW Corp (0001402057) (Filer),https://www.sec.gov/Archives/edgar/data/1402057/000140205726000023/0001402057-26-000023-index.htm
2026-05-06T11:22:15.634192+00:00,US,SEC,8-K,,,,8-K - BIOCRYST PHARMACEUTICALS INC (0000882796) (Filer),https://www.sec.gov/Archives/edgar/data/882796/000117184326003052/0001171843-26-003052-index.htm
2026-05-06T11:22:15.634208+00:00,US,SEC,8-K,,,,"8-K - MADRIGAL PHARMACEUTICALS, INC. (0001157601) (Filer)",https://www.sec.gov/Archives/edgar/data/1157601/000162828026030896/0001628280-26-030896-index.htm
2026-05-06T11:22:15.634214+00:00,US,SEC,8-K,,,,8-K - TRIMBLE INC. (0000864749) (Filer),https://www.sec.gov/Archives/edgar/data/864749/000086474926000061/0000864749-26-000061-index.htm
2026-05-06T11:22:15.634220+00:00,US,SEC,8-K,,,,8-K - Criteo S.A. (0001576427) (Filer),https://www.sec.gov/Archives/edgar/data/1576427/000157642726000043/0001576427-26-000043-index.htm
2026-05-06T11:22:15.634226+00:00,US,SEC,8-K,,,,8-K - Tonix Pharmaceuticals Holding Corp. (0001430306) (Filer),https://www.sec.gov/Archives/edgar/data/1430306/000199937126010039/0001999371-26-010039-index.htm
2026-05-06T11:22:15.634233+00:00,US,SEC,8-K,,,,8-K - INSULET CORP (0001145197) (Filer),https://www.sec.gov/Archives/edgar/data/1145197/000114519726000100/0001145197-26-000100-index.htm
2026-05-06T11:22:15.634242+00:00,US,SEC,8-K,,,,"8-K - EyePoint, Inc. (0001314102) (Filer)",https://www.sec.gov/Archives/edgar/data/1314102/000119312526207537/0001193125-26-207537-index.htm
2026-05-06T11:22:15.634246+00:00,US,SEC,8-K,,,,8-K - NATURAL RESOURCE PARTNERS LP (0001171486) (Filer),https://www.sec.gov/Archives/edgar/data/1171486/000143774926015012/0001437749-26-015012-index.htm
2026-05-06T11:22:15.634255+00:00,US,SEC,8-K,,,,8-K - ANAVEX LIFE SCIENCES CORP. (0001314052) (Filer),https://www.sec.gov/Archives/edgar/data/1314052/000173112226000678/0001731122-26-000678-index.htm
2026-05-06T11:22:15.634259+00:00,US,SEC,8-K,,,,"8-K - Lineage, Inc. (0001868159) (Filer)",https://www.sec.gov/Archives/edgar/data/1868159/000186815926000027/0001868159-26-000027-index.htm
2026-05-06T11:22:15.634263+00:00,US,SEC,8-K,,,,8-K - GLOBAL PAYMENTS INC (0001123360) (Filer),https://www.sec.gov/Archives/edgar/data/1123360/000112336026000070/0001123360-26-000070-index.htm
2026-05-05T20:13:09.791179+00:00,US,SEC,8-K,,,,"8-K - Kinsale Capital Group, Inc. (0001669162) (Filer)",https://www.sec.gov/Archives/edgar/data/1669162/000166916226000031/0001669162-26-000031-index.htm
2026-05-05T20:13:09.791257+00:00,US,SEC,8-K,,,,"8-K - Klaviyo, Inc. (0001835830) (Filer)",https://www.sec.gov/Archives/edgar/data/1835830/000183583026000026/0001835830-26-000026-index.htm
2026-05-05T20:13:09.791264+00:00,US,SEC,8-K,,,,"8-K - Match Group, Inc. (0000891103) (Filer)",https://www.sec.gov/Archives/edgar/data/891103/000089110326000072/0000891103-26-000072-index.htm
2026-05-05T17:48:37.035564+00:00,US,SEC,8-K,,,,8-K - DORIAN LPG LTD. (0001596993) (Filer),https://www.sec.gov/Archives/edgar/data/1596993/000159699326000016/0001596993-26-000016-index.htm
2026-05-05T16:09:36.253807+00:00,US,SEC,8-K,,,,8-K - CF BANKSHARES INC. (0001070680) (Filer),https://www.sec.gov/Archives/edgar/data/1070680/000119312526205631/0001193125-26-205631-index.htm
2026-05-05T12:02:21.892150+00:00,US,SEC,8-K,,,,"8-K - Zentalis Pharmaceuticals, Inc. (0001725160) (Filer)",https://www.sec.gov/Archives/edgar/data/1725160/000172516026000033/0001725160-26-000033-index.htm
2026-05-05T12:02:21.892171+00:00,US,SEC,8-K,,,,8-K - IPG PHOTONICS CORP (0001111928) (Filer),https://www.sec.gov/Archives/edgar/data/1111928/000111192826000094/0001111928-26-000094-index.htm
2026-05-05T12:02:21.892190+00:00,US,SEC,8-K,,,,"8-K - Picard Medical, Inc. (0002030617) (Filer)",https://www.sec.gov/Archives/edgar/data/2030617/000182912626004529/0001829126-26-004529-index.htm
2026-05-05T12:02:21.892195+00:00,US,SEC,8-K,,,,8-K - ORRSTOWN FINANCIAL SERVICES INC (0000826154) (Filer),https://www.sec.gov/Archives/edgar/data/826154/000162828026030141/0001628280-26-030141-index.htm
2026-05-05T12:02:21.892212+00:00,US,SEC,8-K,,,,"8-K - Viridian Therapeutics, Inc.\DE (0001590750) (Filer)",https://www.sec.gov/Archives/edgar/data/1590750/000119312526205099/0001193125-26-205099-index.htm
2026-05-05T12:02:21.892225+00:00,US,SEC,8-K,,,,"8-K - Sunstone Hotel Investors, Inc. (0001295810) (Filer)",https://www.sec.gov/Archives/edgar/data/1295810/000110465926055280/0001104659-26-055280-index.htm
2026-05-05T12:02:21.892231+00:00,US,SEC,8-K,,,,8-K - Knife River Corp (0001955520) (Filer),https://www.sec.gov/Archives/edgar/data/1955520/000162828026030137/0001628280-26-030137-index.htm
2026-05-05T12:02:21.892236+00:00,US,SEC,8-K,,,,8-K - Enovix Corp (0001828318) (Filer),https://www.sec.gov/Archives/edgar/data/1828318/000182831826000022/0001828318-26-000022-index.htm
2026-05-05T12:02:21.892246+00:00,US,SEC,8-K,,,,"8-K - LINDBLAD EXPEDITIONS HOLDINGS, INC. (0001512499) (Filer)",https://www.sec.gov/Archives/edgar/data/1512499/000143774926014742/0001437749-26-014742-index.htm
2026-05-05T12:02:21.892257+00:00,US,SEC,8-K,,,,"8-K - RHYTHM PHARMACEUTICALS, INC. (0001649904) (Filer)",https://www.sec.gov/Archives/edgar/data/1649904/000162828026030136/0001628280-26-030136-index.htm
2026-05-05T12:02:21.892261+00:00,US,SEC,8-K,,,,8-K - PEABODY ENERGY CORP (0001064728) (Filer),https://www.sec.gov/Archives/edgar/data/1064728/000106472826000022/0001064728-26-000022-index.htm
2026-05-05T12:02:21.892270+00:00,US,SEC,8-K,,,,8-K - NETSTREIT Corp. (0001798100) (Filer),https://www.sec.gov/Archives/edgar/data/1798100/000162828026030133/0001628280-26-030133-index.htm
2026-05-05T12:02:21.892274+00:00,US,SEC,8-K,,,,"8-K - Climb Bio, Inc. (0001768446) (Filer)",https://www.sec.gov/Archives/edgar/data/1768446/000119312526205079/0001193125-26-205079-index.htm
2026-05-05T10:51:05.070664+00:00,US,SEC,8-K,,,,8-K - Aptiv PLC (0001521332) (Filer),https://www.sec.gov/Archives/edgar/data/1521332/000152133226000044/0001521332-26-000044-index.htm
2026-05-05T10:51:05.070686+00:00,US,SEC,8-K,,,,"8-K - Pediatrix Medical Group, Inc. (0000893949) (Filer)",https://www.sec.gov/Archives/edgar/data/893949/000119312526204982/0001193125-26-204982-index.htm
2026-05-05T10:51:05.070693+00:00,US,SEC,8-K,,,,8-K - Ferguson Enterprises Inc. /DE/ (0002011641) (Filer),https://www.sec.gov/Archives/edgar/data/2011641/000201164126000028/0002011641-26-000028-index.htm
2026-05-05T10:51:05.070698+00:00,US,SEC,8-K,,,,"8-K - HARLEY-DAVIDSON, INC. (0000793952) (Filer)",https://www.sec.gov/Archives/edgar/data/793952/000079395226000029/0000793952-26-000029-index.htm
2026-05-05T10:51:05.070703+00:00,US,SEC,8-K,,,,8-K - TopBuild Corp (0001633931) (Filer),https://www.sec.gov/Archives/edgar/data/1633931/000110465926055225/0001104659-26-055225-index.htm
2026-05-05T10:51:05.070718+00:00,US,SEC,8-K,,,,8-K - MPLX LP (0001552000) (Filer),https://www.sec.gov/Archives/edgar/data/1552000/000155200026000023/0001552000-26-000023-index.htm
2026-05-05T10:51:05.070723+00:00,US,SEC,8-K,,,,8-K - Marathon Petroleum Corp (0001510295) (Filer),https://www.sec.gov/Archives/edgar/data/1510295/000151029526000039/0001510295-26-000039-index.htm
2026-05-05T10:51:05.070736+00:00,US,SEC,8-K,,,,8-K - Atlantic Union Bankshares Corp (0000883948) (Filer),https://www.sec.gov/Archives/edgar/data/883948/000088394826000043/0000883948-26-000043-index.htm
2026-05-05T10:51:05.070740+00:00,US,SEC,8-K,,,,8-K - ONITY GROUP INC. (0000873860) (Filer),https://www.sec.gov/Archives/edgar/data/873860/000149315226021221/0001493152-26-021221-index.htm
2026-05-05T10:51:05.070753+00:00,US,SEC,8-K,,,,8-K - Kosmos Energy Ltd. (0001509991) (Filer),https://www.sec.gov/Archives/edgar/data/1509991/000150999126000023/0001509991-26-000023-index.htm
2026-05-05T10:51:05.070758+00:00,US,SEC,8-K,,,,"8-K - FTC Solar, Inc. (0001828161) (Filer)",https://www.sec.gov/Archives/edgar/data/1828161/000119312526204973/0001193125-26-204973-index.htm
2026-05-05T10:51:05.070762+00:00,US,SEC,8-K,,,,8-K - Vivid Seats Inc. (0001856031) (Filer),https://www.sec.gov/Archives/edgar/data/1856031/000114036126018995/0001140361-26-018995-index.htm
2026-05-05T10:51:05.070772+00:00,US,SEC,8-K,,,,"8-K - REVVITY, INC. (0000031791) (Filer)",https://www.sec.gov/Archives/edgar/data/31791/000003179126000016/0000031791-26-000016-index.htm
2026-05-05T10:51:05.070787+00:00,US,SEC,8-K,,,,8-K - IDEXX LABORATORIES INC /DE (0000874716) (Filer),https://www.sec.gov/Archives/edgar/data/874716/000110465926055203/0001104659-26-055203-index.htm
2026-05-05T10:51:05.070795+00:00,US,SEC,8-K,,,,"8-K - XCF Global, Inc. (0002019793) (Filer)",https://www.sec.gov/Archives/edgar/data/2019793/000149315226021218/0001493152-26-021218-index.htm
2026-05-05T10:51:05.070802+00:00,US,SEC,8-K,,,,8-K - WILLIS LEASE FINANCE CORP (0001018164) (Filer),https://www.sec.gov/Archives/edgar/data/1018164/000101816426000050/0001018164-26-000050-index.htm
2026-05-04T21:32:52.965779+00:00,US,SEC,8-K,,,,8-K - RTX Corp (0000101829) (Filer),https://www.sec.gov/Archives/edgar/data/101829/000114036126018932/0001140361-26-018932-index.htm
2026-05-04T21:32:52.965818+00:00,US,SEC,8-K,,,,8-K - CORNING INC /NY (0000024741) (Filer),https://www.sec.gov/Archives/edgar/data/24741/000120677426000266/0001206774-26-000266-index.htm
2026-05-04T21:32:52.965841+00:00,US,SEC,8-K,,,,8-K - Transocean Ltd. (0001451505) (Filer),https://www.sec.gov/Archives/edgar/data/1451505/000145150526000041/0001451505-26-000041-index.htm
2026-05-04T20:15:52.500339+00:00,US,SEC,8-K,,,,8-K - Valaris Ltd (0000314808) (Filer),https://www.sec.gov/Archives/edgar/data/314808/000031480826000097/0000314808-26-000097-index.htm
2026-05-04T20:15:52.500385+00:00,US,SEC,8-K,,,,8-K - Metallus Inc. (0001598428) (Filer),https://www.sec.gov/Archives/edgar/data/1598428/000119312526204015/0001193125-26-204015-index.htm
2026-05-04T20:15:52.500400+00:00,US,SEC,8-K,,,,8-K - Madison Square Garden Sports Corp. (0001636519) (Filer),https://www.sec.gov/Archives/edgar/data/1636519/000119312526204017/0001193125-26-204017-index.htm
2026-05-04T20:15:52.500405+00:00,US,SEC,8-K,,,,8-K - GEO GROUP INC (0000923796) (Filer),https://www.sec.gov/Archives/edgar/data/923796/000119312526204018/0001193125-26-204018-index.htm
2026-05-04T15:19:04.998946+00:00,US,SEC,8-K,,,,"8-K - PAR PACIFIC HOLDINGS, INC. (0000821483) (Filer)",https://www.sec.gov/Archives/edgar/data/821483/000143774926014568/0001437749-26-014568-index.htm
2026-05-04T13:07:10.820150+00:00,US,SEC,8-K,,,,8-K - FEDERAL HOME LOAN MORTGAGE CORP (0001026214) (Filer),https://www.sec.gov/Archives/edgar/data/1026214/000102621426000030/0001026214-26-000030-index.htm
2026-05-04T13:07:10.820170+00:00,US,SEC,8-K,,,,"8-K - VPR Brands, LP. (0001376231) (Filer)",https://www.sec.gov/Archives/edgar/data/1376231/000121390026051180/0001213900-26-051180-index.htm
2026-05-04T13:07:10.820192+00:00,US,SEC,8-K,,,,8-K - ONCOLYTICS BIOTECH INC (0001129928) (Filer),https://www.sec.gov/Archives/edgar/data/1129928/000112992826000028/0001129928-26-000028-index.htm
2026-05-04T13:07:10.820232+00:00,US,SEC,8-K,,,,"8-K - OptimumBank Holdings, Inc. (0001288855) (Filer)",https://www.sec.gov/Archives/edgar/data/1288855/000149315226021029/0001493152-26-021029-index.htm
2026-05-04T13:07:10.820239+00:00,US,SEC,8-K,,,,8-K - MASIMO CORP (0000937556) (Filer),https://www.sec.gov/Archives/edgar/data/937556/000110465926054512/0001104659-26-054512-index.htm
2026-05-04T13:07:10.820248+00:00,US,SEC,8-K,,,,8-K - SIERRA BANCORP (0001130144) (Filer),https://www.sec.gov/Archives/edgar/data/1130144/000110465926054511/0001104659-26-054511-index.htm
2026-05-04T13:07:10.820252+00:00,US,SEC,8-K,,,,8-K - TREX CO INC (0001069878) (Filer),https://www.sec.gov/Archives/edgar/data/1069878/000119312526202794/0001193125-26-202794-index.htm
2026-05-04T11:21:48.617091+00:00,US,SEC,8-K,,,,8-K - Twist Bioscience Corp (0001581280) (Filer),https://www.sec.gov/Archives/edgar/data/1581280/000158128026000037/0001581280-26-000037-index.htm
2026-05-01T21:35:24.319708+00:00,US,SEC,8-K,,,,8-K - authID Inc. (0001534154) (Filer),https://www.sec.gov/Archives/edgar/data/1534154/000121390026051038/0001213900-26-051038-index.htm
2026-05-01T20:36:31.321782+00:00,US,SEC,8-K,,,,"8-K - NEXSTAR MEDIA GROUP, INC. (0001142417) (Filer)",https://www.sec.gov/Archives/edgar/data/1142417/000114241726000024/0001142417-26-000024-index.htm
2026-05-01T20:36:31.321798+00:00,US,SEC,8-K,,,,"8-K - Aditxt, Inc. (0001726711) (Filer)",https://www.sec.gov/Archives/edgar/data/1726711/000121390026050995/0001213900-26-050995-index.htm
2026-05-01T20:36:31.321834+00:00,US,SEC,8-K,,,,"8-K - Veradermics, Inc (0001827635) (Filer)",https://www.sec.gov/Archives/edgar/data/1827635/000162828026029376/0001628280-26-029376-index.htm
2026-05-01T20:36:31.321843+00:00,US,SEC,8-K,,,,8-K - RRE Ventures Acquisition Corp. (0002123969) (Filer),https://www.sec.gov/Archives/edgar/data/2123969/000119312526201578/0001193125-26-201578-index.htm
2026-05-01T20:36:31.321854+00:00,US,SEC,8-K,,,,"8-K - Health In Tech, Inc. (0002019505) (Filer)",https://www.sec.gov/Archives/edgar/data/2019505/000121390026050993/0001213900-26-050993-index.htm
2026-05-01T16:13:37.824822+00:00,US,SEC,8-K,,,,8-K - NPK International Inc. (0000071829) (Filer),https://www.sec.gov/Archives/edgar/data/71829/000007182926000030/0000071829-26-000030-index.htm
2026-05-01T15:14:57.116864+00:00,US,SEC,8-K,,,,"8-K - LINKBANCORP, Inc. (0001756701) (Filer)",https://www.sec.gov/Archives/edgar/data/1756701/000094337426000182/0000943374-26-000182-index.htm
2026-05-01T15:14:57.116888+00:00,US,SEC,8-K,,,,8-K - Flutter Entertainment plc (0001635327) (Filer),https://www.sec.gov/Archives/edgar/data/1635327/000119312526200121/0001193125-26-200121-index.htm
2026-05-01T14:09:01.969100+00:00,US,SEC,8-K,,,,8-K - PILGRIMS PRIDE CORP (0000802481) (Filer),https://www.sec.gov/Archives/edgar/data/802481/000080248126000033/0000802481-26-000033-index.htm
2026-04-30T21:17:36.232324+00:00,US,SEC,8-K,,,,8-K - INTEL CORP (0000050863) (Filer),https://www.sec.gov/Archives/edgar/data/50863/000119312526197845/0001193125-26-197845-index.htm
2026-04-30T21:17:36.232342+00:00,US,SEC,8-K,,,,8-K - Plutonian Acquisition Corp. II (0002065661) (Filer),https://www.sec.gov/Archives/edgar/data/2065661/000147793226002696/0001477932-26-002696-index.htm
2026-04-30T21:17:36.232390+00:00,US,SEC,8-K,,,,"8-K - Bakkt, Inc. (0001820302) (Filer)",https://www.sec.gov/Archives/edgar/data/1820302/000119312526197835/0001193125-26-197835-index.htm
2026-04-30T20:15:59.049749+00:00,US,SEC,8-K,,,,8-K - Primo Brands Corp (0002042694) (Filer),https://www.sec.gov/Archives/edgar/data/2042694/000119312526197326/0001193125-26-197326-index.htm
2026-04-30T20:15:59.049776+00:00,US,SEC,8-K,,,,8-K - Pacific Coast Oil Trust (0001538822) (Filer),https://www.sec.gov/Archives/edgar/data/1538822/000110465926052944/0001104659-26-052944-index.htm
2026-04-30T18:59:58.479974+00:00,US,SEC,8-K,,,,8-K - Fatpipe Inc/UT (0001993400) (Filer),https://www.sec.gov/Archives/edgar/data/1993400/000149315226020015/0001493152-26-020015-index.htm
2026-04-30T16:07:30.377271+00:00,US,SEC,8-K,,,,8-K - Federal Home Loan Bank of Cincinnati (0001326771) (Filer),https://www.sec.gov/Archives/edgar/data/1326771/000132677126000071/0001326771-26-000071-index.htm
2026-04-30T12:22:32.710623+00:00,US,SEC,8-K,,,,"8-K - Twin Vee PowerCats, Co. (0001855509) (Filer)",https://www.sec.gov/Archives/edgar/data/1855509/000173112226000632/0001731122-26-000632-index.htm
2026-04-30T12:22:32.710646+00:00,US,SEC,8-K,,,,"8-K - Telomir Pharmaceuticals, Inc. (0001971532) (Filer)",https://www.sec.gov/Archives/edgar/data/1971532/000149315226019773/0001493152-26-019773-index.htm
2026-04-30T12:22:32.710656+00:00,US,SEC,8-K,,,,8-K - LCNB CORP (0001074902) (Filer),https://www.sec.gov/Archives/edgar/data/1074902/000143774926013999/0001437749-26-013999-index.htm
2026-04-30T12:22:32.710668+00:00,US,SEC,8-K,,,,8-K - PATRICK INDUSTRIES INC (0000076605) (Filer),https://www.sec.gov/Archives/edgar/data/76605/000007660526000045/0000076605-26-000045-index.htm
2026-04-30T12:22:32.710682+00:00,US,SEC,8-K,,,,"8-K - HALOZYME THERAPEUTICS, INC. (0001159036) (Filer)",https://www.sec.gov/Archives/edgar/data/1159036/000115903626000053/0001159036-26-000053-index.htm
2026-04-30T12:22:32.710705+00:00,US,SEC,8-K,,,,8-K - VALERO ENERGY CORP/TX (0001035002) (Filer),https://www.sec.gov/Archives/edgar/data/1035002/000162828026028602/0001628280-26-028602-index.htm
2026-04-30T11:03:25.454857+00:00,US,SEC,8-K,,,,8-K - PRICE T ROWE GROUP INC (0001113169) (Filer),https://www.sec.gov/Archives/edgar/data/1113169/000162828026028572/0001628280-26-028572-index.htm
2026-04-30T11:03:25.454882+00:00,US,SEC,8-K,,,,"8-K - Cartesian Therapeutics, Inc. (0001453687) (Filer)",https://www.sec.gov/Archives/edgar/data/1453687/000145368726000081/0001453687-26-000081-index.htm
2026-04-30T11:03:25.454895+00:00,US,SEC,8-K,,,,8-K - OneWater Marine Inc. (0001772921) (Filer),https://www.sec.gov/Archives/edgar/data/1772921/000177292126000034/0001772921-26-000034-index.htm
2026-04-30T11:03:25.454901+00:00,US,SEC,8-K,,,,"8-K - Vistance Networks, Inc. (0001517228) (Filer)",https://www.sec.gov/Archives/edgar/data/1517228/000119312526193933/0001193125-26-193933-index.htm
2026-04-30T11:03:25.454908+00:00,US,SEC,8-K,,,,8-K - MARTIN MARIETTA MATERIALS INC (0000916076) (Filer),https://www.sec.gov/Archives/edgar/data/916076/000119312526193931/0001193125-26-193931-index.htm
2026-04-30T11:03:25.454912+00:00,US,SEC,8-K,,,,8-K - Bandwidth Inc. (0001514416) (Filer),https://www.sec.gov/Archives/edgar/data/1514416/000151441626000033/0001514416-26-000033-index.htm
2026-04-30T11:03:25.454917+00:00,US,SEC,8-K,,,,8-K - BRISTOL MYERS SQUIBB CO (0000014272) (Filer),https://www.sec.gov/Archives/edgar/data/14272/000001427226000008/0000014272-26-000008-index.htm
2026-04-30T11:03:25.454924+00:00,US,SEC,8-K,,,,8-K - ENTEGRIS INC (0001101302) (Filer),https://www.sec.gov/Archives/edgar/data/1101302/000110130226000099/0001101302-26-000099-index.htm
2026-04-30T11:03:25.454928+00:00,US,SEC,8-K,,,,"8-K - Butterfly Network, Inc. (0001804176) (Filer)",https://www.sec.gov/Archives/edgar/data/1804176/000180417626000014/0001804176-26-000014-index.htm
2026-04-30T11:03:25.454932+00:00,US,SEC,8-K,,,,"8-K - Option Care Health, Inc. (0001014739) (Filer)",https://www.sec.gov/Archives/edgar/data/1014739/000110465926052099/0001104659-26-052099-index.htm
2026-04-30T11:03:25.454938+00:00,US,SEC,8-K,,,,8-K - NovoCure Ltd (0001645113) (Filer),https://www.sec.gov/Archives/edgar/data/1645113/000164511326000043/0001645113-26-000043-index.htm
2026-04-30T11:03:25.454950+00:00,US,SEC,8-K,,,,"8-K - TRINET GROUP, INC. (0000937098) (Filer)",https://www.sec.gov/Archives/edgar/data/937098/000093709826000031/0000937098-26-000031-index.htm
2026-04-30T11:03:25.454959+00:00,US,SEC,8-K,,,,8-K - BLUE OWL CAPITAL INC. (0001823945) (Filer),https://www.sec.gov/Archives/edgar/data/1823945/000182394526000022/0001823945-26-000022-index.htm
2026-04-30T11:03:25.454978+00:00,US,SEC,8-K,,,,"8-K - Frontdoor, Inc. (0001727263) (Filer)",https://www.sec.gov/Archives/edgar/data/1727263/000172726326000006/0001727263-26-000006-index.htm
2026-04-30T11:03:25.454987+00:00,US,SEC,8-K,,,,"8-K - Lexeo Therapeutics, Inc. (0001907108) (Filer)",https://www.sec.gov/Archives/edgar/data/1907108/000119312526193927/0001193125-26-193927-index.htm
2026-04-30T11:03:25.454992+00:00,US,SEC,8-K,,,,8-K - AMERICAN FINANCIAL GROUP INC (0001042046) (Filer),https://www.sec.gov/Archives/edgar/data/1042046/000119312526193922/0001193125-26-193922-index.htm
2026-04-30T11:03:25.454996+00:00,US,SEC,8-K,,,,"8-K - Builders FirstSource, Inc. (0001316835) (Filer)",https://www.sec.gov/Archives/edgar/data/1316835/000119312526193923/0001193125-26-193923-index.htm
2026-04-30T11:03:25.455001+00:00,US,SEC,8-K,,,,"8-K - Indivior Pharmaceuticals, Inc. (0001625297) (Filer)",https://www.sec.gov/Archives/edgar/data/1625297/000119312526193925/0001193125-26-193925-index.htm
2026-04-29T21:16:32.345070+00:00,US,SEC,8-K,,,,8-K - UNITED STATES LIME & MINERALS INC (0000082020) (Filer),https://www.sec.gov/Archives/edgar/data/82020/000110465926051741/0001104659-26-051741-index.htm
2026-04-29T21:16:32.345120+00:00,US,SEC,8-K,,,,8-K - AMERICAN REBEL HOLDINGS INC (0001648087) (Filer),https://www.sec.gov/Archives/edgar/data/1648087/000149315226019654/0001493152-26-019654-index.htm
2026-04-29T20:03:49.156586+00:00,US,SEC,8-K,,,,8-K - FIRST COMMUNITY BANKSHARES INC /VA/ (0000859070) (Filer),https://www.sec.gov/Archives/edgar/data/859070/000143774926013858/0001437749-26-013858-index.htm
2026-04-29T20:03:49.156607+00:00,US,SEC,8-K,,,,"8-K - STAG Industrial, Inc. (0001479094) (Filer)",https://www.sec.gov/Archives/edgar/data/1479094/000147909426000019/0001479094-26-000019-index.htm
2026-04-29T12:58:10.900196+00:00,US,SEC,8-K,,,,8-K - Federal Home Loan Bank of Cincinnati (0001326771) (Filer),https://www.sec.gov/Archives/edgar/data/1326771/000132677126000069/0001326771-26-000069-index.htm
2026-04-29T12:58:10.900228+00:00,US,SEC,8-K,,,,"8-K - Kinsale Capital Group, Inc. (0001669162) (Filer)",https://www.sec.gov/Archives/edgar/data/1669162/000166916226000029/0001669162-26-000029-index.htm
2026-04-29T12:58:10.900235+00:00,US,SEC,8-K,,,,8-K - CALAVO GROWERS INC (0001133470) (Filer),https://www.sec.gov/Archives/edgar/data/1133470/000119312526189293/0001193125-26-189293-index.htm
2026-04-29T12:58:10.900243+00:00,US,SEC,8-K,,,,8-K - JACOBS SOLUTIONS INC. (0000052988) (Filer),https://www.sec.gov/Archives/edgar/data/52988/000162828026028137/0001628280-26-028137-index.htm
2026-04-29T12:58:10.900270+00:00,US,SEC,8-K,,,,"8-K - John Marshall Bancorp, Inc. (0001710482) (Filer)",https://www.sec.gov/Archives/edgar/data/1710482/000110465926050966/0001104659-26-050966-index.htm
2026-04-29T12:58:10.900285+00:00,US,SEC,8-K,,,,8-K - FRANKLIN FINANCIAL SERVICES CORP /PA/ (0000723646) (Filer),https://www.sec.gov/Archives/edgar/data/723646/000072364626000037/0000723646-26-000037-index.htm
2026-04-29T12:58:10.900298+00:00,US,SEC,8-K,,,,8-K - ACNB CORP (0000715579) (Filer),https://www.sec.gov/Archives/edgar/data/715579/000162828026028132/0001628280-26-028132-index.htm
2026-04-29T11:17:00.887926+00:00,US,SEC,8-K,,,,"8-K - Verisk Analytics, Inc. (0001442145) (Filer)",https://www.sec.gov/Archives/edgar/data/1442145/000143774926013728/0001437749-26-013728-index.htm
2026-04-29T11:17:00.887961+00:00,US,SEC,8-K,,,,8-K - EXTREME NETWORKS INC (0001078271) (Filer),https://www.sec.gov/Archives/edgar/data/1078271/000119312526188948/0001193125-26-188948-index.htm
2026-04-29T11:17:00.887974+00:00,US,SEC,8-K,,,,8-K - COASTAL FINANCIAL CORP (0001437958) (Filer),https://www.sec.gov/Archives/edgar/data/1437958/000143795826000032/0001437958-26-000032-index.htm
2026-04-29T11:17:00.887979+00:00,US,SEC,8-K,,,,8-K - COASTAL FINANCIAL CORP (0001437958) (Filer),https://www.sec.gov/Archives/edgar/data/1437958/000143795826000031/0001437958-26-000031-index.htm
2026-04-29T11:17:00.887983+00:00,US,SEC,8-K,,,,"8-K - SoFi Technologies, Inc. (0001818874) (Filer)",https://www.sec.gov/Archives/edgar/data/1818874/000181887426000020/0001818874-26-000020-index.htm
2026-04-29T11:17:00.887988+00:00,US,SEC,8-K,,,,8-K - BLACKBAUD INC (0001280058) (Filer),https://www.sec.gov/Archives/edgar/data/1280058/000128005826000013/0001280058-26-000013-index.htm
2026-04-29T11:17:00.887994+00:00,US,SEC,8-K,,,,8-K - ETSY INC (0001370637) (Filer),https://www.sec.gov/Archives/edgar/data/1370637/000137063726000042/0001370637-26-000042-index.htm
2026-04-29T11:17:00.888003+00:00,US,SEC,8-K,,,,8-K - Vulcan Materials CO (0001396009) (Filer),https://www.sec.gov/Archives/edgar/data/1396009/000114036126017638/0001140361-26-017638-index.htm
2026-04-29T11:17:00.888007+00:00,US,SEC,8-K,,,,8-K - Tonix Pharmaceuticals Holding Corp. (0001430306) (Filer),https://www.sec.gov/Archives/edgar/data/1430306/000199937126009289/0001999371-26-009289-index.htm
2026-04-29T11:17:00.888012+00:00,US,SEC,8-K,,,,8-K - AMARIN CORP PLC\UK (0000897448) (Filer),https://www.sec.gov/Archives/edgar/data/897448/000119312526188935/0001193125-26-188935-index.htm
2026-04-29T11:17:00.888043+00:00,US,SEC,8-K,,,,"8-K - Hayward Holdings, Inc. (0001834622) (Filer)",https://www.sec.gov/Archives/edgar/data/1834622/000183462226000031/0001834622-26-000031-index.htm
2026-04-29T11:17:00.888048+00:00,US,SEC,8-K,,,,8-K - D-Wave Quantum Inc. (0001907982) (Filer),https://www.sec.gov/Archives/edgar/data/1907982/000190798226000046/0001907982-26-000046-index.htm
2026-04-28T21:41:45.703196+00:00,US,SEC,8-K,,,,8-K - Lunai Bioworks Inc. (0001527728) (Filer),https://www.sec.gov/Archives/edgar/data/1527728/000173112226000623/0001731122-26-000623-index.htm
2026-04-28T21:41:45.703219+00:00,US,SEC,8-K,,,,8-K - P3 Health Partners Inc. (0001832511) (Filer),https://www.sec.gov/Archives/edgar/data/1832511/000183251126000018/0001832511-26-000018-index.htm
2026-04-28T21:41:45.703237+00:00,US,SEC,8-K,,,,8-K - Pyrophyte Acquisition Corp. (0001848756) (Filer),https://www.sec.gov/Archives/edgar/data/1848756/000121390026048690/0001213900-26-048690-index.htm
2026-04-28T21:41:45.703252+00:00,US,SEC,8-K,,,,"8-K - CNL Strategic Residential Credit, Inc. (0002066337) (Filer)",https://www.sec.gov/Archives/edgar/data/2066337/000199937126009265/0001999371-26-009265-index.htm
2026-04-28T20:38:07.898860+00:00,US,SEC,8-K,,,,8-K - GENUINE PARTS CO (0000040987) (Filer),https://www.sec.gov/Archives/edgar/data/40987/000004098726000021/0000040987-26-000021-index.htm
2026-04-28T20:38:07.898909+00:00,US,SEC,8-K,,,,8-K - Federal Home Loan Bank of New York (0001329842) (Filer),https://www.sec.gov/Archives/edgar/data/1329842/000165495426004023/0001654954-26-004023-index.htm
2026-04-28T20:38:07.898918+00:00,US,SEC,8-K,,,,8-K - T. Rowe Price OHA Select Private Credit Fund (0001901164) (Filer),https://www.sec.gov/Archives/edgar/data/1901164/000114036126017478/0001140361-26-017478-index.htm
2026-04-28T20:38:07.898927+00:00,US,SEC,8-K,,,,8-K - ESSEX PORTFOLIO LP (0001053059) (Filer),https://www.sec.gov/Archives/edgar/data/1053059/000114036126017477/0001140361-26-017477-index.htm
2026-04-28T20:38:07.898932+00:00,US,SEC,8-K,,,,"8-K - ESSEX PROPERTY TRUST, INC. (0000920522) (Filer)",https://www.sec.gov/Archives/edgar/data/920522/000114036126017477/0001140361-26-017477-index.htm
2026-04-28T19:06:43.898202+00:00,US,SEC,8-K,,,,8-K - EON Resources Inc. (0001842556) (Filer),https://www.sec.gov/Archives/edgar/data/1842556/000121390026048483/0001213900-26-048483-index.htm
2026-04-28T19:06:43.898222+00:00,US,SEC,8-K,,,,8-K - ExchangeRight Income Fund (0001771514) (Filer),https://www.sec.gov/Archives/edgar/data/1771514/000119312526186431/0001193125-26-186431-index.htm
2026-04-28T13:16:31.240563+00:00,US,SEC,8-K,,,,"8-K - Pioneer Bancorp, Inc./MD (0001769663) (Filer)",https://www.sec.gov/Archives/edgar/data/1769663/000110465926049906/0001104659-26-049906-index.htm
2026-04-28T13:16:31.240601+00:00,US,SEC,8-K,,,,8-K - Federal Home Loan Bank of Indianapolis (0001331754) (Filer),https://www.sec.gov/Archives/edgar/data/1331754/000133175426000094/0001331754-26-000094-index.htm
2026-04-28T13:16:31.240634+00:00,US,SEC,8-K,,,,"8-K - SEMrush Holdings, Inc. (0001831840) (Filer)",https://www.sec.gov/Archives/edgar/data/1831840/000114036126017299/0001140361-26-017299-index.htm
2026-04-28T11:28:15.229830+00:00,US,SEC,8-K,,,,"8-K - Exodus Movement, Inc. (0001821534) (Filer)",https://www.sec.gov/Archives/edgar/data/1821534/000162828026027726/0001628280-26-027726-index.htm
2026-04-28T11:28:15.229855+00:00,US,SEC,8-K,,,,"8-K - General Motors Financial Company, Inc. (0000804269) (Filer)",https://www.sec.gov/Archives/edgar/data/804269/000080426926000011/0000804269-26-000011-index.htm
2026-04-28T11:28:15.229862+00:00,US,SEC,8-K,,,,8-K - General Motors Co (0001467858) (Filer),https://www.sec.gov/Archives/edgar/data/1467858/000146785826000033/0001467858-26-000033-index.htm
2026-04-28T11:28:15.229906+00:00,US,SEC,8-K,,,,8-K - reAlpha Tech Corp. (0001859199) (Filer),https://www.sec.gov/Archives/edgar/data/1859199/000121390026048245/0001213900-26-048245-index.htm
2026-04-28T11:28:15.229915+00:00,US,SEC,8-K,,,,8-K - S&P Global Inc. (0000064040) (Filer),https://www.sec.gov/Archives/edgar/data/64040/000006404026000019/0000064040-26-000019-index.htm
2026-04-28T11:28:15.229922+00:00,US,SEC,8-K,,,,8-K - AVALONBAY COMMUNITIES INC (0000915912) (Filer),https://www.sec.gov/Archives/edgar/data/915912/000091591226000010/0000915912-26-000010-index.htm
2026-04-28T11:28:15.229927+00:00,US,SEC,8-K,,,,"8-K - Genprex, Inc. (0001595248) (Filer)",https://www.sec.gov/Archives/edgar/data/1595248/000143774926013534/0001437749-26-013534-index.htm
2026-04-28T11:28:15.229936+00:00,US,SEC,8-K,,,,8-K - SHERWIN WILLIAMS CO (0000089800) (Filer),https://www.sec.gov/Archives/edgar/data/89800/000008980026000036/0000089800-26-000036-index.htm
2026-04-28T11:28:15.229949+00:00,US,SEC,8-K,,,,8-K - AMERICAN TOWER CORP /MA/ (0001053507) (Filer),https://www.sec.gov/Archives/edgar/data/1053507/000105350726000094/0001053507-26-000094-index.htm
2026-04-28T11:28:15.229954+00:00,US,SEC,8-K,,,,"8-K - Shutterstock, Inc. (0001549346) (Filer)",https://www.sec.gov/Archives/edgar/data/1549346/000154934626000021/0001549346-26-000021-index.htm
2026-04-27T21:29:59.123251+00:00,US,SEC,8-K,,,,8-K - Wheels Up Experience Inc. (0001819516) (Filer),https://www.sec.gov/Archives/edgar/data/1819516/000162828026027641/0001628280-26-027641-index.htm
2026-04-27T21:29:59.123314+00:00,US,SEC,8-K,,,,"8-K - Velo3D, Inc. (0001825079) (Filer)",https://www.sec.gov/Archives/edgar/data/1825079/000149315226019195/0001493152-26-019195-index.htm
2026-04-27T18:58:40.707227+00:00,US,SEC,8-K,,,,8-K - Federal Home Loan Bank of Atlanta (0001331465) (Filer),https://www.sec.gov/Archives/edgar/data/1331465/000133146526000080/0001331465-26-000080-index.htm
2026-04-27T12:10:16.726766+00:00,US,SEC,8-K,,,,"8-K - Mirum Pharmaceuticals, Inc. (0001759425) (Filer)",https://www.sec.gov/Archives/edgar/data/1759425/000119312526179048/0001193125-26-179048-index.htm
2026-04-27T12:10:16.726817+00:00,US,SEC,8-K,,,,8-K - CorMedix Inc. (0001410098) (Filer),https://www.sec.gov/Archives/edgar/data/1410098/000121390026047748/0001213900-26-047748-index.htm
2026-04-27T12:10:16.726835+00:00,US,SEC,8-K,,,,8-K - Repay Holdings Corp (0001720592) (Filer),https://www.sec.gov/Archives/edgar/data/1720592/000119312526179019/0001193125-26-179019-index.htm
2026-04-27T12:10:16.726840+00:00,US,SEC,8-K,,,,"8-K - Prologis, L.P. (0001045610) (Filer)",https://www.sec.gov/Archives/edgar/data/1045610/000110465926049048/0001104659-26-049048-index.htm
2026-04-27T12:10:16.726845+00:00,US,SEC,8-K,,,,"8-K - Prologis, Inc. (0001045609) (Filer)",https://www.sec.gov/Archives/edgar/data/1045609/000110465926049048/0001104659-26-049048-index.htm
2026-04-24T21:26:05.622938+00:00,US,SEC,8-K,,,,8-K - Inflection Point Acquisition Corp. III (0002012318) (Filer),https://www.sec.gov/Archives/edgar/data/2012318/000121390026047623/0001213900-26-047623-index.htm
2026-04-24T21:26:05.622983+00:00,US,SEC,8-K,,,,8-K - Tennessee Valley Authority (0001376986) (Filer),https://www.sec.gov/Archives/edgar/data/1376986/000137698626000026/0001376986-26-000026-index.htm
2026-04-24T21:26:05.622996+00:00,US,SEC,8-K,,,,8-K - KB HOME (0000795266) (Filer),https://www.sec.gov/Archives/edgar/data/795266/000079526626000044/0000795266-26-000044-index.htm
2026-04-24T21:26:05.623022+00:00,US,SEC,8-K,,,,"8-K - EWSB Bancorp, Inc. /MD/ (0002013792) (Filer)",https://www.sec.gov/Archives/edgar/data/2013792/000094337426000171/0000943374-26-000171-index.htm
2026-04-24T21:26:05.623027+00:00,US,SEC,8-K,,,,"8-K - FIRST HAWAIIAN, INC. (0000036377) (Filer)",https://www.sec.gov/Archives/edgar/data/36377/000110465926048724/0001104659-26-048724-index.htm
2026-04-24T20:27:03.916622+00:00,US,SEC,8-K,,,,"8-K - BV Financial, Inc. (0001302387) (Filer)",https://www.sec.gov/Archives/edgar/data/1302387/000119312526177364/0001193125-26-177364-index.htm
2026-04-24T20:27:03.916661+00:00,US,SEC,8-K,,,,"8-K - BEYOND MEAT, INC. (0001655210) (Filer)",https://www.sec.gov/Archives/edgar/data/1655210/000165521026000029/0001655210-26-000029-index.htm
2026-04-24T20:27:03.916673+00:00,US,SEC,8-K,,,,8-K - WEST BANCORPORATION INC (0001166928) (Filer),https://www.sec.gov/Archives/edgar/data/1166928/000116692826000029/0001166928-26-000029-index.htm
2026-04-24T19:32:35.853309+00:00,US,SEC,8-K,,,,8-K - HILLS BANCORPORATION (0000732417) (Filer),https://www.sec.gov/Archives/edgar/data/732417/000073241726000044/0000732417-26-000044-index.htm
2026-04-24T18:29:37.473331+00:00,US,SEC,8-K,,,,8-K - ACTELIS NETWORKS INC (0001141284) (Filer),https://www.sec.gov/Archives/edgar/data/1141284/000121390026047440/0001213900-26-047440-index.htm
2026-04-24T15:47:08.063284+00:00,US,SEC,8-K,,,,8-K - MUNCY COLUMBIA FINANCIAL Corp (0000731122) (Filer),https://www.sec.gov/Archives/edgar/data/731122/000117494726000509/0001174947-26-000509-index.htm
2026-04-24T15:47:08.063320+00:00,US,SEC,8-K,,,,8-K - PROVIDENT FINANCIAL HOLDINGS INC (0001010470) (Filer),https://www.sec.gov/Archives/edgar/data/1010470/000093905726000087/0000939057-26-000087-index.htm
2026-04-24T15:47:08.063350+00:00,US,SEC,8-K,,,,"8-K - Texas Community Bancshares, Inc. (0001849466) (Filer)",https://www.sec.gov/Archives/edgar/data/1849466/000110465926048381/0001104659-26-048381-index.htm
2026-04-24T12:41:19.900196+00:00,US,SEC,8-K,,,,8-K - MeiraGTx Holdings plc (0001735438) (Filer),https://www.sec.gov/Archives/edgar/data/1735438/000110465926048196/0001104659-26-048196-index.htm
2026-04-24T12:41:19.900225+00:00,US,SEC,8-K,,,,"8-K - OptimumBank Holdings, Inc. (0001288855) (Filer)",https://www.sec.gov/Archives/edgar/data/1288855/000149315226018855/0001493152-26-018855-index.htm
2026-04-24T12:41:19.900235+00:00,US,SEC,8-K,,,,8-K - IMMERSION CORP (0001058811) (Filer),https://www.sec.gov/Archives/edgar/data/1058811/000119312526175250/0001193125-26-175250-index.htm
2026-04-24T12:41:19.900240+00:00,US,SEC,8-K,,,,8-K - Jushi Holdings Inc. (0001909747) (Filer),https://www.sec.gov/Archives/edgar/data/1909747/000117184326002693/0001171843-26-002693-index.htm
2026-04-24T12:41:19.900250+00:00,US,SEC,8-K,,,,"8-K - ITRON, INC. (0000780571) (Filer)",https://www.sec.gov/Archives/edgar/data/780571/000119312526175249/0001193125-26-175249-index.htm
2026-04-24T11:34:12.692267+00:00,US,SEC,8-K,,,,8-K - SLB LIMITED/NV (0000087347) (Filer),https://www.sec.gov/Archives/edgar/data/87347/000119312526174940/0001193125-26-174940-index.htm
2026-04-24T11:34:12.692292+00:00,US,SEC,8-K,,,,"8-K - HCA Healthcare, Inc. (0000860730) (Filer)",https://www.sec.gov/Archives/edgar/data/860730/000119312526174933/0001193125-26-174933-index.htm
2026-04-23T20:59:41.508872+00:00,US,SEC,8-K,,,,"8-K - DigitalBridge Group, Inc. (0001679688) (Filer)",https://www.sec.gov/Archives/edgar/data/1679688/000110465926047803/0001104659-26-047803-index.htm
2026-04-23T20:59:41.508917+00:00,US,SEC,8-K,,,,8-K - Blue Owl Credit Income Corp. (0001812554) (Filer),https://www.sec.gov/Archives/edgar/data/1812554/000181255426000017/0001812554-26-000017-index.htm
2026-04-23T18:47:09.963598+00:00,US,SEC,8-K,,,,8-K - Citigroup Commercial Mortgage Trust 2015-GC33 (0001651588) (Filer),https://www.sec.gov/Archives/edgar/data/1651588/000119312526173283/0001193125-26-173283-index.htm
2026-04-23T17:43:46.155750+00:00,US,SEC,8-K,,,,8-K - GORMAN RUPP CO (0000042682) (Filer),https://www.sec.gov/Archives/edgar/data/42682/000119312526173014/0001193125-26-173014-index.htm
2026-04-23T16:07:50.141633+00:00,US,SEC,8-K,,,,8-K - Graphene & Solar Technologies Ltd (0001497649) (Filer),https://www.sec.gov/Archives/edgar/data/1497649/000190359626000163/0001903596-26-000163-index.htm
2026-04-23T16:07:50.141654+00:00,US,SEC,8-K,,,,8-K - Federal Home Loan Bank of Chicago (0001331451) (Filer),https://www.sec.gov/Archives/edgar/data/1331451/000133145126000077/0001331451-26-000077-index.htm
2026-04-23T16:07:50.141668+00:00,US,SEC,8-K,,,,"8-K - Columbia Financial, Inc. (0001723596) (Filer)",https://www.sec.gov/Archives/edgar/data/1723596/000172359626000015/0001723596-26-000015-index.htm
2026-04-23T16:07:50.141690+00:00,US,SEC,8-K,,,,8-K - TRAVELZOO (0001133311) (Filer),https://www.sec.gov/Archives/edgar/data/1133311/000113331126000009/0001133311-26-000009-index.htm
2026-04-23T16:07:50.141713+00:00,US,SEC,8-K,,,,8-K - Federal Home Loan Bank of Des Moines (0001325814) (Filer),https://www.sec.gov/Archives/edgar/data/1325814/000132581426000061/0001325814-26-000061-index.htm
2026-04-23T14:10:01.032338+00:00,US,SEC,8-K,,,,8-K - MUNCY COLUMBIA FINANCIAL Corp (0000731122) (Filer),https://www.sec.gov/Archives/edgar/data/731122/000117494726000503/0001174947-26-000503-index.htm
2026-04-23T12:08:46.637474+00:00,US,SEC,8-K,,,,8-K - Applied Digital Corp. (0001144879) (Filer),https://www.sec.gov/Archives/edgar/data/1144879/000114487926000036/0001144879-26-000036-index.htm
2026-04-23T12:08:46.637561+00:00,US,SEC,8-K,,,,8-K - OLD REPUBLIC INTERNATIONAL CORP (0000074260) (Filer),https://www.sec.gov/Archives/edgar/data/74260/000007426026000066/0000074260-26-000066-index.htm
2026-04-23T12:08:46.637576+00:00,US,SEC,8-K,,,,"8-K - Prologis, L.P. (0001045610) (Filer)",https://www.sec.gov/Archives/edgar/data/1045610/000110465926047277/0001104659-26-047277-index.htm
2026-04-23T12:08:46.637584+00:00,US,SEC,8-K,,,,"8-K - Prologis, Inc. (0001045609) (Filer)",https://www.sec.gov/Archives/edgar/data/1045609/000110465926047277/0001104659-26-047277-index.htm
2026-04-23T12:08:46.637595+00:00,US,SEC,8-K,,,,8-K - VAIL RESORTS INC (0000812011) (Filer),https://www.sec.gov/Archives/edgar/data/812011/000081201126000024/0000812011-26-000024-index.htm
2026-04-23T12:08:46.637611+00:00,US,SEC,8-K,,,,"8-K - Sight Sciences, Inc. (0001531177) (Filer)",https://www.sec.gov/Archives/edgar/data/1531177/000119312526171887/0001193125-26-171887-index.htm
2026-04-23T12:08:46.637627+00:00,US,SEC,8-K,,,,8-K - UNITED BANKSHARES INC/WV (0000729986) (Filer),https://www.sec.gov/Archives/edgar/data/729986/000119312526171886/0001193125-26-171886-index.htm
2026-04-23T12:08:46.637645+00:00,US,SEC,8-K,,,,"8-K - zSpace, Inc. (0001637147) (Filer)",https://www.sec.gov/Archives/edgar/data/1637147/000110465926047275/0001104659-26-047275-index.htm
2026-04-23T12:08:46.637656+00:00,US,SEC,8-K,,,,8-K - REPUBLIC BANCORP INC /KY/ (0000921557) (Filer),https://www.sec.gov/Archives/edgar/data/921557/000110465926047276/0001104659-26-047276-index.htm
2026-04-23T12:08:46.637667+00:00,US,SEC,8-K,,,,8-K - Quality Industrial Corp. (0001393781) (Filer),https://www.sec.gov/Archives/edgar/data/1393781/000149315226018637/0001493152-26-018637-index.htm
2026-04-23T12:08:46.637685+00:00,US,SEC,8-K,,,,"8-K - SmartKem, Inc. (0001817760) (Filer)",https://www.sec.gov/Archives/edgar/data/1817760/000110465926047274/0001104659-26-047274-index.htm
2026-04-23T12:08:46.637696+00:00,US,SEC,8-K,,,,8-K - Blackstone Infrastructure Strategies L.P. (0002030772) (Filer),https://www.sec.gov/Archives/edgar/data/2030772/000119312526171884/0001193125-26-171884-index.htm
2026-04-23T11:09:55.973772+00:00,US,SEC,8-K,,,,8-K - COMCAST CORP (0001166691) (Filer),https://www.sec.gov/Archives/edgar/data/1166691/000162828026026685/0001628280-26-026685-index.htm
2026-04-23T11:09:55.973799+00:00,US,SEC,8-K,,,,8-K - VALLEY NATIONAL BANCORP (0000714310) (Filer),https://www.sec.gov/Archives/edgar/data/714310/000071431026000020/0000714310-26-000020-index.htm
2026-04-23T11:09:55.973812+00:00,US,SEC,8-K,,,,8-K - ALTISOURCE PORTFOLIO SOLUTIONS S.A. (0001462418) (Filer),https://www.sec.gov/Archives/edgar/data/1462418/000146241826000032/0001462418-26-000032-index.htm
2026-04-23T11:09:55.973835+00:00,US,SEC,8-K,,,,8-K - VISTEON CORP (0001111335) (Filer),https://www.sec.gov/Archives/edgar/data/1111335/000111133526000015/0001111335-26-000015-index.htm
2026-04-23T11:09:55.973847+00:00,US,SEC,8-K,,,,8-K - ROPER TECHNOLOGIES INC (0000882835) (Filer),https://www.sec.gov/Archives/edgar/data/882835/000088283526000015/0000882835-26-000015-index.htm
2026-04-23T11:09:55.973853+00:00,US,SEC,8-K,,,,8-K - Keurig Dr Pepper Inc. (0001418135) (Filer),https://www.sec.gov/Archives/edgar/data/1418135/000141813526000020/0001418135-26-000020-index.htm
2026-04-23T11:09:55.973860+00:00,US,SEC,8-K,,,,8-K - American Airlines Group Inc. (0000006201) (Filer),https://www.sec.gov/Archives/edgar/data/6201/000000620126000031/0000006201-26-000031-index.htm
2026-04-23T11:09:55.973865+00:00,US,SEC,8-K,,,,"8-K - AMERICAN AIRLINES, INC. (0000004515) (Filer)",https://www.sec.gov/Archives/edgar/data/4515/000000620126000031/0000006201-26-000031-index.htm
2026-04-23T11:09:55.973874+00:00,US,SEC,8-K,,,,"8-K - CBRE GROUP, INC. (0001138118) (Filer)",https://www.sec.gov/Archives/edgar/data/1138118/000113811826000013/0001138118-26-000013-index.htm
2026-04-23T11:09:55.973882+00:00,US,SEC,8-K,,,,8-K - Iridium Communications Inc. (0001418819) (Filer),https://www.sec.gov/Archives/edgar/data/1418819/000141881926000027/0001418819-26-000027-index.htm
2026-04-23T11:09:55.973887+00:00,US,SEC,8-K,,,,8-K - AMERICAN EXPRESS CO (0000004962) (Filer),https://www.sec.gov/Archives/edgar/data/4962/000000496226000188/0000004962-26-000188-index.htm
2026-04-23T11:09:55.973891+00:00,US,SEC,8-K,,,,"8-K - HASBRO, INC. (0000046080) (Filer)",https://www.sec.gov/Archives/edgar/data/46080/000004608026000016/0000046080-26-000016-index.htm
2026-04-23T11:09:55.973898+00:00,US,SEC,8-K,,,,"8-K - POPULAR, INC. (0000763901) (Filer)",https://www.sec.gov/Archives/edgar/data/763901/000119312526171797/0001193125-26-171797-index.htm
2026-04-22T21:35:26.917878+00:00,US,SEC,8-K,,,,8-K - Constellation Acquisition Corp I (0001834032) (Filer),https://www.sec.gov/Archives/edgar/data/1834032/000121390026046717/0001213900-26-046717-index.htm
2026-04-22T21:35:26.917922+00:00,US,SEC,8-K,,,,"8-K - Essential Utilities, Inc. (0000078128) (Filer)",https://www.sec.gov/Archives/edgar/data/78128/000155278126000266/0001552781-26-000266-index.htm
2026-04-22T21:35:26.917955+00:00,US,SEC,8-K,,,,"8-K - OSR Holdings, Inc. (0001840425) (Filer)",https://www.sec.gov/Archives/edgar/data/1840425/000121390026046711/0001213900-26-046711-index.htm
2026-04-22T20:38:13.359883+00:00,US,SEC,8-K,,,,8-K - YORK WATER CO (0000108985) (Filer),https://www.sec.gov/Archives/edgar/data/108985/000114036126016137/0001140361-26-016137-index.htm
2026-04-22T20:38:13.359909+00:00,US,SEC,8-K,,,,8-K - WEX Inc. (0001309108) (Filer),https://www.sec.gov/Archives/edgar/data/1309108/000130910826000014/0001309108-26-000014-index.htm
2026-04-22T20:38:13.359923+00:00,US,SEC,8-K,,,,8-K - CACI INTERNATIONAL INC /DE/ (0000016058) (Filer),https://www.sec.gov/Archives/edgar/data/16058/000162828026026589/0001628280-26-026589-index.htm
2026-04-22T20:38:13.359946+00:00,US,SEC,8-K,,,,"8-K - High Roller Technologies, Inc. (0001947210) (Filer)",https://www.sec.gov/Archives/edgar/data/1947210/000175392626000704/0001753926-26-000704-index.htm
2026-04-22T19:42:05.775939+00:00,US,SEC,8-K,,,,"8-K - SB FINANCIAL GROUP, INC. (0000767405) (Filer)",https://www.sec.gov/Archives/edgar/data/767405/000121390026046586/0001213900-26-046586-index.htm
2026-04-22T18:11:20.954222+00:00,US,SEC,8-K,,,,"8-K - First Guaranty Bancshares, Inc. (0001408534) (Filer)",https://www.sec.gov/Archives/edgar/data/1408534/000140853426000027/0001408534-26-000027-index.htm
2026-04-22T18:11:20.954252+00:00,US,SEC,8-K,,,,8-K - NVR INC (0000906163) (Filer),https://www.sec.gov/Archives/edgar/data/906163/000090616326000034/0000906163-26-000034-index.htm
2026-04-22T17:02:22.226485+00:00,US,SEC,8-K,,,,"8-K - SB FINANCIAL GROUP, INC. (0000767405) (Filer)",https://www.sec.gov/Archives/edgar/data/767405/000121390026046506/0001213900-26-046506-index.htm
2026-04-22T17:02:22.226537+00:00,US,SEC,8-K,,,,8-K - AIRWA INC. (0001674440) (Filer),https://www.sec.gov/Archives/edgar/data/1674440/000149315226018493/0001493152-26-018493-index.htm
2026-04-22T15:53:44.413517+00:00,US,SEC,8-K,,,,8-K - Genvor Inc (0001792941) (Filer),https://www.sec.gov/Archives/edgar/data/1792941/000190359626000160/0001903596-26-000160-index.htm
2026-04-22T15:53:44.413542+00:00,US,SEC,8-K,,,,"8-K - FS Bancorp, Inc. (0001530249) (Filer)",https://www.sec.gov/Archives/edgar/data/1530249/000143774926012996/0001437749-26-012996-index.htm
2026-04-22T12:43:35.760670+00:00,US,SEC,8-K,,,,"8-K - Apollo Commercial Real Estate Finance, Inc. (0001467760) (Filer)",https://www.sec.gov/Archives/edgar/data/1467760/000119312526168732/0001193125-26-168732-index.htm
2026-04-22T12:43:35.760699+00:00,US,SEC,8-K,,,,8-K - Microbot Medical Inc. (0000883975) (Filer),https://www.sec.gov/Archives/edgar/data/883975/000149315226018453/0001493152-26-018453-index.htm
2026-04-22T12:43:35.760706+00:00,US,SEC,8-K,,,,"8-K - HeartCore Enterprises, Inc. (0001892322) (Filer)",https://www.sec.gov/Archives/edgar/data/1892322/000149315226018452/0001493152-26-018452-index.htm
2026-04-22T12:43:35.760715+00:00,US,SEC,8-K,,,,8-K - AMERISAFE INC (0001018979) (Filer),https://www.sec.gov/Archives/edgar/data/1018979/000119312526168712/0001193125-26-168712-index.htm
2026-04-22T11:37:18.254149+00:00,US,SEC,8-K,,,,"8-K - Stock Yards Bancorp, Inc. (0000835324) (Filer)",https://www.sec.gov/Archives/edgar/data/835324/000117184326002634/0001171843-26-002634-index.htm
2026-04-22T11:37:18.254169+00:00,US,SEC,8-K,,,,"8-K - CIVISTA BANCSHARES, INC. (0000944745) (Filer)",https://www.sec.gov/Archives/edgar/data/944745/000119312526168376/0001193125-26-168376-index.htm
2026-04-22T11:37:18.254181+00:00,US,SEC,8-K,,,,8-K - OLD NATIONAL BANCORP /IN/ (0000707179) (Filer),https://www.sec.gov/Archives/edgar/data/707179/000162828026026389/0001628280-26-026389-index.htm
2026-04-22T11:37:18.254185+00:00,US,SEC,8-K,,,,"8-K - Rafael Holdings, Inc. (0001713863) (Filer)",https://www.sec.gov/Archives/edgar/data/1713863/000121390026046380/0001213900-26-046380-index.htm
2026-04-22T11:37:18.254197+00:00,US,SEC,8-K,,,,"8-K - Jade Biosciences, Inc. (0001798749) (Filer)",https://www.sec.gov/Archives/edgar/data/1798749/000119312526168351/0001193125-26-168351-index.htm
2026-04-22T11:37:18.254204+00:00,US,SEC,8-K,,,,8-K - CME GROUP INC. (0001156375) (Filer),https://www.sec.gov/Archives/edgar/data/1156375/000115637526000016/0001156375-26-000016-index.htm
2026-04-22T11:37:18.254215+00:00,US,SEC,8-K,,,,8-K - TELEDYNE TECHNOLOGIES INC (0001094285) (Filer),https://www.sec.gov/Archives/edgar/data/1094285/000109428526000024/0001094285-26-000024-index.htm
2026-04-22T11:37:18.254222+00:00,US,SEC,8-K,,,,8-K - Philip Morris International Inc. (0001413329) (Filer),https://www.sec.gov/Archives/edgar/data/1413329/000162828026026385/0001628280-26-026385-index.htm
2026-04-22T11:37:18.254226+00:00,US,SEC,8-K,,,,8-K - WESTINGHOUSE AIR BRAKE TECHNOLOGIES CORP (0000943452) (Filer),https://www.sec.gov/Archives/edgar/data/943452/000162828026026384/0001628280-26-026384-index.htm
2026-04-22T11:37:18.254230+00:00,US,SEC,8-K,,,,8-K - SPIRE INC (0001126956) (Filer),https://www.sec.gov/Archives/edgar/data/1126956/000119312526168301/0001193125-26-168301-index.htm
2026-04-22T11:37:18.254235+00:00,US,SEC,8-K,,,,8-K - HEALTHCARE SERVICES GROUP INC (0000731012) (Filer),https://www.sec.gov/Archives/edgar/data/731012/000073101226000025/0000731012-26-000025-index.htm
2026-04-22T11:37:18.254241+00:00,US,SEC,8-K,,,,8-K - BEST BUY CO INC (0000764478) (Filer),https://www.sec.gov/Archives/edgar/data/764478/000076447826000012/0000764478-26-000012-index.htm
2026-04-22T11:37:18.254245+00:00,US,SEC,8-K,,,,8-K - MASCO CORP /DE/ (0000062996) (Filer),https://www.sec.gov/Archives/edgar/data/62996/000006299626000013/0000062996-26-000013-index.htm
2026-04-22T11:37:18.254249+00:00,US,SEC,8-K,,,,8-K - Target Hospitality Corp. (0001712189) (Filer),https://www.sec.gov/Archives/edgar/data/1712189/000110465926046359/0001104659-26-046359-index.htm
2026-04-22T11:37:18.254253+00:00,US,SEC,8-K,,,,"8-K - Certara, Inc. (0001827090) (Filer)",https://www.sec.gov/Archives/edgar/data/1827090/000110465926046358/0001104659-26-046358-index.htm
2026-04-22T11:37:18.254262+00:00,US,SEC,8-K,,,,8-K - STIFEL FINANCIAL CORP (0000720672) (Filer),https://www.sec.gov/Archives/edgar/data/720672/000119312526168288/0001193125-26-168288-index.htm
2026-04-22T11:37:18.254273+00:00,US,SEC,8-K,,,,"8-K - Kyverna Therapeutics, Inc. (0001994702) (Filer)",https://www.sec.gov/Archives/edgar/data/1994702/000119312526168287/0001193125-26-168287-index.htm
2026-04-22T11:37:18.254279+00:00,US,SEC,8-K,,,,8-K - MOODYS CORP /DE/ (0001059556) (Filer),https://www.sec.gov/Archives/edgar/data/1059556/000162828026026383/0001628280-26-026383-index.htm
2026-04-22T11:37:18.254288+00:00,US,SEC,8-K,,,,"8-K - BankUnited, Inc. (0001504008) (Filer)",https://www.sec.gov/Archives/edgar/data/1504008/000150400826000040/0001504008-26-000040-index.htm
2026-04-22T10:20:24.581659+00:00,US,SEC,8-K,,,,8-K - Taylor Morrison Home Corp (0001562476) (Filer),https://www.sec.gov/Archives/edgar/data/1562476/000119312526168218/0001193125-26-168218-index.htm
2026-04-22T10:20:24.581690+00:00,US,SEC,8-K,,,,8-K - Brand Engagement Network Inc. (0001838163) (Filer),https://www.sec.gov/Archives/edgar/data/1838163/000149315226018419/0001493152-26-018419-index.htm
2026-04-22T10:20:24.581703+00:00,US,SEC,8-K,,,,8-K - TE Connectivity plc (0001385157) (Filer),https://www.sec.gov/Archives/edgar/data/1385157/000110465926046285/0001104659-26-046285-index.htm
2026-04-22T10:20:24.581708+00:00,US,SEC,8-K,,,,8-K - Otis Worldwide Corp (0001781335) (Filer),https://www.sec.gov/Archives/edgar/data/1781335/000178133526000072/0001781335-26-000072-index.htm
2026-04-21T20:54:23.747948+00:00,US,SEC,8-K,,,,8-K - PREAXIA HEALTH CARE PAYMENT SYSTEMS INC. (0001350156) (Filer),https://www.sec.gov/Archives/edgar/data/1350156/000107997326000518/0001079973-26-000518-index.htm
2026-04-21T20:54:23.747974+00:00,US,SEC,8-K,,,,8-K - ATLANTIC AMERICAN CORP (0000008177) (Filer),https://www.sec.gov/Archives/edgar/data/8177/000114036126015929/0001140361-26-015929-index.htm
2026-04-21T18:42:27.356944+00:00,US,SEC,8-K,,,,"8-K - ENIGMA-BULWARK, LTD (0001379245) (Filer)",https://www.sec.gov/Archives/edgar/data/1379245/000137924526000008/0001379245-26-000008-index.htm
2026-04-21T18:42:27.356974+00:00,US,SEC,8-K,,,,8-K - APEX Tech Acquisition Inc. (0002085485) (Filer),https://www.sec.gov/Archives/edgar/data/2085485/000147793226002443/0001477932-26-002443-index.htm
2026-04-21T17:31:23.486792+00:00,US,SEC,8-K,,,,8-K - Federal Home Loan Bank of Cincinnati (0001326771) (Filer),https://www.sec.gov/Archives/edgar/data/1326771/000132677126000060/0001326771-26-000060-index.htm
2026-04-21T17:31:23.486857+00:00,US,SEC,8-K,,,,8-K - Federal Home Loan Bank of New York (0001329842) (Filer),https://www.sec.gov/Archives/edgar/data/1329842/000165495426003767/0001654954-26-003767-index.htm
2026-04-21T17:31:23.486871+00:00,US,SEC,8-K,,,,8-K - Federal Home Loan Bank of Topeka (0001325878) (Filer),https://www.sec.gov/Archives/edgar/data/1325878/000132587826000082/0001325878-26-000082-index.htm
2026-04-21T16:19:34.930719+00:00,US,SEC,8-K,,,,8-K - NORTHERN TRUST CORP (0000073124) (Filer),https://www.sec.gov/Archives/edgar/data/73124/000007312426000029/0000073124-26-000029-index.htm
2026-04-21T16:19:34.930758+00:00,US,SEC,8-K,,,,8-K - HORTON D R INC /DE/ (0000882184) (Filer),https://www.sec.gov/Archives/edgar/data/882184/000088218426000062/0000882184-26-000062-index.htm
2026-04-21T16:19:34.930799+00:00,US,SEC,8-K,,,,"8-K - PCS Edventures!, Inc. (0001122020) (Filer)",https://www.sec.gov/Archives/edgar/data/1122020/000149315226018247/0001493152-26-018247-index.htm
2026-04-21T15:02:18.903301+00:00,US,SEC,8-K,,,,8-K - Federal Home Loan Bank of Dallas (0001331757) (Filer),https://www.sec.gov/Archives/edgar/data/1331757/000133175726000070/0001331757-26-000070-index.htm
2026-04-21T15:02:18.903338+00:00,US,SEC,8-K,,,,8-K - Federal Home Loan Bank of Des Moines (0001325814) (Filer),https://www.sec.gov/Archives/edgar/data/1325814/000132581426000059/0001325814-26-000059-index.htm
2026-04-21T15:02:18.903382+00:00,US,SEC,8-K,,,,8-K - COMMUNITY BANCORP /VT (0000718413) (Filer),https://www.sec.gov/Archives/edgar/data/718413/000165495426003762/0001654954-26-003762-index.htm
2026-04-21T13:43:02.597940+00:00,US,SEC,8-K,,,,"8-K - MainStreet Bancshares, Inc. (0001693577) (Filer)",https://www.sec.gov/Archives/edgar/data/1693577/000143774926012891/0001437749-26-012891-index.htm
2026-04-21T13:43:02.597970+00:00,US,SEC,8-K,,,,8-K - MILESTONE SCIENTIFIC INC. (0000855683) (Filer),https://www.sec.gov/Archives/edgar/data/855683/000149315226018231/0001493152-26-018231-index.htm
2026-04-21T13:43:02.597998+00:00,US,SEC,8-K,,,,8-K - AMERISERV FINANCIAL INC /PA/ (0000707605) (Filer),https://www.sec.gov/Archives/edgar/data/707605/000110465926045779/0001104659-26-045779-index.htm
2026-04-21T13:43:02.598003+00:00,US,SEC,8-K,,,,8-K - MMEX Resources Corp (0001440799) (Filer),https://www.sec.gov/Archives/edgar/data/1440799/000147793226002433/0001477932-26-002433-index.htm
2026-04-21T11:50:47.591389+00:00,US,SEC,8-K,,,,8-K - UNITED COMMUNITY BANKS INC (0000857855) (Filer),https://www.sec.gov/Archives/edgar/data/857855/000110465926045714/0001104659-26-045714-index.htm
2026-04-21T11:50:47.591420+00:00,US,SEC,8-K,,,,8-K - UNITED COMMUNITY BANKS INC (0000857855) (Filer),https://www.sec.gov/Archives/edgar/data/857855/000110465926045707/0001104659-26-045707-index.htm
2026-04-21T11:50:47.591426+00:00,US,SEC,8-K,,,,"8-K - Core Scientific, Inc./tx (0001839341) (Filer)",https://www.sec.gov/Archives/edgar/data/1839341/000119312526165121/0001193125-26-165121-index.htm
2026-04-21T11:50:47.591433+00:00,US,SEC,8-K,,,,"8-K - Jaguar Health, Inc. (0001585608) (Filer)",https://www.sec.gov/Archives/edgar/data/1585608/000119312526165120/0001193125-26-165120-index.htm
2026-04-21T11:50:47.591440+00:00,US,SEC,8-K,,,,8-K - Anterix Inc. (0001304492) (Filer),https://www.sec.gov/Archives/edgar/data/1304492/000130449226000019/0001304492-26-000019-index.htm
2026-04-21T11:50:47.591445+00:00,US,SEC,8-K,,,,8-K - PMGC Holdings Inc. (0001840563) (Filer),https://www.sec.gov/Archives/edgar/data/1840563/000121390026045876/0001213900-26-045876-index.htm
2026-04-21T11:50:47.591450+00:00,US,SEC,8-K,,,,8-K - Simply Good Foods Co (0001702744) (Filer),https://www.sec.gov/Archives/edgar/data/1702744/000110465926045701/0001104659-26-045701-index.htm
2026-04-21T11:50:47.591454+00:00,US,SEC,8-K,,,,8-K - Blackstone Private Credit Fund (0001803498) (Filer),https://www.sec.gov/Archives/edgar/data/1803498/000180349826000021/0001803498-26-000021-index.htm
2026-04-21T11:50:47.591458+00:00,US,SEC,8-K,,,,"8-K - Soluna Holdings, Inc (0000064463) (Filer)",https://www.sec.gov/Archives/edgar/data/64463/000149315226018192/0001493152-26-018192-index.htm
2026-04-21T11:50:47.591465+00:00,US,SEC,8-K,,,,"8-K - Zeo ScientifiX, Inc. (0001557376) (Filer)",https://www.sec.gov/Archives/edgar/data/1557376/000182912626003684/0001829126-26-003684-index.htm
2026-04-21T11:50:47.591472+00:00,US,SEC,8-K,,,,8-K - CITIZENS FINANCIAL SERVICES INC (0000739421) (Filer),https://www.sec.gov/Archives/edgar/data/739421/000073942126000021/0000739421-26-000021-index.htm
2026-04-21T11:50:47.591481+00:00,US,SEC,8-K,,,,8-K - GENUINE PARTS CO (0000040987) (Filer),https://www.sec.gov/Archives/edgar/data/40987/000004098726000015/0000040987-26-000015-index.htm
2026-04-21T11:50:47.591485+00:00,US,SEC,8-K,,,,8-K - VICOR CORP (0000751978) (Filer),https://www.sec.gov/Archives/edgar/data/751978/000119312526165105/0001193125-26-165105-index.htm
2026-04-21T11:50:47.591489+00:00,US,SEC,8-K,,,,8-K - VALMONT INDUSTRIES INC (0000102729) (Filer),https://www.sec.gov/Archives/edgar/data/102729/000110465926045698/0001104659-26-045698-index.htm
2026-04-21T10:50:12.162978+00:00,US,SEC,8-K,,,,8-K - MSCI Inc. (0001408198) (Filer),https://www.sec.gov/Archives/edgar/data/1408198/000140819826000032/0001408198-26-000032-index.htm
2026-04-21T10:50:12.162995+00:00,US,SEC,8-K,,,,8-K - QUEST DIAGNOSTICS INC (0001022079) (Filer),https://www.sec.gov/Archives/edgar/data/1022079/000102207926000040/0001022079-26-000040-index.htm
2026-04-21T10:50:12.163002+00:00,US,SEC,8-K,,,,8-K - Atlantic Union Bankshares Corp (0000883948) (Filer),https://www.sec.gov/Archives/edgar/data/883948/000088394826000030/0000883948-26-000030-index.htm
2026-04-21T10:50:12.163012+00:00,US,SEC,8-K,,,,8-K - NORTHROP GRUMMAN CORP /DE/ (0001133421) (Filer),https://www.sec.gov/Archives/edgar/data/1133421/000113342126000015/0001133421-26-000015-index.htm
2026-04-21T10:50:12.163019+00:00,US,SEC,8-K,,,,8-K - Sow Good Inc. (0001490161) (Filer),https://www.sec.gov/Archives/edgar/data/1490161/000182912626003683/0001829126-26-003683-index.htm
2026-04-21T10:50:12.163033+00:00,US,SEC,8-K,,,,8-K - 3M CO (0000066740) (Filer),https://www.sec.gov/Archives/edgar/data/66740/000006674026000171/0000066740-26-000171-index.htm
2026-04-21T10:50:12.163038+00:00,US,SEC,8-K,,,,8-K - EQUIFAX INC (0000033185) (Filer),https://www.sec.gov/Archives/edgar/data/33185/000003318526000016/0000033185-26-000016-index.htm
2026-04-21T10:50:12.163062+00:00,US,SEC,8-K,,,,"8-K - Hyperscale Data, Inc. (0000896493) (Filer)",https://www.sec.gov/Archives/edgar/data/896493/000121465926004856/0001214659-26-004856-index.htm
2026-04-21T10:50:12.163074+00:00,US,SEC,8-K,,,,8-K - GENERAL ELECTRIC CO (0000040545) (Filer),https://www.sec.gov/Archives/edgar/data/40545/000004054526000026/0000040545-26-000026-index.htm
2026-04-21T10:50:12.163102+00:00,US,SEC,8-K,,,,8-K - PEOPLES BANCORP INC (0000318300) (Filer),https://www.sec.gov/Archives/edgar/data/318300/000031830026000142/0000318300-26-000142-index.htm
2026-04-20T21:29:37.750727+00:00,US,SEC,8-K,,,,8-K - AEHR TEST SYSTEMS (0001040470) (Filer),https://www.sec.gov/Archives/edgar/data/1040470/000165495426003746/0001654954-26-003746-index.htm
2026-04-20T21:29:37.750755+00:00,US,SEC,8-K,,,,8-K - FOXO TECHNOLOGIES INC. (0001812360) (Filer),https://www.sec.gov/Archives/edgar/data/1812360/000149315226018141/0001493152-26-018141-index.htm
2026-04-20T21:29:37.750768+00:00,US,SEC,8-K,,,,"8-K - Allbirds, Inc. (0001653909) (Filer)",https://www.sec.gov/Archives/edgar/data/1653909/000119312526164338/0001193125-26-164338-index.htm
2026-04-20T21:29:37.750780+00:00,US,SEC,8-K,,,,8-K - AB Private Lending Fund (0001982701) (Filer),https://www.sec.gov/Archives/edgar/data/1982701/000119312526164335/0001193125-26-164335-index.htm
2026-04-20T21:29:37.750801+00:00,US,SEC,8-K,,,,"8-K - ANAPTYSBIO, INC (0001370053) (Filer)",https://www.sec.gov/Archives/edgar/data/1370053/000119312526164330/0001193125-26-164330-index.htm
2026-04-20T21:29:37.750827+00:00,US,SEC,8-K,,,,"8-K - First Tracks Biotherapeutics, Inc. (0002091349) (Filer)",https://www.sec.gov/Archives/edgar/data/2091349/000119312526164328/0001193125-26-164328-index.htm
2026-04-20T20:30:14.170669+00:00,US,SEC,8-K,,,,8-K - Westrock Coffee Co (0001806347) (Filer),https://www.sec.gov/Archives/edgar/data/1806347/000110465926045523/0001104659-26-045523-index.htm
2026-04-20T20:30:14.170710+00:00,US,SEC,8-K,,,,8-K - Allegiant Travel CO (0001362468) (Filer),https://www.sec.gov/Archives/edgar/data/1362468/000114036126015676/0001140361-26-015676-index.htm
2026-04-20T19:44:45.886442+00:00,US,SEC,8-K,,,,8-K - Bridgecrest Lending Auto Securitization Trust 2026-2 (0002121064) (Filer),https://www.sec.gov/Archives/edgar/data/2121064/000110465926045466/0001104659-26-045466-index.htm
2026-04-20T19:44:45.886456+00:00,US,SEC,8-K,,,,8-K - Bridgecrest Auto Funding LLC (0001974820) (Filer),https://www.sec.gov/Archives/edgar/data/1974820/000110465926045466/0001104659-26-045466-index.htm
2026-04-20T19:44:45.886493+00:00,US,SEC,8-K,,,,8-K - Bridgecrest Lending Auto Securitization Trust 2026-2 (0002121064) (Filer),https://www.sec.gov/Archives/edgar/data/2121064/000110465926045464/0001104659-26-045464-index.htm
2026-04-20T19:44:45.886498+00:00,US,SEC,8-K,,,,8-K - Bridgecrest Auto Funding LLC (0001974820) (Filer),https://www.sec.gov/Archives/edgar/data/1974820/000110465926045464/0001104659-26-045464-index.htm
2026-04-20T18:39:30.856475+00:00,US,SEC,8-K,,,,8-K - 1 800 FLOWERS COM INC (0001084869) (Filer),https://www.sec.gov/Archives/edgar/data/1084869/000108486926000009/0001084869-26-000009-index.htm
2026-04-20T18:39:30.856518+00:00,US,SEC,8-K,,,,8-K - NEXT-ChemX Corporation. (0001657045) (Filer),https://www.sec.gov/Archives/edgar/data/1657045/000149315226018063/0001493152-26-018063-index.htm
2026-04-20T12:54:31.700410+00:00,US,SEC,8-K,,,,"8-K - Sila Realty Trust, Inc. (0001567925) (Filer)",https://www.sec.gov/Archives/edgar/data/1567925/000114036126015496/0001140361-26-015496-index.htm
2026-04-20T12:54:31.700427+00:00,US,SEC,8-K,,,,8-K - YHN Acquisition I Ltd (0002020987) (Filer),https://www.sec.gov/Archives/edgar/data/2020987/000168316826003067/0001683168-26-003067-index.htm
2026-04-20T12:54:31.700440+00:00,US,SEC,8-K,,,,"8-K - BITMINE IMMERSION TECHNOLOGIES, INC. (0001829311) (Filer)",https://www.sec.gov/Archives/edgar/data/1829311/000149315226018015/0001493152-26-018015-index.htm
2026-04-20T12:54:31.700465+00:00,US,SEC,8-K,,,,8-K - Worksport Ltd (0001096275) (Filer),https://www.sec.gov/Archives/edgar/data/1096275/000149315226018013/0001493152-26-018013-index.htm
2026-04-20T12:54:31.700470+00:00,US,SEC,8-K,,,,"8-K - AST SpaceMobile, Inc. (0001780312) (Filer)",https://www.sec.gov/Archives/edgar/data/1780312/000149315226018012/0001493152-26-018012-index.htm
2026-04-20T12:54:31.700474+00:00,US,SEC,8-K,,,,8-K - BIO KEY INTERNATIONAL INC (0001019034) (Filer),https://www.sec.gov/Archives/edgar/data/1019034/000143774926012772/0001437749-26-012772-index.htm
2026-04-20T12:54:31.700483+00:00,US,SEC,8-K,,,,8-K - Bristow Group Inc. (0001525221) (Filer),https://www.sec.gov/Archives/edgar/data/1525221/000152522126000068/0001525221-26-000068-index.htm
2026-04-20T12:54:31.700490+00:00,US,SEC,8-K,,,,"8-K - Virgin Galactic Holdings, Inc (0001706946) (Filer)",https://www.sec.gov/Archives/edgar/data/1706946/000170694626000032/0001706946-26-000032-index.htm
2026-04-20T11:45:48.031004+00:00,US,SEC,8-K,,,,8-K - Fermi Inc. (0002071778) (Filer),https://www.sec.gov/Archives/edgar/data/2071778/000121390026045351/0001213900-26-045351-index.htm
2026-04-20T11:45:48.031028+00:00,US,SEC,8-K,,,,8-K - Owens Corning (0001370946) (Filer),https://www.sec.gov/Archives/edgar/data/1370946/000137094626000132/0001370946-26-000132-index.htm
2026-04-20T11:45:48.031034+00:00,US,SEC,8-K,,,,"8-K - WW INTERNATIONAL, INC. (0000105319) (Filer)",https://www.sec.gov/Archives/edgar/data/105319/000119312526162712/0001193125-26-162712-index.htm
2026-04-20T11:45:48.031038+00:00,US,SEC,8-K,,,,8-K - Neurogene Inc. (0001404644) (Filer),https://www.sec.gov/Archives/edgar/data/1404644/000140464426000030/0001404644-26-000030-index.htm
2026-04-20T11:45:48.031055+00:00,US,SEC,8-K,,,,"8-K - Passage BIO, Inc. (0001787297) (Filer)",https://www.sec.gov/Archives/edgar/data/1787297/000110465926045219/0001104659-26-045219-index.htm
2026-04-20T11:45:48.031064+00:00,US,SEC,8-K,,,,8-K - enCore Energy Corp. (0001500881) (Filer),https://www.sec.gov/Archives/edgar/data/1500881/000119312526162680/0001193125-26-162680-index.htm
2026-04-20T11:45:48.031073+00:00,US,SEC,8-K,,,,8-K - BICYCLE THERAPEUTICS PLC (0001761612) (Filer),https://www.sec.gov/Archives/edgar/data/1761612/000110465926045198/0001104659-26-045198-index.htm
2026-04-20T11:45:48.031080+00:00,US,SEC,8-K,,,,8-K - SMARTFINANCIAL INC. (0001038773) (Filer),https://www.sec.gov/Archives/edgar/data/1038773/000110465926045196/0001104659-26-045196-index.htm
2026-04-20T11:45:48.031085+00:00,US,SEC,8-K,,,,8-K - OPEN TEXT CORP (0001002638) (Filer),https://www.sec.gov/Archives/edgar/data/1002638/000100263826000031/0001002638-26-000031-index.htm
2026-04-20T11:45:48.031089+00:00,US,SEC,8-K,,,,"8-K - STANLEY BLACK & DECKER, INC. (0000093556) (Filer)",https://www.sec.gov/Archives/edgar/data/93556/000119312526162675/0001193125-26-162675-index.htm
2026-04-20T11:45:48.031098+00:00,US,SEC,8-K,,,,8-K - CENTRUS ENERGY CORP (0001065059) (Filer),https://www.sec.gov/Archives/edgar/data/1065059/000162828026025916/0001628280-26-025916-index.htm
2026-04-20T11:45:48.031102+00:00,US,SEC,8-K,,,,"8-K - Cabaletta Bio, Inc. (0001759138) (Filer)",https://www.sec.gov/Archives/edgar/data/1759138/000175913826000016/0001759138-26-000016-index.htm
2026-04-20T11:45:48.031109+00:00,US,SEC,8-K,,,,8-K - US ENERGY CORP (0000101594) (Filer),https://www.sec.gov/Archives/edgar/data/101594/000143774926012760/0001437749-26-012760-index.htm
2026-04-20T11:45:48.031113+00:00,US,SEC,8-K,,,,"8-K - Mission Produce, Inc. (0001802974) (Filer)",https://www.sec.gov/Archives/edgar/data/1802974/000119312526162671/0001193125-26-162671-index.htm
2026-04-20T11:45:48.031122+00:00,US,SEC,8-K,,,,8-K - NEOGEN CORP (0000711377) (Filer),https://www.sec.gov/Archives/edgar/data/711377/000119312526162667/0001193125-26-162667-index.htm
2026-04-20T10:15:48.803810+00:00,US,SEC,8-K,,,,"8-K - GLOBAL TECH INDUSTRIES GROUP, INC. (0000356590) (Filer)",https://www.sec.gov/Archives/edgar/data/356590/000149315226017979/0001493152-26-017979-index.htm
2026-04-20T10:15:48.803829+00:00,US,SEC,8-K,,,,"8-K - QXO, Inc. (0001236275) (Filer)",https://www.sec.gov/Archives/edgar/data/1236275/000110465926045111/0001104659-26-045111-index.htm
2026-04-20T10:15:48.803852+00:00,US,SEC,8-K,,,,"8-K - Perspective Therapeutics, Inc. (0000728387) (Filer)",https://www.sec.gov/Archives/edgar/data/728387/000119312526162578/0001193125-26-162578-index.htm
2026-04-20T10:15:48.803860+00:00,US,SEC,8-K,,,,8-K - Investar Holding Corp (0001602658) (Filer),https://www.sec.gov/Archives/edgar/data/1602658/000143774926012741/0001437749-26-012741-index.htm
2026-04-20T10:15:48.803870+00:00,US,SEC,8-K,,,,8-K - NEWS CORP (0001564708) (Filer),https://www.sec.gov/Archives/edgar/data/1564708/000156470826000081/0001564708-26-000081-index.htm
2026-04-17T21:01:28.152401+00:00,US,SEC,8-K,,,,"8-K - BioXcel Therapeutics, Inc. (0001720893) (Filer)",https://www.sec.gov/Archives/edgar/data/1720893/000110465926044952/0001104659-26-044952-index.htm
2026-04-17T21:01:28.152421+00:00,US,SEC,8-K,,,,8-K - Bayview Acquisition Corp (0001969475) (Filer),https://www.sec.gov/Archives/edgar/data/1969475/000149315226017906/0001493152-26-017906-index.htm
2026-04-17T21:01:28.152428+00:00,US,SEC,8-K,,,,"8-K - Earth Science Tech, Inc. (0001538495) (Filer)",https://www.sec.gov/Archives/edgar/data/1538495/000149315226017907/0001493152-26-017907-index.htm
2026-04-17T21:01:28.152433+00:00,US,SEC,8-K,,,,8-K - VOLITIONRX LTD (0000093314) (Filer),https://www.sec.gov/Archives/edgar/data/93314/000147793226002373/0001477932-26-002373-index.htm
2026-04-17T21:01:28.152438+00:00,US,SEC,8-K,,,,8-K - Pearl Diver Credit Co Inc. (0001998043) (Filer),https://www.sec.gov/Archives/edgar/data/1998043/000121465926004813/0001214659-26-004813-index.htm
2026-04-17T21:01:28.152465+00:00,US,SEC,8-K,,,,"8-K - WW INTERNATIONAL, INC. (0000105319) (Filer)",https://www.sec.gov/Archives/edgar/data/105319/000119312526161747/0001193125-26-161747-index.htm
2026-04-17T21:01:28.152483+00:00,US,SEC,8-K,,,,8-K - FARADAY FUTURE INTELLIGENT ELECTRIC INC. (0001805521) (Filer),https://www.sec.gov/Archives/edgar/data/1805521/000121390026045237/0001213900-26-045237-index.htm
2026-04-17T20:06:36.496755+00:00,US,SEC,8-K,,,,"8-K - LIXTE BIOTECHNOLOGY HOLDINGS, INC. (0001335105) (Filer)",https://www.sec.gov/Archives/edgar/data/1335105/000149315226017833/0001493152-26-017833-index.htm
2026-04-17T20:06:36.496778+00:00,US,SEC,8-K,,,,8-K - TopBuild Corp (0001633931) (Filer),https://www.sec.gov/Archives/edgar/data/1633931/000110465926044899/0001104659-26-044899-index.htm
2026-04-17T20:06:36.496786+00:00,US,SEC,8-K,,,,8-K - Sizzle Acquisition Corp. II (0002030663) (Filer),https://www.sec.gov/Archives/edgar/data/2030663/000121390026045154/0001213900-26-045154-index.htm
2026-04-17T20:06:36.496795+00:00,US,SEC,8-K,,,,8-K - SUMISHO AIR LEASE CORP (0001487712) (Filer),https://www.sec.gov/Archives/edgar/data/1487712/000119312526161515/0001193125-26-161515-index.htm
2026-04-17T20:06:36.496808+00:00,US,SEC,8-K,,,,8-K - Zeo Energy Corp. (0001865506) (Filer),https://www.sec.gov/Archives/edgar/data/1865506/000121390026045152/0001213900-26-045152-index.htm
2026-04-17T20:06:36.496813+00:00,US,SEC,8-K,,,,"8-K - ConnectM Technology Solutions, Inc. (0001895249) (Filer)",https://www.sec.gov/Archives/edgar/data/1895249/000110465926044897/0001104659-26-044897-index.htm
2026-04-17T20:06:36.496821+00:00,US,SEC,8-K,,,,"8-K - Volato Group, Inc. (0001853070) (Filer)",https://www.sec.gov/Archives/edgar/data/1853070/000149315226017829/0001493152-26-017829-index.htm
2026-04-17T20:06:36.496825+00:00,US,SEC,8-K,,,,"8-K - REED'S, INC. (0001140215) (Filer)",https://www.sec.gov/Archives/edgar/data/1140215/000149315226017828/0001493152-26-017828-index.htm
2026-04-17T20:06:36.496831+00:00,US,SEC,8-K,,,,8-K - Brookfield Asset Management Ltd. (0001937926) (Filer),https://www.sec.gov/Archives/edgar/data/1937926/000110465926044893/0001104659-26-044893-index.htm
2026-04-17T20:06:36.496834+00:00,US,SEC,8-K,,,,8-K - Madison Air Solutions Corp (0002098430) (Filer),https://www.sec.gov/Archives/edgar/data/2098430/000119312526161509/0001193125-26-161509-index.htm
2026-04-17T19:19:22.589793+00:00,US,SEC,8-K,,,,"8-K - Zentalis Pharmaceuticals, Inc. (0001725160) (Filer)",https://www.sec.gov/Archives/edgar/data/1725160/000172516026000020/0001725160-26-000020-index.htm
2026-04-17T16:15:10.500707+00:00,US,SEC,8-K,,,,"8-K - SRx Health Solutions, Inc. (0001471727) (Filer)",https://www.sec.gov/Archives/edgar/data/1471727/000149315226017736/0001493152-26-017736-index.htm
2026-04-17T12:38:42.412563+00:00,US,SEC,8-K,,,,"8-K - Lumen Technologies, Inc. (0000018926) (Filer)",https://www.sec.gov/Archives/edgar/data/18926/000001892626000029/0000018926-26-000029-index.htm
2026-04-17T12:38:42.412581+00:00,US,SEC,8-K,,,,"8-K - Nauticus Robotics, Inc. (0001849820) (Filer)",https://www.sec.gov/Archives/edgar/data/1849820/000184982026000057/0001849820-26-000057-index.htm
2026-04-17T12:38:42.412590+00:00,US,SEC,8-K,,,,8-K - CHEMUNG FINANCIAL CORP (0000763563) (Filer),https://www.sec.gov/Archives/edgar/data/763563/000117184326002529/0001171843-26-002529-index.htm
2026-04-17T12:38:42.412609+00:00,US,SEC,8-K,,,,"8-K - PARKE BANCORP, INC. (0001315399) (Filer)",https://www.sec.gov/Archives/edgar/data/1315399/000143774926012624/0001437749-26-012624-index.htm
2026-04-17T12:38:42.412613+00:00,US,SEC,8-K,,,,8-K - BADGER METER INC (0000009092) (Filer),https://www.sec.gov/Archives/edgar/data/9092/000119312526160389/0001193125-26-160389-index.htm
2026-04-17T12:38:42.412620+00:00,US,SEC,8-K,,,,"8-K - PureCycle Technologies, Inc. (0001830033) (Filer)",https://www.sec.gov/Archives/edgar/data/1830033/000183003326000007/0001830033-26-000007-index.htm
2026-04-17T12:38:42.412627+00:00,US,SEC,8-K,,,,"8-K - Vaxart, Inc. (0000072444) (Filer)",https://www.sec.gov/Archives/edgar/data/72444/000143774926012623/0001437749-26-012623-index.htm
2026-04-17T12:38:42.412632+00:00,US,SEC,8-K,,,,"8-K - Tri Pointe Homes, Inc. (0001561680) (Filer)",https://www.sec.gov/Archives/edgar/data/1561680/000119312526160387/0001193125-26-160387-index.htm
2026-04-17T12:38:42.412648+00:00,US,SEC,8-K,,,,8-K - DANAHER CORP /DE/ (0000313616) (Filer),https://www.sec.gov/Archives/edgar/data/313616/000119312526160383/0001193125-26-160383-index.htm
2026-04-17T11:30:14.042756+00:00,US,SEC,8-K,,,,"8-K - Global Interactive Technologies, Inc. (0001911545) (Filer)",https://www.sec.gov/Archives/edgar/data/1911545/000149315226017155/0001493152-26-017155-index.htm
2026-04-17T11:30:14.042777+00:00,US,SEC,8-K,,,,"8-K - ACM Research, Inc. (0001680062) (Filer)",https://www.sec.gov/Archives/edgar/data/1680062/000162828026025599/0001628280-26-025599-index.htm
2026-04-17T11:30:14.042801+00:00,US,SEC,8-K,,,,"8-K - Compass, Inc. (0001563190) (Filer)",https://www.sec.gov/Archives/edgar/data/1563190/000156319026000089/0001563190-26-000089-index.htm
2026-04-17T11:30:14.042807+00:00,US,SEC,8-K,,,,"8-K - KUSTOM ENTERTAINMENT, INC. (0001342958) (Filer)",https://www.sec.gov/Archives/edgar/data/1342958/000149315226017152/0001493152-26-017152-index.htm
2026-04-17T11:30:14.042811+00:00,US,SEC,8-K,,,,8-K - Ally Financial Inc. (0000040729) (Filer),https://www.sec.gov/Archives/edgar/data/40729/000119312526160281/0001193125-26-160281-index.htm
2026-04-17T11:30:14.042818+00:00,US,SEC,8-K,,,,"8-K - ROCKWELL AUTOMATION, INC (0001024478) (Filer)",https://www.sec.gov/Archives/edgar/data/1024478/000102447826000014/0001024478-26-000014-index.htm
2026-04-17T11:30:14.042822+00:00,US,SEC,8-K,,,,8-K - QVC INC (0001254699) (Filer),https://www.sec.gov/Archives/edgar/data/1254699/000110465926044600/0001104659-26-044600-index.htm
2026-04-17T11:30:14.042869+00:00,US,SEC,8-K,,,,8-K - TRUIST FINANCIAL CORP (0000092230) (Filer),https://www.sec.gov/Archives/edgar/data/92230/000009223026000039/0000092230-26-000039-index.htm
2026-04-17T10:21:55.413899+00:00,US,SEC,8-K,,,,8-K - AUTOLIV INC (0001034670) (Filer),https://www.sec.gov/Archives/edgar/data/1034670/000119312526160203/0001193125-26-160203-index.htm
2026-04-17T10:21:55.413969+00:00,US,SEC,8-K,,,,8-K - REGIONS FINANCIAL CORP (0001281761) (Filer),https://www.sec.gov/Archives/edgar/data/1281761/000128176126000032/0001281761-26-000032-index.htm
2026-04-16T20:59:40.475865+00:00,US,SEC,8-K,,,,8-K - INTERNATIONAL BATTERY METALS LTD. (0001786318) (Filer),https://www.sec.gov/Archives/edgar/data/1786318/000119312526159235/0001193125-26-159235-index.htm
2026-04-16T19:59:29.143109+00:00,US,SEC,8-K,,,,"8-K - Securetech Innovations, Inc. (0001703157) (Filer)",https://www.sec.gov/Archives/edgar/data/1703157/000101738626000052/0001017386-26-000052-index.htm
2026-04-16T16:08:03.119315+00:00,US,SEC,8-K,,,,8-K - PEPCO HOLDINGS LLC (0001135971) (Filer),https://www.sec.gov/Archives/edgar/data/1135971/000110935726000046/0001109357-26-000046-index.htm
2026-04-16T16:08:03.119331+00:00,US,SEC,8-K,,,,8-K - EXELON CORP (0001109357) (Filer),https://www.sec.gov/Archives/edgar/data/1109357/000110935726000046/0001109357-26-000046-index.htm
2026-04-16T16:08:03.119337+00:00,US,SEC,8-K,,,,8-K - POTOMAC ELECTRIC POWER CO (0000079732) (Filer),https://www.sec.gov/Archives/edgar/data/79732/000110935726000046/0001109357-26-000046-index.htm
2026-04-16T16:08:03.119342+00:00,US,SEC,8-K,,,,8-K - PECO ENERGY CO (0000078100) (Filer),https://www.sec.gov/Archives/edgar/data/78100/000110935726000046/0001109357-26-000046-index.htm
2026-04-16T16:08:03.119347+00:00,US,SEC,8-K,,,,8-K - DELMARVA POWER & LIGHT CO /DE/ (0000027879) (Filer),https://www.sec.gov/Archives/edgar/data/27879/000110935726000046/0001109357-26-000046-index.htm
2026-04-16T16:08:03.119351+00:00,US,SEC,8-K,,,,8-K - BALTIMORE GAS & ELECTRIC CO (0000009466) (Filer),https://www.sec.gov/Archives/edgar/data/9466/000110935726000046/0001109357-26-000046-index.htm
2026-04-16T16:08:03.119404+00:00,US,SEC,8-K,,,,"8-K - STAR GROUP, L.P. (0001002590) (Filer)",https://www.sec.gov/Archives/edgar/data/1002590/000117184326002508/0001171843-26-002508-index.htm
2026-04-16T12:46:48.139445+00:00,US,SEC,8-K,,,,"8-K - Onfolio Holdings, Inc (0001825452) (Filer)",https://www.sec.gov/Archives/edgar/data/1825452/000165495426003581/0001654954-26-003581-index.htm
2026-04-16T12:46:48.139464+00:00,US,SEC,8-K,,,,"8-K - ATOSSA THERAPEUTICS, INC. (0001488039) (Filer)",https://www.sec.gov/Archives/edgar/data/1488039/000119312526158030/0001193125-26-158030-index.htm
2026-04-16T12:46:48.139473+00:00,US,SEC,8-K,,,,"8-K - Aspire Biopharma Holdings, Inc. (0001847345) (Filer)",https://www.sec.gov/Archives/edgar/data/1847345/000149315226016979/0001493152-26-016979-index.htm
2026-04-16T12:46:48.139477+00:00,US,SEC,8-K,,,,"8-K - Modular Medical, Inc. (0001074871) (Filer)",https://www.sec.gov/Archives/edgar/data/1074871/000121390026044343/0001213900-26-044343-index.htm
2026-04-16T11:33:04.970544+00:00,US,SEC,8-K,,,,"8-K - Rivulet Entertainment, Inc. (0001342936) (Filer)",https://www.sec.gov/Archives/edgar/data/1342936/000149315226016972/0001493152-26-016972-index.htm
2026-04-16T11:33:04.970558+00:00,US,SEC,8-K,,,,"8-K - Soluna Holdings, Inc (0000064463) (Filer)",https://www.sec.gov/Archives/edgar/data/64463/000149315226016971/0001493152-26-016971-index.htm
2026-04-16T11:33:04.970564+00:00,US,SEC,8-K,,,,8-K - XMax Inc. (0001473334) (Filer),https://www.sec.gov/Archives/edgar/data/1473334/000149315226016970/0001493152-26-016970-index.htm
2026-04-16T11:33:04.970573+00:00,US,SEC,8-K,,,,8-K - ManpowerGroup Inc. (0000871763) (Filer),https://www.sec.gov/Archives/edgar/data/871763/000119312526157932/0001193125-26-157932-index.htm
2026-04-16T11:33:04.970618+00:00,US,SEC,8-K,,,,8-K - MeiraGTx Holdings plc (0001735438) (Filer),https://www.sec.gov/Archives/edgar/data/1735438/000110465926044028/0001104659-26-044028-index.htm
2026-04-16T11:33:04.970622+00:00,US,SEC,8-K,,,,8-K - DAYTON POWER & LIGHT CO (0000027430) (Filer),https://www.sec.gov/Archives/edgar/data/27430/000002743026000014/0000027430-26-000014-index.htm
2026-04-16T11:33:04.970633+00:00,US,SEC,8-K,,,,"8-K - Lumen Technologies, Inc. (0000018926) (Filer)",https://www.sec.gov/Archives/edgar/data/18926/000119312526157915/0001193125-26-157915-index.htm
2026-04-16T11:33:04.970644+00:00,US,SEC,8-K,,,,"8-K - IPALCO ENTERPRISES, INC. (0000728391) (Filer)",https://www.sec.gov/Archives/edgar/data/728391/000072839126000009/0000728391-26-000009-index.htm
2026-04-16T11:33:04.970650+00:00,US,SEC,8-K,,,,8-K - MeiraGTx Holdings plc (0001735438) (Filer),https://www.sec.gov/Archives/edgar/data/1735438/000110465926044025/0001104659-26-044025-index.htm
2026-04-16T10:15:58.095269+00:00,US,SEC,8-K,,,,"8-K - Global Net Lease, Inc. (0001526113) (Filer)",https://www.sec.gov/Archives/edgar/data/1526113/000110465926043986/0001104659-26-043986-index.htm
2026-04-16T10:15:58.095297+00:00,US,SEC,8-K,,,,"8-K - Katapult Holdings, Inc. (0001785424) (Filer)",https://www.sec.gov/Archives/edgar/data/1785424/000095010326005778/0000950103-26-005778-index.htm
2026-04-16T10:15:58.095361+00:00,US,SEC,8-K,,,,"8-K - CareDx, Inc. (0001217234) (Filer)",https://www.sec.gov/Archives/edgar/data/1217234/000110465926043970/0001104659-26-043970-index.htm
2026-04-15T21:09:09.374786+00:00,US,SEC,8-K,,,,"8-K - Customers Bancorp, Inc. (0001488813) (Filer)",https://www.sec.gov/Archives/edgar/data/1488813/000148881326000053/0001488813-26-000053-index.htm
2026-04-15T21:09:09.374813+00:00,US,SEC,8-K,,,,8-K - YORK WATER CO (0000108985) (Filer),https://www.sec.gov/Archives/edgar/data/108985/000114036126014830/0001140361-26-014830-index.htm
2026-04-15T21:09:09.374838+00:00,US,SEC,8-K,,,,"8-K - Global Water Resources, Inc. (0001434728) (Filer)",https://www.sec.gov/Archives/edgar/data/1434728/000162828026025290/0001628280-26-025290-index.htm
2026-04-15T21:09:09.374905+00:00,US,SEC,8-K,,,,"8-K - Concrete Pumping Holdings, Inc. (0001703956) (Filer)",https://www.sec.gov/Archives/edgar/data/1703956/000143774926012429/0001437749-26-012429-index.htm
2026-04-15T20:11:14.563768+00:00,US,SEC,8-K,,,,8-K - PARSONS CORP (0000275880) (Filer),https://www.sec.gov/Archives/edgar/data/275880/000119312526157010/0001193125-26-157010-index.htm
2026-04-15T20:11:14.563784+00:00,US,SEC,8-K,,,,8-K - American Strategic Investment Co. (0001595527) (Filer),https://www.sec.gov/Archives/edgar/data/1595527/000110465926043798/0001104659-26-043798-index.htm
2026-04-15T15:41:57.841708+00:00,US,SEC,8-K,,,,"8-K - Moleculin Biotech, Inc. (0001659617) (Filer)",https://www.sec.gov/Archives/edgar/data/1659617/000143774926012325/0001437749-26-012325-index.htm
2026-04-15T14:18:52.982515+00:00,US,SEC,8-K,,,,8-K - TRANS LUX Corp (0000099106) (Filer),https://www.sec.gov/Archives/edgar/data/99106/000110465926043581/0001104659-26-043581-index.htm
2026-04-15T14:18:52.982529+00:00,US,SEC,8-K,,,,8-K - Sadot Group Inc. (0001701756) (Filer),https://www.sec.gov/Archives/edgar/data/1701756/000173112226000575/0001731122-26-000575-index.htm
2026-04-15T14:18:52.982538+00:00,US,SEC,8-K,,,,8-K - La Rosa Holdings Corp. (0001879403) (Filer),https://www.sec.gov/Archives/edgar/data/1879403/000121390026043861/0001213900-26-043861-index.htm
2026-04-15T14:18:52.982553+00:00,US,SEC,8-K,,,,8-K - Otter Tail Corp (0001466593) (Filer),https://www.sec.gov/Archives/edgar/data/1466593/000146659326000040/0001466593-26-000040-index.htm
2026-04-15T12:40:38.758834+00:00,US,SEC,8-K,,,,8-K - American Strategic Investment Co. (0001595527) (Filer),https://www.sec.gov/Archives/edgar/data/1595527/000162828026025159/0001628280-26-025159-index.htm
2026-04-15T12:40:38.758856+00:00,US,SEC,8-K,,,,"8-K - Totaligent, Inc. (0000846377) (Filer)",https://www.sec.gov/Archives/edgar/data/846377/000147793226002227/0001477932-26-002227-index.htm
2026-04-15T12:40:38.758862+00:00,US,SEC,8-K,,,,"8-K - XTI Aerospace, Inc. (0001529113) (Filer)",https://www.sec.gov/Archives/edgar/data/1529113/000121390026043794/0001213900-26-043794-index.htm
2026-04-15T12:40:38.758872+00:00,US,SEC,8-K,,,,"8-K - ONE STOP SYSTEMS, INC. (0001394056) (Filer)",https://www.sec.gov/Archives/edgar/data/1394056/000119312526156057/0001193125-26-156057-index.htm
2026-04-15T12:40:38.758901+00:00,US,SEC,8-K,,,,8-K - COMMUNITY TRUST BANCORP INC /KY/ (0000350852) (Filer),https://www.sec.gov/Archives/edgar/data/350852/000035085226000039/0000350852-26-000039-index.htm
2026-04-15T12:40:38.758910+00:00,US,SEC,8-K,,,,8-K - MOODYS CORP /DE/ (0001059556) (Filer),https://www.sec.gov/Archives/edgar/data/1059556/000105955626000028/0001059556-26-000028-index.htm
2026-04-15T11:29:47.159178+00:00,US,SEC,8-K,,,,"8-K - Stereotaxis, Inc. (0001289340) (Filer)",https://www.sec.gov/Archives/edgar/data/1289340/000149315226016685/0001493152-26-016685-index.htm
2026-04-15T11:29:47.159194+00:00,US,SEC,8-K,,,,8-K - ENTEGRIS INC (0001101302) (Filer),https://www.sec.gov/Archives/edgar/data/1101302/000110130226000095/0001101302-26-000095-index.htm
2026-04-15T11:29:47.159200+00:00,US,SEC,8-K,,,,8-K - TransDigm Group INC (0001260221) (Filer),https://www.sec.gov/Archives/edgar/data/1260221/000126022126000036/0001260221-26-000036-index.htm
2026-04-15T11:29:47.159214+00:00,US,SEC,8-K,,,,8-K - SPIRE INC (0001126956) (Filer),https://www.sec.gov/Archives/edgar/data/1126956/000119312526155936/0001193125-26-155936-index.htm
2026-04-15T11:29:47.159223+00:00,US,SEC,8-K,,,,8-K - VINCE HOLDING CORP. (0001579157) (Filer),https://www.sec.gov/Archives/edgar/data/1579157/000119312526155934/0001193125-26-155934-index.htm
2026-04-15T11:29:47.159232+00:00,US,SEC,8-K,,,,8-K - Keen Vision Acquisition Corp. (0001889983) (Filer),https://www.sec.gov/Archives/edgar/data/1889983/000121390026043759/0001213900-26-043759-index.htm
2026-04-15T11:29:47.159256+00:00,US,SEC,8-K,,,,8-K - BANK OF AMERICA CORP /DE/ (0000070858) (Filer),https://www.sec.gov/Archives/edgar/data/70858/000007085826000222/0000070858-26-000222-index.htm
2026-04-15T11:29:47.159264+00:00,US,SEC,8-K,,,,"8-K - PNC FINANCIAL SERVICES GROUP, INC. (0000713676) (Filer)",https://www.sec.gov/Archives/edgar/data/713676/000071367626000026/0000713676-26-000026-index.htm
2026-04-15T10:17:04.070961+00:00,US,SEC,8-K,,,,8-K - PANTAGES CAPITAL ACQUISITION Corp (0002030829) (Filer),https://www.sec.gov/Archives/edgar/data/2030829/000192998026000151/0001929980-26-000151-index.htm
2026-04-15T10:17:04.070996+00:00,US,SEC,8-K,,,,8-K - M&T BANK CORP (0000036270) (Filer),https://www.sec.gov/Archives/edgar/data/36270/000003627026000025/0000036270-26-000025-index.htm
2026-04-15T10:17:04.071006+00:00,US,SEC,8-K,,,,8-K - Structure Therapeutics Inc. (0001888886) (Filer),https://www.sec.gov/Archives/edgar/data/1888886/000110465926043425/0001104659-26-043425-index.htm
2026-04-14T21:05:18.782861+00:00,US,SEC,8-K,,,,8-K - Uniti Group Inc. (0002020795) (Filer),https://www.sec.gov/Archives/edgar/data/2020795/000095010326005715/0000950103-26-005715-index.htm
2026-04-14T21:05:18.782921+00:00,US,SEC,8-K,,,,8-K - WaterBridge Infrastructure LLC (0002064947) (Filer),https://www.sec.gov/Archives/edgar/data/2064947/000119312526155064/0001193125-26-155064-index.htm
2026-04-14T21:05:18.782937+00:00,US,SEC,8-K,,,,"8-K - Meta Platforms, Inc. (0001326801) (Filer)",https://www.sec.gov/Archives/edgar/data/1326801/000162828026025108/0001628280-26-025108-index.htm
2026-04-14T21:05:18.782950+00:00,US,SEC,8-K,,,,8-K - Illumination Acquisition Corp. I (0002101135) (Filer),https://www.sec.gov/Archives/edgar/data/2101135/000120677426000213/0001206774-26-000213-index.htm
2026-04-14T21:05:18.782966+00:00,US,SEC,8-K,,,,8-K - York Space Systems Inc. (0002086587) (Filer),https://www.sec.gov/Archives/edgar/data/2086587/000119312526155061/0001193125-26-155061-index.htm
2026-04-14T20:05:08.454841+00:00,US,SEC,8-K,,,,8-K - SUMISHO AIR LEASE CORP (0001487712) (Filer),https://www.sec.gov/Archives/edgar/data/1487712/000119312526154873/0001193125-26-154873-index.htm
2026-04-14T20:05:08.454888+00:00,US,SEC,8-K,,,,"8-K - Blaize Holdings, Inc. (0001871638) (Filer)",https://www.sec.gov/Archives/edgar/data/1871638/000187163826000019/0001871638-26-000019-index.htm
2026-04-14T20:05:08.454909+00:00,US,SEC,8-K,,,,8-K - FIRST BUSEY CORP /NV/ (0000314489) (Filer),https://www.sec.gov/Archives/edgar/data/314489/000031448926000024/0000314489-26-000024-index.htm
2026-04-14T20:05:08.454922+00:00,US,SEC,8-K,,,,"8-K - New Concept Energy, Inc. (0000105744) (Filer)",https://www.sec.gov/Archives/edgar/data/105744/000121465926004653/0001214659-26-004653-index.htm
2026-04-14T20:05:08.454931+00:00,US,SEC,8-K,,,,"8-K - FIRST BUSINESS FINANCIAL SERVICES, INC. (0001521951) (Filer)",https://www.sec.gov/Archives/edgar/data/1521951/000119312526154867/0001193125-26-154867-index.htm
2026-04-14T20:05:08.454943+00:00,US,SEC,8-K,,,,"8-K - CERO THERAPEUTICS HOLDINGS, INC. (0001870404) (Filer)",https://www.sec.gov/Archives/edgar/data/1870404/000121390026043519/0001213900-26-043519-index.htm
2026-04-14T20:05:08.454947+00:00,US,SEC,8-K,,,,"8-K - CODEXIS, INC. (0001200375) (Filer)",https://www.sec.gov/Archives/edgar/data/1200375/000119312526154866/0001193125-26-154866-index.htm
2026-04-14T18:52:05.463959+00:00,US,SEC,8-K,,,,8-K - PUBLIC CO MANAGEMENT CORP (0001141964) (Filer),https://www.sec.gov/Archives/edgar/data/1141964/000121465926004635/0001214659-26-004635-index.htm
2026-04-14T18:52:05.463980+00:00,US,SEC,8-K,,,,8-K - Federal Home Loan Bank of Cincinnati (0001326771) (Filer),https://www.sec.gov/Archives/edgar/data/1326771/000132677126000056/0001326771-26-000056-index.htm
2026-04-14T17:47:23.822964+00:00,US,SEC,8-K,,,,8-K - Federal Home Loan Bank of New York (0001329842) (Filer),https://www.sec.gov/Archives/edgar/data/1329842/000165495426003493/0001654954-26-003493-index.htm
2026-04-14T17:47:23.822986+00:00,US,SEC,8-K,,,,8-K - Benchmark 2018-B4 Mortgage Trust (0001740849) (Filer),https://www.sec.gov/Archives/edgar/data/1740849/000188852426006742/0001888524-26-006742-index.htm
2026-04-14T17:47:23.822998+00:00,US,SEC,8-K,,,,8-K - FORTRESS CREDIT REALTY INCOME TRUST (0002026738) (Filer),https://www.sec.gov/Archives/edgar/data/2026738/000119312526154537/0001193125-26-154537-index.htm
2026-04-14T17:47:23.823059+00:00,US,SEC,8-K,,,,8-K - Benchmark 2018-B7 Mortgage Trust (0001757018) (Filer),https://www.sec.gov/Archives/edgar/data/1757018/000188852426006740/0001888524-26-006740-index.htm
2026-04-14T15:19:48.996687+00:00,US,SEC,8-K,,,,"8-K - Perma-Pipe International Holdings, Inc. (0000914122) (Filer)",https://www.sec.gov/Archives/edgar/data/914122/000143774926012209/0001437749-26-012209-index.htm
2026-04-14T13:58:27.064821+00:00,US,SEC,8-K,,,,8-K - BeOne Medicines Ltd. (0001651308) (Filer),https://www.sec.gov/Archives/edgar/data/1651308/000165130826000008/0001651308-26-000008-index.htm
2026-04-14T13:58:27.064884+00:00,US,SEC,8-K,,,,8-K - CITIGROUP INC (0000831001) (Filer),https://www.sec.gov/Archives/edgar/data/831001/000110465926042942/0001104659-26-042942-index.htm
2026-04-14T13:58:27.064897+00:00,US,SEC,8-K,,,,8-K - HERBALIFE LTD. (0001180262) (Filer),https://www.sec.gov/Archives/edgar/data/1180262/000121390026043269/0001213900-26-043269-index.htm
2026-04-14T11:56:57.464452+00:00,US,SEC,8-K,,,,8-K - HPS Corporate Lending Fund (0001838126) (Filer),https://www.sec.gov/Archives/edgar/data/1838126/000162828026024994/0001628280-26-024994-index.htm
2026-04-14T11:56:57.464470+00:00,US,SEC,8-K,,,,"8-K - Lucid Group, Inc. (0001811210) (Filer)",https://www.sec.gov/Archives/edgar/data/1811210/000110465926042873/0001104659-26-042873-index.htm
2026-04-14T11:56:57.464504+00:00,US,SEC,8-K,,,,8-K - JOHNSON & JOHNSON (0000200406) (Filer),https://www.sec.gov/Archives/edgar/data/200406/000020040626000076/0000200406-26-000076-index.htm
2026-04-14T11:56:57.464512+00:00,US,SEC,8-K,,,,8-K - Profound Medical Corp. (0001628808) (Filer),https://www.sec.gov/Archives/edgar/data/1628808/000117184326002426/0001171843-26-002426-index.htm
2026-04-14T11:56:57.464523+00:00,US,SEC,8-K,,,,"8-K - Albertsons Companies, Inc. (0001646972) (Filer)",https://www.sec.gov/Archives/edgar/data/1646972/000164697226000028/0001646972-26-000028-index.htm
2026-04-14T11:56:57.464532+00:00,US,SEC,8-K,,,,8-K - AgEagle Aerial Systems Inc. (0000008504) (Filer),https://www.sec.gov/Archives/edgar/data/8504/000149315226016470/0001493152-26-016470-index.htm
2026-04-14T11:56:57.464537+00:00,US,SEC,8-K,,,,"8-K - CREATIVE REALITIES, INC. (0001356093) (Filer)",https://www.sec.gov/Archives/edgar/data/1356093/000143774926012193/0001437749-26-012193-index.htm
2026-04-14T10:53:15.385802+00:00,US,SEC,8-K,,,,8-K - LEMAITRE VASCULAR INC (0001158895) (Filer),https://www.sec.gov/Archives/edgar/data/1158895/000119312526153779/0001193125-26-153779-index.htm
2026-04-14T10:53:15.385821+00:00,US,SEC,8-K,,,,"8-K - BlackRock, Inc. (0002012383) (Filer)",https://www.sec.gov/Archives/edgar/data/2012383/000119312526153768/0001193125-26-153768-index.htm
2026-04-14T10:53:15.385827+00:00,US,SEC,8-K,,,,8-K - DOW INC. (0001751788) (Filer),https://www.sec.gov/Archives/edgar/data/1751788/000119312526153769/0001193125-26-153769-index.htm
2026-04-14T10:53:15.385834+00:00,US,SEC,8-K,,,,8-K - JPMORGAN CHASE & CO (0000019617) (Filer),https://www.sec.gov/Archives/edgar/data/19617/000162828026024990/0001628280-26-024990-index.htm
2026-04-14T10:53:15.385849+00:00,US,SEC,8-K,,,,8-K - BHAV Acquisition Corp (0002097288) (Filer),https://www.sec.gov/Archives/edgar/data/2097288/000121390026043186/0001213900-26-043186-index.htm
2026-04-14T10:53:15.385857+00:00,US,SEC,8-K,,,,8-K - WELLS FARGO & COMPANY/MN (0000072971) (Filer),https://www.sec.gov/Archives/edgar/data/72971/000007297126000213/0000072971-26-000213-index.htm
2026-04-14T10:53:15.385872+00:00,US,SEC,8-K,,,,8-K - Nature's Miracle Holding Inc. (0001947861) (Filer),https://www.sec.gov/Archives/edgar/data/1947861/000121390026043181/0001213900-26-043181-index.htm
2026-04-14T10:53:15.385891+00:00,US,SEC,8-K,,,,8-K - SemiLEDs Corp (0001333822) (Filer),https://www.sec.gov/Archives/edgar/data/1333822/000119312526153738/0001193125-26-153738-index.htm
2026-04-14T10:53:15.385902+00:00,US,SEC,8-K,,,,"8-K - XCF Global, Inc. (0002019793) (Filer)",https://www.sec.gov/Archives/edgar/data/2019793/000149315226016438/0001493152-26-016438-index.htm
2026-04-14T10:53:15.385906+00:00,US,SEC,8-K,,,,8-K - Transocean Ltd. (0001451505) (Filer),https://www.sec.gov/Archives/edgar/data/1451505/000145150526000029/0001451505-26-000029-index.htm
2026-04-13T17:38:27.780668+00:00,US,SEC,8-K,,,,8-K - CaliberCos Inc. (0001627282) (Filer),https://www.sec.gov/Archives/edgar/data/1627282/000162728226000019/0001627282-26-000019-index.htm
2026-04-13T16:20:43.874734+00:00,US,SEC,8-K,,,,8-K - ACTELIS NETWORKS INC (0001141284) (Filer),https://www.sec.gov/Archives/edgar/data/1141284/000121390026042875/0001213900-26-042875-index.htm
2026-04-13T13:28:11.404706+00:00,US,SEC,8-K,,,,8-K - BiomX Inc. (0001739174) (Filer),https://www.sec.gov/Archives/edgar/data/1739174/000121390026042811/0001213900-26-042811-index.htm
2026-04-13T13:28:11.404730+00:00,US,SEC,8-K,,,,"8-K - Xtant Medical Holdings, Inc. (0001453593) (Filer)",https://www.sec.gov/Archives/edgar/data/1453593/000149315226016308/0001493152-26-016308-index.htm
2026-04-13T11:50:20.557910+00:00,US,SEC,8-K,,,,"8-K - Spyre Therapeutics, Inc. (0001636282) (Filer)",https://www.sec.gov/Archives/edgar/data/1636282/000162828026024831/0001628280-26-024831-index.htm
2026-04-13T11:50:20.557925+00:00,US,SEC,8-K,,,,"8-K - Allogene Therapeutics, Inc. (0001737287) (Filer)",https://www.sec.gov/Archives/edgar/data/1737287/000119312526151999/0001193125-26-151999-index.htm
2026-04-13T11:50:20.557950+00:00,US,SEC,8-K,,,,8-K - GOLDMAN SACHS GROUP INC (0000886982) (Filer),https://www.sec.gov/Archives/edgar/data/886982/000088698226000096/0000886982-26-000096-index.htm
2026-04-13T10:20:17.741657+00:00,US,SEC,8-K,,,,8-K - Artificial Intelligence Technology Solutions Inc. (0001498148) (Filer),https://www.sec.gov/Archives/edgar/data/1498148/000106299326001948/0001062993-26-001948-index.htm
2026-04-13T10:20:17.741732+00:00,US,SEC,8-K,,,,"8-K - IDEAYA Biosciences, Inc. (0001676725) (Filer)",https://www.sec.gov/Archives/edgar/data/1676725/000119312526151893/0001193125-26-151893-index.htm
2026-04-10T21:38:44.353910+00:00,US,SEC,8-K,,,,8-K - Contango Silver & Gold Inc. (0001502377) (Filer),https://www.sec.gov/Archives/edgar/data/1502377/000150237726000003/0001502377-26-000003-index.htm
2026-04-10T20:53:03.845603+00:00,US,SEC,8-K,,,,8-K - GM Financial Consumer Automobile Receivables Trust 2026-2 (0002116462) (Filer),https://www.sec.gov/Archives/edgar/data/2116462/000119312526151404/0001193125-26-151404-index.htm
2026-04-10T20:53:03.845625+00:00,US,SEC,8-K,,,,8-K - AFS SENSUB CORP. (0001347185) (Filer),https://www.sec.gov/Archives/edgar/data/1347185/000119312526151404/0001193125-26-151404-index.htm
2026-04-10T20:53:03.845663+00:00,US,SEC,8-K,,,,8-K - Longeveron Inc. (0001721484) (Filer),https://www.sec.gov/Archives/edgar/data/1721484/000121390026042565/0001213900-26-042565-index.htm
2026-04-10T20:53:03.845668+00:00,US,SEC,8-K,,,,8-K - ACP Holdings Acquisition Corp. (0002111542) (Filer),https://www.sec.gov/Archives/edgar/data/2111542/000121390026042564/0001213900-26-042564-index.htm
2026-04-10T20:53:03.845677+00:00,US,SEC,8-K,,,,8-K - FG Merger II Corp. (0001906364) (Filer),https://www.sec.gov/Archives/edgar/data/1906364/000110465926042091/0001104659-26-042091-index.htm
2026-04-10T19:29:49.721093+00:00,US,SEC,8-K,,,,"8-K - Jubilant Flame International, Ltd (0001517389) (Filer)",https://www.sec.gov/Archives/edgar/data/1517389/000147793226002115/0001477932-26-002115-index.htm
2026-04-10T18:30:58.333075+00:00,US,SEC,8-K,,,,8-K - Stepstone Private Credit Fund LLC (0001950803) (Filer),https://www.sec.gov/Archives/edgar/data/1950803/000119312526151025/0001193125-26-151025-index.htm
2026-04-10T13:48:52.899304+00:00,US,SEC,8-K,,,,"8-K - UNIVERSAL INSURANCE HOLDINGS, INC. (0000891166) (Filer)",https://www.sec.gov/Archives/edgar/data/891166/000089116626000039/0000891166-26-000039-index.htm
2026-04-10T13:48:52.899372+00:00,US,SEC,8-K,,,,"8-K - Upland Software, Inc. (0001505155) (Filer)",https://www.sec.gov/Archives/edgar/data/1505155/000150515526000015/0001505155-26-000015-index.htm
2026-04-10T12:08:34.971530+00:00,US,SEC,8-K,,,,8-K - Trio Petroleum Corp (0001898766) (Filer),https://www.sec.gov/Archives/edgar/data/1898766/000149315226016048/0001493152-26-016048-index.htm
2026-04-10T12:08:34.971551+00:00,US,SEC,8-K,,,,8-K - Invesco Ltd. (0000914208) (Filer),https://www.sec.gov/Archives/edgar/data/914208/000091420826000097/0000914208-26-000097-index.htm
2026-04-10T12:08:34.971567+00:00,US,SEC,8-K,,,,8-K - CUMULUS MEDIA INC (0001058623) (Filer),https://www.sec.gov/Archives/edgar/data/1058623/000105862326000017/0001058623-26-000017-index.htm
2026-04-10T12:08:34.971577+00:00,US,SEC,8-K,,,,8-K - Lantern Pharma Inc. (0001763950) (Filer),https://www.sec.gov/Archives/edgar/data/1763950/000149315226016047/0001493152-26-016047-index.htm
2026-04-10T12:08:34.971592+00:00,US,SEC,8-K,,,,"8-K - Core & Main, Inc. (0001856525) (Filer)",https://www.sec.gov/Archives/edgar/data/1856525/000119312526150369/0001193125-26-150369-index.htm
2026-04-10T12:08:34.971596+00:00,US,SEC,8-K,,,,8-K - Trinity Capital Inc. (0001786108) (Filer),https://www.sec.gov/Archives/edgar/data/1786108/000119312526150368/0001193125-26-150368-index.htm
2026-04-10T11:29:52.248933+00:00,US,SEC,8-K,,,,"8-K - Angel Studios, Inc. (0001865200) (Filer)",https://www.sec.gov/Archives/edgar/data/1865200/000110465926041758/0001104659-26-041758-index.htm
2026-04-10T11:29:52.248976+00:00,US,SEC,8-K,,,,8-K - BRINKS CO (0000078890) (Filer),https://www.sec.gov/Archives/edgar/data/78890/000007889026000031/0000078890-26-000031-index.htm
2026-04-10T11:29:52.248983+00:00,US,SEC,8-K,,,,"8-K - C4 Therapeutics, Inc. (0001662579) (Filer)",https://www.sec.gov/Archives/edgar/data/1662579/000162828026024583/0001628280-26-024583-index.htm
2026-04-10T11:29:52.248990+00:00,US,SEC,8-K,,,,8-K - OCCIDENTAL PETROLEUM CORP /DE/ (0000797468) (Filer),https://www.sec.gov/Archives/edgar/data/797468/000162828026024581/0001628280-26-024581-index.htm
2026-04-10T10:33:58.423937+00:00,US,SEC,8-K,,,,"8-K - New ERA Energy & Digital, Inc. (0002028336) (Filer)",https://www.sec.gov/Archives/edgar/data/2028336/000121390026042161/0001213900-26-042161-index.htm
2026-04-09T20:36:40.061705+00:00,US,SEC,8-K,,,,8-K - TPG Inc. (0001880661) (Filer),https://www.sec.gov/Archives/edgar/data/1880661/000188066126000019/0001880661-26-000019-index.htm
2026-04-09T20:36:40.061732+00:00,US,SEC,8-K,,,,"8-K - Wellgistics Health, Inc. (0002030763) (Filer)",https://www.sec.gov/Archives/edgar/data/2030763/000149315226015898/0001493152-26-015898-index.htm
2026-04-09T20:36:40.061758+00:00,US,SEC,8-K,,,,8-K - FS KKR Capital Corp (0001422183) (Filer),https://www.sec.gov/Archives/edgar/data/1422183/000110465926041534/0001104659-26-041534-index.htm
2026-04-09T20:36:40.061807+00:00,US,SEC,8-K,,,,8-K - Atlas Energy Solutions Inc. (0001984060) (Filer),https://www.sec.gov/Archives/edgar/data/1984060/000114036126014025/0001140361-26-014025-index.htm
2026-04-09T18:32:33.531365+00:00,US,SEC,8-K,,,,8-K - Federal Home Loan Bank of Boston (0001331463) (Filer),https://www.sec.gov/Archives/edgar/data/1331463/000133146326000068/0001331463-26-000068-index.htm
2026-04-09T16:07:33.475364+00:00,US,SEC,8-K,,,,8-K - NATIONAL BANKSHARES INC (0000796534) (Filer),https://www.sec.gov/Archives/edgar/data/796534/000119312526149194/0001193125-26-149194-index.htm
2026-04-09T16:07:33.475410+00:00,US,SEC,8-K,,,,8-K - Federal Home Loan Bank of Topeka (0001325878) (Filer),https://www.sec.gov/Archives/edgar/data/1325878/000132587826000074/0001325878-26-000074-index.htm
2026-04-09T14:45:20.204937+00:00,US,SEC,8-K,,,,8-K - PURE CYCLE CORP (0000276720) (Filer),https://www.sec.gov/Archives/edgar/data/276720/000110465926041286/0001104659-26-041286-index.htm
2026-04-09T14:45:20.204952+00:00,US,SEC,8-K,,,,8-K - Federal Home Loan Bank of Chicago (0001331451) (Filer),https://www.sec.gov/Archives/edgar/data/1331451/000133145126000065/0001331451-26-000065-index.htm
2026-04-09T12:49:06.827061+00:00,US,SEC,8-K,,,,"8-K - BITMINE IMMERSION TECHNOLOGIES, INC. (0001829311) (Filer)",https://www.sec.gov/Archives/edgar/data/1829311/000149315226015825/0001493152-26-015825-index.htm
2026-04-09T12:49:06.827075+00:00,US,SEC,8-K,,,,8-K - SEALED AIR CORP/DE (0001012100) (Filer),https://www.sec.gov/Archives/edgar/data/1012100/000119312526148959/0001193125-26-148959-index.htm
2026-04-09T12:49:06.827115+00:00,US,SEC,8-K,,,,"8-K - Eos Energy Enterprises, Inc. (0001805077) (Filer)",https://www.sec.gov/Archives/edgar/data/1805077/000162828026024345/0001628280-26-024345-index.htm
2026-04-09T12:49:06.827130+00:00,US,SEC,8-K,,,,8-K - Prairie Operating Co. (0001162896) (Filer),https://www.sec.gov/Archives/edgar/data/1162896/000114036126013932/0001140361-26-013932-index.htm
2026-04-09T12:49:06.827135+00:00,US,SEC,8-K,,,,"8-K - Sonoma Pharmaceuticals, Inc. (0001367083) (Filer)",https://www.sec.gov/Archives/edgar/data/1367083/000168316826002761/0001683168-26-002761-index.htm
2026-04-09T12:49:06.827151+00:00,US,SEC,8-K,,,,8-K - SCOTTS MIRACLE-GRO CO (0000825542) (Filer),https://www.sec.gov/Archives/edgar/data/825542/000082554226000017/0000825542-26-000017-index.htm
2026-04-09T12:49:06.827160+00:00,US,SEC,8-K,,,,8-K - COLGATE PALMOLIVE CO (0000021665) (Filer),https://www.sec.gov/Archives/edgar/data/21665/000002166526000015/0000021665-26-000015-index.htm
2026-04-09T11:41:18.650270+00:00,US,SEC,8-K,,,,8-K - PMGC Holdings Inc. (0001840563) (Filer),https://www.sec.gov/Archives/edgar/data/1840563/000121390026041738/0001213900-26-041738-index.htm
2026-04-09T11:41:18.650296+00:00,US,SEC,8-K,,,,"8-K - ImmunityBio, Inc. (0001326110) (Filer)",https://www.sec.gov/Archives/edgar/data/1326110/000132611026000036/0001326110-26-000036-index.htm
2026-04-09T11:41:18.650308+00:00,US,SEC,8-K,,,,8-K - VALMONT INDUSTRIES INC (0000102729) (Filer),https://www.sec.gov/Archives/edgar/data/102729/000110465926041226/0001104659-26-041226-index.htm
2026-04-09T11:41:18.650325+00:00,US,SEC,8-K,,,,8-K - DAKTRONICS INC /SD/ (0000915779) (Filer),https://www.sec.gov/Archives/edgar/data/915779/000162828026024340/0001628280-26-024340-index.htm
2026-04-09T11:41:18.650353+00:00,US,SEC,8-K,,,,"8-K - Corvex, Inc. (0001734750) (Filer)",https://www.sec.gov/Archives/edgar/data/1734750/000121390026041734/0001213900-26-041734-index.htm
2026-04-09T11:41:18.650363+00:00,US,SEC,8-K,,,,"8-K - ConnectOne Bancorp, Inc. (0000712771) (Filer)",https://www.sec.gov/Archives/edgar/data/712771/000143774926011814/0001437749-26-011814-index.htm
2026-04-09T11:41:18.650367+00:00,US,SEC,8-K,,,,"8-K - Soluna Holdings, Inc (0000064463) (Filer)",https://www.sec.gov/Archives/edgar/data/64463/000149315226015809/0001493152-26-015809-index.htm
2026-04-09T11:41:18.650380+00:00,US,SEC,8-K,,,,8-K - BLACKBERRY Ltd (0001070235) (Filer),https://www.sec.gov/Archives/edgar/data/1070235/000107023526000029/0001070235-26-000029-index.htm
2026-04-09T11:41:18.650387+00:00,US,SEC,8-K,,,,"8-K - Zeo ScientifiX, Inc. (0001557376) (Filer)",https://www.sec.gov/Archives/edgar/data/1557376/000182912626003301/0001829126-26-003301-index.htm
2026-04-09T11:41:18.650395+00:00,US,SEC,8-K,,,,"8-K - Invivyd, Inc. (0001832038) (Filer)",https://www.sec.gov/Archives/edgar/data/1832038/000119312526148865/0001193125-26-148865-index.htm
2026-04-09T11:41:18.650402+00:00,US,SEC,8-K,,,,"8-K - C4 Therapeutics, Inc. (0001662579) (Filer)",https://www.sec.gov/Archives/edgar/data/1662579/000162828026024336/0001628280-26-024336-index.htm
2026-04-09T10:49:50.499629+00:00,US,SEC,8-K,,,,"8-K - WESTWATER RESOURCES, INC. (0000839470) (Filer)",https://www.sec.gov/Archives/edgar/data/839470/000110465926041186/0001104659-26-041186-index.htm
2026-04-09T10:49:50.499646+00:00,US,SEC,8-K,,,,"8-K - SUNation Energy, Inc. (0000022701) (Filer)",https://www.sec.gov/Archives/edgar/data/22701/000121390026041714/0001213900-26-041714-index.htm
2026-04-09T10:49:50.499653+00:00,US,SEC,8-K,,,,8-K - Freedom Holding Corp. (0000924805) (Filer),https://www.sec.gov/Archives/edgar/data/924805/000092480526000009/0000924805-26-000009-index.htm
2026-04-09T10:49:50.499693+00:00,US,SEC,8-K,,,,"8-K - Forte Biosciences, Inc. (0001419041) (Filer)",https://www.sec.gov/Archives/edgar/data/1419041/000119312526148796/0001193125-26-148796-index.htm
2026-04-09T10:49:50.499698+00:00,US,SEC,8-K,,,,8-K - Whitestone REIT (0001175535) (Filer),https://www.sec.gov/Archives/edgar/data/1175535/000119312526148793/0001193125-26-148793-index.htm
2026-04-09T10:49:50.499704+00:00,US,SEC,8-K,,,,"8-K - USA Rare Earth, Inc. (0001970622) (Filer)",https://www.sec.gov/Archives/edgar/data/1970622/000197062226000026/0001970622-26-000026-index.htm
2026-04-08T20:59:21.612488+00:00,US,SEC,8-K,,,,8-K - AEHR TEST SYSTEMS (0001040470) (Filer),https://www.sec.gov/Archives/edgar/data/1040470/000165495426003355/0001654954-26-003355-index.htm
2026-04-08T19:59:02.457496+00:00,US,SEC,8-K,,,,"8-K - DOMINION ENERGY SOUTH CAROLINA, INC. (0000091882) (Filer)",https://www.sec.gov/Archives/edgar/data/91882/000119312526147529/0001193125-26-147529-index.htm
2026-04-08T11:57:53.553015+00:00,US,SEC,8-K,,,,8-K - PMGC Holdings Inc. (0001840563) (Filer),https://www.sec.gov/Archives/edgar/data/1840563/000121390026041258/0001213900-26-041258-index.htm
2026-04-08T11:57:53.553034+00:00,US,SEC,8-K,,,,"8-K - PLUS THERAPEUTICS, INC. (0001095981) (Filer)",https://www.sec.gov/Archives/edgar/data/1095981/000119312526146335/0001193125-26-146335-index.htm
2026-04-08T11:57:53.553048+00:00,US,SEC,8-K,,,,8-K - FACTSET RESEARCH SYSTEMS INC (0001013237) (Filer),https://www.sec.gov/Archives/edgar/data/1013237/000095010326005447/0000950103-26-005447-index.htm
2026-04-08T11:57:53.553052+00:00,US,SEC,8-K,,,,"8-K - REGENERON PHARMACEUTICALS, INC. (0000872589) (Filer)",https://www.sec.gov/Archives/edgar/data/872589/000110465926040661/0001104659-26-040661-index.htm
2026-04-08T11:57:53.553087+00:00,US,SEC,8-K,,,,8-K - RPM INTERNATIONAL INC/DE/ (0000110621) (Filer),https://www.sec.gov/Archives/edgar/data/110621/000119312526146312/0001193125-26-146312-index.htm
2026-04-08T10:57:47.317510+00:00,US,SEC,8-K,,,,8-K - EXXON MOBIL CORP (0000034088) (Filer),https://www.sec.gov/Archives/edgar/data/34088/000003408826000056/0000034088-26-000056-index.htm
2026-04-08T10:57:47.317533+00:00,US,SEC,8-K,,,,8-K - Brookfield Asset Management Ltd. (0001937926) (Filer),https://www.sec.gov/Archives/edgar/data/1937926/000117184326002317/0001171843-26-002317-index.htm
2026-04-08T10:57:47.317568+00:00,US,SEC,8-K,,,,"8-K - DELTA AIR LINES, INC. (0000027904) (Filer)",https://www.sec.gov/Archives/edgar/data/27904/000002790426000020/0000027904-26-000020-index.htm
2026-04-07T21:25:41.107492+00:00,US,SEC,8-K,,,,"8-K - VISIUM TECHNOLOGIES, INC. (0001082733) (Filer)",https://www.sec.gov/Archives/edgar/data/1082733/000165495426003315/0001654954-26-003315-index.htm
2026-04-07T20:29:52.953399+00:00,US,SEC,8-K,,,,"8-K - PSQ Holdings, Inc. (0001847064) (Filer)",https://www.sec.gov/Archives/edgar/data/1847064/000110465926040415/0001104659-26-040415-index.htm
2026-04-07T20:29:52.953436+00:00,US,SEC,8-K,,,,"8-K - Editas Medicine, Inc. (0001650664) (Filer)",https://www.sec.gov/Archives/edgar/data/1650664/000165066426000030/0001650664-26-000030-index.htm
2026-04-07T20:29:52.953460+00:00,US,SEC,8-K,,,,8-K - AEHR TEST SYSTEMS (0001040470) (Filer),https://www.sec.gov/Archives/edgar/data/1040470/000165495426003310/0001654954-26-003310-index.htm
2026-04-07T20:29:52.953494+00:00,US,SEC,8-K,,,,8-K - FENNEC PHARMACEUTICALS INC. (0001211583) (Filer),https://www.sec.gov/Archives/edgar/data/1211583/000110465926040414/0001104659-26-040414-index.htm
2026-04-07T19:45:37.298328+00:00,US,SEC,8-K,,,,8-K - NutriBand Inc. (0001676047) (Filer),https://www.sec.gov/Archives/edgar/data/1676047/000121390026041006/0001213900-26-041006-index.htm
2026-04-07T19:45:37.298376+00:00,US,SEC,8-K,,,,"8-K - EQT Exeter Real Estate Income Trust, Inc. (0001946997) (Filer)",https://www.sec.gov/Archives/edgar/data/1946997/000119312526145443/0001193125-26-145443-index.htm
2026-04-07T17:43:44.157829+00:00,US,SEC,8-K,,,,8-K - Federal Home Loan Bank of New York (0001329842) (Filer),https://www.sec.gov/Archives/edgar/data/1329842/000165495426003291/0001654954-26-003291-index.htm
2026-04-07T17:43:44.157857+00:00,US,SEC,8-K,,,,8-K - Federal Home Loan Bank of Indianapolis (0001331754) (Filer),https://www.sec.gov/Archives/edgar/data/1331754/000133175426000082/0001331754-26-000082-index.htm
2026-04-07T17:43:44.157870+00:00,US,SEC,8-K,,,,8-K - MEXICO FUND INC (0000065433) (Filer),https://www.sec.gov/Archives/edgar/data/65433/000165495426003289/0001654954-26-003289-index.htm
2026-04-07T15:49:49.226988+00:00,US,SEC,8-K,,,,8-K - AI Era Corp. (0001605331) (Filer),https://www.sec.gov/Archives/edgar/data/1605331/000166357726000096/0001663577-26-000096-index.htm
2026-04-07T12:41:55.300557+00:00,US,SEC,8-K,,,,8-K - Rithm Perpetual Life Residential Trust (0002081628) (Filer),https://www.sec.gov/Archives/edgar/data/2081628/000162828026023988/0001628280-26-023988-index.htm
2026-04-07T12:41:55.300593+00:00,US,SEC,8-K,,,,8-K - ABEONA THERAPEUTICS INC. (0000318306) (Filer),https://www.sec.gov/Archives/edgar/data/318306/000149315226015451/0001493152-26-015451-index.htm
2026-04-07T12:41:55.300600+00:00,US,SEC,8-K,,,,"8-K - Jaguar Health, Inc. (0001585608) (Filer)",https://www.sec.gov/Archives/edgar/data/1585608/000119312526144604/0001193125-26-144604-index.htm
2026-04-07T12:41:55.300605+00:00,US,SEC,8-K,,,,"8-K - Transcode Therapeutics, Inc. (0001829635) (Filer)",https://www.sec.gov/Archives/edgar/data/1829635/000110465926040171/0001104659-26-040171-index.htm
2026-04-07T12:41:55.300614+00:00,US,SEC,8-K,,,,"8-K - SS Innovations International, Inc. (0001676163) (Filer)",https://www.sec.gov/Archives/edgar/data/1676163/000121390026040714/0001213900-26-040714-index.htm
2026-04-07T12:41:55.300641+00:00,US,SEC,8-K,,,,"8-K - Wheeler Real Estate Investment Trust, Inc. (0001527541) (Filer)",https://www.sec.gov/Archives/edgar/data/1527541/000152754126000091/0001527541-26-000091-index.htm
2026-04-07T12:41:55.300650+00:00,US,SEC,8-K,,,,8-K - T3 Defense Inc. (0001787518) (Filer),https://www.sec.gov/Archives/edgar/data/1787518/000121390026040713/0001213900-26-040713-index.htm
2026-04-07T12:41:55.300655+00:00,US,SEC,8-K,,,,"8-K - BITMINE IMMERSION TECHNOLOGIES, INC. (0001829311) (Filer)",https://www.sec.gov/Archives/edgar/data/1829311/000149315226015446/0001493152-26-015446-index.htm
2026-04-07T12:41:55.300660+00:00,US,SEC,8-K,,,,"8-K - bioAffinity Technologies, Inc. (0001712762) (Filer)",https://www.sec.gov/Archives/edgar/data/1712762/000149315226015445/0001493152-26-015445-index.htm
2026-04-07T12:41:55.300668+00:00,US,SEC,8-K,,,,"8-K - Azenta, Inc. (0000933974) (Filer)",https://www.sec.gov/Archives/edgar/data/933974/000143774926011542/0001437749-26-011542-index.htm
2026-04-07T12:41:55.300672+00:00,US,SEC,8-K,,,,8-K - Prairie Operating Co. (0001162896) (Filer),https://www.sec.gov/Archives/edgar/data/1162896/000114036126013492/0001140361-26-013492-index.htm
2026-04-07T11:38:12.914036+00:00,US,SEC,8-K,,,,"8-K - WW INTERNATIONAL, INC. (0000105319) (Filer)",https://www.sec.gov/Archives/edgar/data/105319/000119312526144543/0001193125-26-144543-index.htm
2026-04-07T11:38:12.914064+00:00,US,SEC,8-K,,,,8-K - Boxlight Corp (0001624512) (Filer),https://www.sec.gov/Archives/edgar/data/1624512/000162828026023984/0001628280-26-023984-index.htm
2026-04-07T11:38:12.914133+00:00,US,SEC,8-K,,,,"8-K - PALVELLA THERAPEUTICS, INC. (0001583648) (Filer)",https://www.sec.gov/Archives/edgar/data/1583648/000119312526144540/0001193125-26-144540-index.htm
2026-04-07T10:39:33.902395+00:00,US,SEC,8-K,,,,"8-K - Nuvalent, Inc. (0001861560) (Filer)",https://www.sec.gov/Archives/edgar/data/1861560/000186156026000003/0001861560-26-000003-index.htm
2026-04-06T20:52:50.906910+00:00,US,SEC,8-K,,,,8-K - BRINKS CO (0000078890) (Filer),https://www.sec.gov/Archives/edgar/data/78890/000007889026000021/0000078890-26-000021-index.htm
2026-04-06T20:52:50.906979+00:00,US,SEC,8-K,,,,8-K - GEOSPACE TECHNOLOGIES CORP (0001001115) (Filer),https://www.sec.gov/Archives/edgar/data/1001115/000143774926011402/0001437749-26-011402-index.htm
2026-04-06T19:16:45.884906+00:00,US,SEC,8-K,,,,"8-K - Sculptor Diversified Real Estate Income Trust, Inc. (0001914496) (Filer)",https://www.sec.gov/Archives/edgar/data/1914496/000191449626000048/0001914496-26-000048-index.htm
2026-04-06T17:03:24.592825+00:00,US,SEC,8-K,,,,8-K - DONEGAL GROUP INC (0000800457) (Filer),https://www.sec.gov/Archives/edgar/data/800457/000117184326002252/0001171843-26-002252-index.htm
2026-04-06T13:13:35.931089+00:00,US,SEC,8-K,,,,"8-K - Unicycive Therapeutics, Inc. (0001766140) (Filer)",https://www.sec.gov/Archives/edgar/data/1766140/000121390026040179/0001213900-26-040179-index.htm
2026-04-06T13:13:35.931119+00:00,US,SEC,8-K,,,,"8-K - BITGO HOLDINGS, INC. (0001740604) (Filer)",https://www.sec.gov/Archives/edgar/data/1740604/000174060426000024/0001740604-26-000024-index.htm
2026-04-06T13:13:35.931125+00:00,US,SEC,8-K,,,,8-K - FuboTV Inc. (0001484769) (Filer),https://www.sec.gov/Archives/edgar/data/1484769/000149315226015252/0001493152-26-015252-index.htm
2026-04-06T13:13:35.931134+00:00,US,SEC,8-K,,,,8-K - Enertopia Corp. (0001346022) (Filer),https://www.sec.gov/Archives/edgar/data/1346022/000106299326001851/0001062993-26-001851-index.htm
2026-04-06T13:13:35.931141+00:00,US,SEC,8-K,,,,8-K - Nerdy Inc. (0001819404) (Filer),https://www.sec.gov/Archives/edgar/data/1819404/000181940426000035/0001819404-26-000035-index.htm
2026-04-06T13:13:35.931155+00:00,US,SEC,8-K,,,,8-K - Howmet Aerospace Inc. (0000004281) (Filer),https://www.sec.gov/Archives/edgar/data/4281/000110465926039791/0001104659-26-039791-index.htm
2026-04-06T13:13:35.931160+00:00,US,SEC,8-K,,,,8-K - ACCURAY INC (0001138723) (Filer),https://www.sec.gov/Archives/edgar/data/1138723/000143774926011313/0001437749-26-011313-index.htm
2026-04-06T13:13:35.931164+00:00,US,SEC,8-K,,,,8-K - BARFRESH FOOD GROUP INC. (0001487197) (Filer),https://www.sec.gov/Archives/edgar/data/1487197/000149315226015250/0001493152-26-015250-index.htm
2026-04-06T13:13:35.931173+00:00,US,SEC,8-K,,,,"8-K - Rent the Runway, Inc. (0001468327) (Filer)",https://www.sec.gov/Archives/edgar/data/1468327/000146832726000014/0001468327-26-000014-index.htm
2026-04-06T13:13:35.931178+00:00,US,SEC,8-K,,,,"8-K - STANLEY BLACK & DECKER, INC. (0000093556) (Filer)",https://www.sec.gov/Archives/edgar/data/93556/000119312526142966/0001193125-26-142966-index.htm
2026-04-06T13:13:35.931184+00:00,US,SEC,8-K,,,,"8-K - ProCap Financial, Inc. (0002076163) (Filer)",https://www.sec.gov/Archives/edgar/data/2076163/000149315226015249/0001493152-26-015249-index.htm
2026-04-06T11:54:11.058475+00:00,US,SEC,8-K,,,,8-K - SOLENO THERAPEUTICS INC (0001484565) (Filer),https://www.sec.gov/Archives/edgar/data/1484565/000119312526142911/0001193125-26-142911-index.htm
2026-04-06T11:54:11.058509+00:00,US,SEC,8-K,,,,8-K - NEUROCRINE BIOSCIENCES INC (0000914475) (Filer),https://www.sec.gov/Archives/edgar/data/914475/000119312526142904/0001193125-26-142904-index.htm
2026-04-06T11:54:11.058517+00:00,US,SEC,8-K,,,,8-K - PMGC Holdings Inc. (0001840563) (Filer),https://www.sec.gov/Archives/edgar/data/1840563/000121390026040150/0001213900-26-040150-index.htm
2026-04-06T11:54:11.058523+00:00,US,SEC,8-K,,,,8-K - Anterix Inc. (0001304492) (Filer),https://www.sec.gov/Archives/edgar/data/1304492/000130449226000016/0001304492-26-000016-index.htm
2026-04-06T11:54:11.058543+00:00,US,SEC,8-K,,,,8-K - Atlas Energy Solutions Inc. (0001984060) (Filer),https://www.sec.gov/Archives/edgar/data/1984060/000114036126013230/0001140361-26-013230-index.htm
2026-04-06T11:54:11.058559+00:00,US,SEC,8-K,,,,"8-K - Clear Channel Outdoor Holdings, Inc. (0001334978) (Filer)",https://www.sec.gov/Archives/edgar/data/1334978/000121390026040144/0001213900-26-040144-index.htm
2026-04-06T11:54:11.058576+00:00,US,SEC,8-K,,,,"8-K - INOVIO PHARMACEUTICALS, INC. (0001055726) (Filer)",https://www.sec.gov/Archives/edgar/data/1055726/000119312526142885/0001193125-26-142885-index.htm
2026-04-06T10:57:51.449884+00:00,US,SEC,8-K,,,,"8-K - Cycurion, Inc. (0001868419) (Filer)",https://www.sec.gov/Archives/edgar/data/1868419/000186841926000014/0001868419-26-000014-index.htm
2026-04-06T10:57:51.449905+00:00,US,SEC,8-K,,,,8-K - Playtika Holding Corp. (0001828016) (Filer),https://www.sec.gov/Archives/edgar/data/1828016/000182801626000015/0001828016-26-000015-index.htm
2026-04-06T10:57:51.449920+00:00,US,SEC,8-K,,,,8-K - BIOGEN INC. (0000875045) (Filer),https://www.sec.gov/Archives/edgar/data/875045/000087504526000039/0000875045-26-000039-index.htm
2026-04-06T10:57:51.449966+00:00,US,SEC,8-K,,,,8-K - Greenpro Capital Corp. (0001597846) (Filer),https://www.sec.gov/Archives/edgar/data/1597846/000149315226015220/0001493152-26-015220-index.htm
2026-04-03T20:37:32.819086+00:00,US,SEC,8-K,,,,8-K - Blue Owl Digital Infrastructure Trust (0002069692) (Filer),https://www.sec.gov/Archives/edgar/data/2069692/000206969226000022/0002069692-26-000022-index.htm
2026-04-03T19:02:49.003467+00:00,US,SEC,8-K,,,,"8-K - IPC Alternative Real Estate Income Trust, Inc. (0001959961) (Filer)",https://www.sec.gov/Archives/edgar/data/1959961/000119312526141992/0001193125-26-141992-index.htm
2026-04-03T16:41:57.176791+00:00,US,SEC,8-K,,,,8-K - CITIGROUP COMMERCIAL MORTGAGE TRUST 2016-C3 (0001687605) (Filer),https://www.sec.gov/Archives/edgar/data/1687605/000119312526141700/0001193125-26-141700-index.htm
2026-04-03T16:41:57.176827+00:00,US,SEC,8-K,,,,8-K - CITIGROUP COMMERCIAL MORTGAGE TRUST 2016-P6 (0001690255) (Filer),https://www.sec.gov/Archives/edgar/data/1690255/000119312526141698/0001193125-26-141698-index.htm
2026-04-03T16:41:57.176851+00:00,US,SEC,8-K,,,,8-K - TOYOTA MOTOR CREDIT CORP (0000834071) (Filer),https://www.sec.gov/Archives/edgar/data/834071/000095010326005331/0000950103-26-005331-index.htm
2026-04-03T15:54:05.384454+00:00,US,SEC,8-K,,,,8-K - CFCRE 2016-C7 Mortgage Trust (0001690110) (Filer),https://www.sec.gov/Archives/edgar/data/1690110/000188852426006717/0001888524-26-006717-index.htm
2026-04-03T15:54:05.384495+00:00,US,SEC,8-K,,,,8-K - CFCRE 2016-C6 Mortgage Trust (0001685854) (Filer),https://www.sec.gov/Archives/edgar/data/1685854/000188852426006715/0001888524-26-006715-index.htm
2026-04-03T14:25:28.062654+00:00,US,SEC,8-K,,,,8-K - SouthState Bank Corp (0000764038) (Filer),https://www.sec.gov/Archives/edgar/data/764038/000110465926039475/0001104659-26-039475-index.htm
2026-04-03T12:01:42.596058+00:00,US,SEC,8-K,,,,"8-K - BLOOMIA HOLDINGS, INC. (0000875355) (Filer)",https://www.sec.gov/Archives/edgar/data/875355/000110465926039450/0001104659-26-039450-index.htm
2026-04-03T12:01:42.596090+00:00,US,SEC,8-K,,,,"8-K - Instil Bio, Inc. (0001789769) (Filer)",https://www.sec.gov/Archives/edgar/data/1789769/000178976926000024/0001789769-26-000024-index.htm
2026-04-03T12:01:42.596158+00:00,US,SEC,8-K,,,,"8-K - United Homes Group, Inc. (0001830188) (Filer)",https://www.sec.gov/Archives/edgar/data/1830188/000183018826000012/0001830188-26-000012-index.htm
2026-04-03T12:01:42.596172+00:00,US,SEC,8-K,,,,"8-K - Village Farms International, Inc. (0001584549) (Filer)",https://www.sec.gov/Archives/edgar/data/1584549/000119312526141251/0001193125-26-141251-index.htm
2026-04-03T11:26:46.660568+00:00,US,SEC,8-K,,,,8-K - ALTA EQUIPMENT GROUP INC. (0001759824) (Filer),https://www.sec.gov/Archives/edgar/data/1759824/000119312526141224/0001193125-26-141224-index.htm
2026-04-03T10:43:52.727349+00:00,US,SEC,8-K,,,,8-K - Braemar Hotels & Resorts Inc. (0001574085) (Filer),https://www.sec.gov/Archives/edgar/data/1574085/000157408526000054/0001574085-26-000054-index.htm
2026-04-03T10:43:52.727395+00:00,US,SEC,8-K,,,,8-K - Stone Point Credit Corp (0001825384) (Filer),https://www.sec.gov/Archives/edgar/data/1825384/000110465926039411/0001104659-26-039411-index.htm
2026-04-03T10:43:52.727432+00:00,US,SEC,8-K,,,,"8-K - Galera Therapeutics, Inc. (0001563577) (Filer)",https://www.sec.gov/Archives/edgar/data/1563577/000119312526141187/0001193125-26-141187-index.htm
2026-04-03T10:43:52.727452+00:00,US,SEC,8-K,,,,8-K - SPRUCE POWER HOLDING CORP (0001772720) (Filer),https://www.sec.gov/Archives/edgar/data/1772720/000121390026039687/0001213900-26-039687-index.htm
2026-04-02T20:06:06.649209+00:00,US,SEC,8-K,,,,8-K - EDAP TMS SA (0001041934) (Filer),https://www.sec.gov/Archives/edgar/data/1041934/000117184326002218/0001171843-26-002218-index.htm
2026-04-02T20:06:06.649240+00:00,US,SEC,8-K,,,,"8-K - BioAtla, Inc. (0001826892) (Filer)",https://www.sec.gov/Archives/edgar/data/1826892/000119312526140053/0001193125-26-140053-index.htm
2026-04-02T20:06:06.649247+00:00,US,SEC,8-K,,,,8-K - DATASEA INC. (0001631282) (Filer),https://www.sec.gov/Archives/edgar/data/1631282/000121390026039327/0001213900-26-039327-index.htm
2026-04-02T20:06:06.649252+00:00,US,SEC,8-K,,,,8-K - DIAMOND HILL INVESTMENT GROUP INC (0000909108) (Filer),https://www.sec.gov/Archives/edgar/data/909108/000119312526140054/0001193125-26-140054-index.htm
2026-04-02T19:33:33.550962+00:00,US,SEC,8-K,,,,8-K - UNIVEST FINANCIAL Corp (0000102212) (Filer),https://www.sec.gov/Archives/edgar/data/102212/000010221226000019/0000102212-26-000019-index.htm
2026-04-02T19:33:33.551041+00:00,US,SEC,8-K,,,,8-K - BioCorRx Inc. (0001443863) (Filer),https://www.sec.gov/Archives/edgar/data/1443863/000147793226001957/0001477932-26-001957-index.htm
2026-04-02T17:37:31.471660+00:00,US,SEC,8-K,,,,8-K - BLUE DOLPHIN ENERGY CO (0000793306) (Filer),https://www.sec.gov/Archives/edgar/data/793306/000143774926011052/0001437749-26-011052-index.htm
2026-04-02T15:43:57.615895+00:00,US,SEC,8-K,,,,8-K - BANK 2018-BNK15 (0001756271) (Filer),https://www.sec.gov/Archives/edgar/data/1756271/000188852426006699/0001888524-26-006699-index.htm
2026-04-02T13:41:06.590424+00:00,US,SEC,8-K,,,,8-K - Lipocine Inc. (0001535955) (Filer),https://www.sec.gov/Archives/edgar/data/1535955/000149315226014835/0001493152-26-014835-index.htm
2026-04-02T11:57:07.298224+00:00,US,SEC,8-K,,,,"8-K - UMH PROPERTIES, INC. (0000752642) (Filer)",https://www.sec.gov/Archives/edgar/data/752642/000149315226014809/0001493152-26-014809-index.htm
2026-04-02T11:57:07.298249+00:00,US,SEC,8-K,,,,"8-K - UMH PROPERTIES, INC. (0000752642) (Filer)",https://www.sec.gov/Archives/edgar/data/752642/000149315226014803/0001493152-26-014803-index.htm
2026-04-02T11:57:07.298264+00:00,US,SEC,8-K,,,,8-K - Context Therapeutics Inc. (0001842952) (Filer),https://www.sec.gov/Archives/edgar/data/1842952/000162828026022931/0001628280-26-022931-index.htm
2026-04-02T11:57:07.298284+00:00,US,SEC,8-K,,,,8-K - ANGIODYNAMICS INC (0001275187) (Filer),https://www.sec.gov/Archives/edgar/data/1275187/000114036126012891/0001140361-26-012891-index.htm
2026-04-02T11:57:07.298301+00:00,US,SEC,8-K,,,,"8-K - Soluna Holdings, Inc (0000064463) (Filer)",https://www.sec.gov/Archives/edgar/data/64463/000149315226014800/0001493152-26-014800-index.htm
2026-04-02T11:57:07.298306+00:00,US,SEC,8-K,,,,"8-K - TScan Therapeutics, Inc. (0001783328) (Filer)",https://www.sec.gov/Archives/edgar/data/1783328/000119312526138973/0001193125-26-138973-index.htm
2026-04-02T11:57:07.298310+00:00,US,SEC,8-K,,,,8-K - Oportun Financial Corp (0001538716) (Filer),https://www.sec.gov/Archives/edgar/data/1538716/000119312526138972/0001193125-26-138972-index.htm
2026-04-02T11:57:07.298323+00:00,US,SEC,8-K,,,,8-K - ACUITY INC. (DE) (0001144215) (Filer),https://www.sec.gov/Archives/edgar/data/1144215/000114421526000023/0001144215-26-000023-index.htm
2026-04-02T11:08:38.392470+00:00,US,SEC,8-K,,,,8-K - Roivant Sciences Ltd. (0001635088) (Filer),https://www.sec.gov/Archives/edgar/data/1635088/000114036126012885/0001140361-26-012885-index.htm
2026-04-02T11:08:38.392492+00:00,US,SEC,8-K,,,,8-K - Cytosorbents Corp (0001175151) (Filer),https://www.sec.gov/Archives/edgar/data/1175151/000110465926038859/0001104659-26-038859-index.htm
2026-04-02T11:08:38.392518+00:00,US,SEC,8-K,,,,8-K - Flutter Entertainment plc (0001635327) (Filer),https://www.sec.gov/Archives/edgar/data/1635327/000119312526138935/0001193125-26-138935-index.htm
2026-04-01T21:10:52.934773+00:00,US,SEC,8-K,,,,"8-K - WESTWATER RESOURCES, INC. (0000839470) (Filer)",https://www.sec.gov/Archives/edgar/data/839470/000110465926038606/0001104659-26-038606-index.htm
2026-04-01T20:29:02.993882+00:00,US,SEC,8-K,,,,8-K - BASSETT FURNITURE INDUSTRIES INC (0000010329) (Filer),https://www.sec.gov/Archives/edgar/data/10329/000143774926010906/0001437749-26-010906-index.htm
2026-04-01T18:35:08.467895+00:00,US,SEC,8-K,,,,8-K - First Foundation Inc. (0001413837) (Filer),https://www.sec.gov/Archives/edgar/data/1413837/000110465926038418/0001104659-26-038418-index.htm
2026-04-01T18:35:08.467953+00:00,US,SEC,8-K,,,,"8-K - Koil Energy Solutions, Inc. (0001110607) (Filer)",https://www.sec.gov/Archives/edgar/data/1110607/000168316826002573/0001683168-26-002573-index.htm
2026-04-01T14:02:11.737011+00:00,US,SEC,8-K,,,,8-K - ASCENT INDUSTRIES CO. (0000095953) (Filer),https://www.sec.gov/Archives/edgar/data/95953/000009595326000059/0000095953-26-000059-index.htm
2026-04-01T14:02:11.737072+00:00,US,SEC,8-K,,,,"8-K - SCI Engineered Materials, Inc. (0000830616) (Filer)",https://www.sec.gov/Archives/edgar/data/830616/000110465926038300/0001104659-26-038300-index.htm
2026-04-01T12:04:30.568164+00:00,US,SEC,8-K,,,,8-K - CLOROX CO /DE/ (0000021076) (Filer),https://www.sec.gov/Archives/edgar/data/21076/000120677426000173/0001206774-26-000173-index.htm
2026-04-01T12:04:30.568183+00:00,US,SEC,8-K,,,,"8-K - Arq, Inc. (0001515156) (Filer)",https://www.sec.gov/Archives/edgar/data/1515156/000151515626000041/0001515156-26-000041-index.htm
2026-04-01T12:04:30.568196+00:00,US,SEC,8-K,,,,"8-K - Inhibitor Therapeutics, Inc. (0001042418) (Filer)",https://www.sec.gov/Archives/edgar/data/1042418/000149315226014517/0001493152-26-014517-index.htm
2026-04-01T12:04:30.568203+00:00,US,SEC,8-K,,,,8-K - Allegro Merger Corp. (0001720025) (Filer),https://www.sec.gov/Archives/edgar/data/1720025/000121390026038016/0001213900-26-038016-index.htm
2026-04-01T12:04:30.568217+00:00,US,SEC,8-K,,,,8-K - NOVAGOLD RESOURCES INC (0001173420) (Filer),https://www.sec.gov/Archives/edgar/data/1173420/000117184326002143/0001171843-26-002143-index.htm
2026-04-01T12:04:30.568222+00:00,US,SEC,8-K,,,,"8-K - Penguin Solutions, Inc. (0001616533) (Filer)",https://www.sec.gov/Archives/edgar/data/1616533/000119312526135770/0001193125-26-135770-index.htm
2026-04-01T12:04:30.568226+00:00,US,SEC,8-K,,,,"8-K - Rimini Street, Inc. (0001635282) (Filer)",https://www.sec.gov/Archives/edgar/data/1635282/000163528226000027/0001635282-26-000027-index.htm
2026-04-01T12:04:30.568230+00:00,US,SEC,8-K,,,,8-K - MIDDLEBY Corp (0000769520) (Filer),https://www.sec.gov/Archives/edgar/data/769520/000119312526135768/0001193125-26-135768-index.htm
2026-04-01T12:04:30.568234+00:00,US,SEC,8-K,,,,"8-K - FITLIFE BRANDS, INC. (0001374328) (Filer)",https://www.sec.gov/Archives/edgar/data/1374328/000143774926010811/0001437749-26-010811-index.htm
2026-04-01T12:04:30.568239+00:00,US,SEC,8-K,,,,8-K - Strategy Inc (0001050446) (Filer),https://www.sec.gov/Archives/edgar/data/1050446/000119312526135765/0001193125-26-135765-index.htm
2026-04-01T12:04:30.568244+00:00,US,SEC,8-K,,,,"8-K - TuHURA Biosciences, Inc./NV (0001498382) (Filer)",https://www.sec.gov/Archives/edgar/data/1498382/000119312526135766/0001193125-26-135766-index.htm
2026-04-01T12:04:30.568248+00:00,US,SEC,8-K,,,,"8-K - Forte Biosciences, Inc. (0001419041) (Filer)",https://www.sec.gov/Archives/edgar/data/1419041/000119312526135767/0001193125-26-135767-index.htm
2026-04-01T11:16:45.293846+00:00,US,SEC,8-K,,,,8-K - Atlas Energy Solutions Inc. (0001984060) (Filer),https://www.sec.gov/Archives/edgar/data/1984060/000119312526135688/0001193125-26-135688-index.htm
2026-04-01T11:16:45.293905+00:00,US,SEC,8-K,,,,"8-K - RYTHM, Inc. (0001800637) (Filer)",https://www.sec.gov/Archives/edgar/data/1800637/000121390026037996/0001213900-26-037996-index.htm
2026-04-01T11:16:45.293911+00:00,US,SEC,8-K,,,,8-K - Green Thumb Industries Inc. (0001795139) (Filer),https://www.sec.gov/Archives/edgar/data/1795139/000119312526135668/0001193125-26-135668-index.htm
2026-04-01T11:16:45.293916+00:00,US,SEC,8-K,,,,"8-K - Axsome Therapeutics, Inc. (0001579428) (Filer)",https://www.sec.gov/Archives/edgar/data/1579428/000119312526135669/0001193125-26-135669-index.htm
2026-04-01T11:16:45.293948+00:00,US,SEC,8-K,,,,"8-K - IMMUNIC, INC. (0001280776) (Filer)",https://www.sec.gov/Archives/edgar/data/1280776/000119380526000382/0001193805-26-000382-index.htm
2026-04-01T11:16:45.293953+00:00,US,SEC,8-K,,,,"8-K - Tilray Brands, Inc. (0001731348) (Filer)",https://www.sec.gov/Archives/edgar/data/1731348/000117184326002136/0001171843-26-002136-index.htm
2026-04-01T11:16:45.293958+00:00,US,SEC,8-K,,,,8-K - SES AI Corp (0001819142) (Filer),https://www.sec.gov/Archives/edgar/data/1819142/000181914226000015/0001819142-26-000015-index.htm
2026-04-01T11:16:45.293962+00:00,US,SEC,8-K,,,,8-K - BRUKER CORP (0001109354) (Filer),https://www.sec.gov/Archives/edgar/data/1109354/000119312526135660/0001193125-26-135660-index.htm
2026-04-01T10:17:16.297859+00:00,US,SEC,8-K,,,,8-K - Zymeworks Inc. (0001937653) (Filer),https://www.sec.gov/Archives/edgar/data/1937653/000119312526135610/0001193125-26-135610-index.htm
2026-04-01T10:17:16.297890+00:00,US,SEC,8-K,,,,"8-K - Global Net Lease, Inc. (0001526113) (Filer)",https://www.sec.gov/Archives/edgar/data/1526113/000110465926038141/0001104659-26-038141-index.htm
2026-04-01T10:17:16.297918+00:00,US,SEC,8-K,,,,8-K - FARADAY FUTURE INTELLIGENT ELECTRIC INC. (0001805521) (Filer),https://www.sec.gov/Archives/edgar/data/1805521/000121390026037931/0001213900-26-037931-index.htm
2026-04-01T10:17:16.297939+00:00,US,SEC,8-K,,,,"8-K - SHF Holdings, Inc. (0001854963) (Filer)",https://www.sec.gov/Archives/edgar/data/1854963/000149315226014460/0001493152-26-014460-index.htm
2026-04-01T10:17:16.297946+00:00,US,SEC,8-K,,,,8-K - CAL-MAINE FOODS INC (0000016160) (Filer),https://www.sec.gov/Archives/edgar/data/16160/000156276226000044/0001562762-26-000044-index.htm
2026-03-31T21:03:03.069079+00:00,US,SEC,8-K,,,,8-K - ZeroStack Corp. (0001790169) (Filer),https://www.sec.gov/Archives/edgar/data/1790169/000106299326001764/0001062993-26-001764-index.htm
2026-03-31T21:03:03.069159+00:00,US,SEC,8-K,,,,"8-K - International Seaways, Inc. (0001679049) (Filer)",https://www.sec.gov/Archives/edgar/data/1679049/000110465926037866/0001104659-26-037866-index.htm
2026-03-31T21:03:03.069171+00:00,US,SEC,8-K,,,,"8-K - M2i Global, Inc. (0001753373) (Filer)",https://www.sec.gov/Archives/edgar/data/1753373/000149315226014288/0001493152-26-014288-index.htm
2026-03-31T21:03:03.069177+00:00,US,SEC,8-K,,,,"8-K - DSS, INC. (0000771999) (Filer)",https://www.sec.gov/Archives/edgar/data/771999/000149315226014289/0001493152-26-014289-index.htm
2026-03-31T20:22:16.058122+00:00,US,SEC,8-K,,,,"8-K - Snail, Inc. (0001886894) (Filer)",https://www.sec.gov/Archives/edgar/data/1886894/000149315226014209/0001493152-26-014209-index.htm
2026-03-31T20:22:16.058174+00:00,US,SEC,8-K,,,,8-K - RH (0001528849) (Filer),https://www.sec.gov/Archives/edgar/data/1528849/000110465926037775/0001104659-26-037775-index.htm
2026-03-31T20:22:16.058189+00:00,US,SEC,8-K,,,,8-K - AgEagle Aerial Systems Inc. (0000008504) (Filer),https://www.sec.gov/Archives/edgar/data/8504/000149315226014207/0001493152-26-014207-index.htm
2026-03-31T20:22:16.058194+00:00,US,SEC,8-K,,,,8-K - XMax Inc. (0001473334) (Filer),https://www.sec.gov/Archives/edgar/data/1473334/000149315226014208/0001493152-26-014208-index.htm
2026-03-31T19:30:20.233604+00:00,US,SEC,8-K,,,,8-K - Ares Core Infrastructure Fund (0002031750) (Filer),https://www.sec.gov/Archives/edgar/data/2031750/000203175026000019/0002031750-26-000019-index.htm
2026-03-31T12:02:40.943808+00:00,US,SEC,8-K,,,,"8-K - Emmaus Life Sciences, Inc. (0000822370) (Filer)",https://www.sec.gov/Archives/edgar/data/822370/000121390026036886/0001213900-26-036886-index.htm
2026-03-31T12:02:40.943825+00:00,US,SEC,8-K,,,,"8-K - SiteOne Landscape Supply, Inc. (0001650729) (Filer)",https://www.sec.gov/Archives/edgar/data/1650729/000110465926037375/0001104659-26-037375-index.htm
2026-03-31T12:02:40.943836+00:00,US,SEC,8-K,,,,8-K - 1606 CORP. (0001877461) (Filer),https://www.sec.gov/Archives/edgar/data/1877461/000147793226001757/0001477932-26-001757-index.htm
2026-03-31T12:02:40.943841+00:00,US,SEC,8-K,,,,8-K - BTCS Inc. (0001436229) (Filer),https://www.sec.gov/Archives/edgar/data/1436229/000149315226013812/0001493152-26-013812-index.htm
2026-03-31T12:02:40.943845+00:00,US,SEC,8-K,,,,"8-K - PALVELLA THERAPEUTICS, INC. (0001583648) (Filer)",https://www.sec.gov/Archives/edgar/data/1583648/000119312526133332/0001193125-26-133332-index.htm
2026-03-31T12:02:40.943850+00:00,US,SEC,8-K,,,,8-K - ENTREPRENEUR UNIVERSE BRIGHT GROUP (0001171326) (Filer),https://www.sec.gov/Archives/edgar/data/1171326/000121390026036884/0001213900-26-036884-index.htm
2026-03-31T12:02:40.943854+00:00,US,SEC,8-K,,,,"8-K - IO Biotech, Inc. (0001865494) (Filer)",https://www.sec.gov/Archives/edgar/data/1865494/000119312526133331/0001193125-26-133331-index.htm
2026-03-31T12:02:40.943891+00:00,US,SEC,8-K,,,,8-K - CINTAS CORP (0000723254) (Filer),https://www.sec.gov/Archives/edgar/data/723254/000072325426000010/0000723254-26-000010-index.htm
2026-03-31T12:02:40.943895+00:00,US,SEC,8-K,,,,8-K - GALECTIN THERAPEUTICS INC (0001133416) (Filer),https://www.sec.gov/Archives/edgar/data/1133416/000114036126012158/0001140361-26-012158-index.htm
2026-03-31T11:13:41.746049+00:00,US,SEC,8-K,,,,8-K - WILLIS LEASE FINANCE CORP (0001018164) (Filer),https://www.sec.gov/Archives/edgar/data/1018164/000101816426000043/0001018164-26-000043-index.htm
2026-03-31T11:13:41.746091+00:00,US,SEC,8-K,,,,"8-K - Charlotte's Web Holdings, Inc. (0001750155) (Filer)",https://www.sec.gov/Archives/edgar/data/1750155/000175015526000028/0001750155-26-000028-index.htm
2026-03-31T11:13:41.746105+00:00,US,SEC,8-K,,,,"8-K - AlTi Global, Inc. (0001838615) (Filer)",https://www.sec.gov/Archives/edgar/data/1838615/000162828026022205/0001628280-26-022205-index.htm
2026-03-31T11:13:41.746110+00:00,US,SEC,8-K,,,,8-K - Tonix Pharmaceuticals Holding Corp. (0001430306) (Filer),https://www.sec.gov/Archives/edgar/data/1430306/000199937126007254/0001999371-26-007254-index.htm
2026-03-31T11:13:41.746115+00:00,US,SEC,8-K,,,,"8-K - Xtant Medical Holdings, Inc. (0001453593) (Filer)",https://www.sec.gov/Archives/edgar/data/1453593/000149315226013788/0001493152-26-013788-index.htm
2026-03-31T11:13:41.746119+00:00,US,SEC,8-K,,,,8-K - SCYNEXIS INC (0001178253) (Filer),https://www.sec.gov/Archives/edgar/data/1178253/000119312526133259/0001193125-26-133259-index.htm
2026-03-31T11:13:41.746124+00:00,US,SEC,8-K,,,,8-K - TD SYNNEX CORP (0001177394) (Filer),https://www.sec.gov/Archives/edgar/data/1177394/000162828026022204/0001628280-26-022204-index.htm
2026-03-31T11:13:41.746137+00:00,US,SEC,8-K,,,,"8-K - AlTi Global, Inc. (0001838615) (Filer)",https://www.sec.gov/Archives/edgar/data/1838615/000114036126012146/0001140361-26-012146-index.htm
2026-03-31T11:13:41.746149+00:00,US,SEC,8-K,,,,8-K - SCYNEXIS INC (0001178253) (Filer),https://www.sec.gov/Archives/edgar/data/1178253/000119312526133250/0001193125-26-133250-index.htm
2026-03-31T11:13:41.746157+00:00,US,SEC,8-K,,,,"8-K - Telomir Pharmaceuticals, Inc. (0001971532) (Filer)",https://www.sec.gov/Archives/edgar/data/1971532/000149315226013785/0001493152-26-013785-index.htm
2026-03-31T11:13:41.746163+00:00,US,SEC,8-K,,,,8-K - Iterum Therapeutics plc (0001659323) (Filer),https://www.sec.gov/Archives/edgar/data/1659323/000119312526133247/0001193125-26-133247-index.htm
2026-03-31T11:13:41.746174+00:00,US,SEC,8-K,,,,8-K - Atlantic Union Bankshares Corp (0000883948) (Filer),https://www.sec.gov/Archives/edgar/data/883948/000088394826000027/0000883948-26-000027-index.htm
2026-03-31T11:13:41.746178+00:00,US,SEC,8-K,,,,8-K - T1 Energy Inc. (0001992243) (Filer),https://www.sec.gov/Archives/edgar/data/1992243/000121390026036817/0001213900-26-036817-index.htm
2026-03-31T10:15:40.617437+00:00,US,SEC,8-K,,,,8-K - Artificial Intelligence Technology Solutions Inc. (0001498148) (Filer),https://www.sec.gov/Archives/edgar/data/1498148/000106299326001712/0001062993-26-001712-index.htm
2026-03-31T10:15:40.617460+00:00,US,SEC,8-K,,,,"8-K - LENSAR, Inc. (0001320350) (Filer)",https://www.sec.gov/Archives/edgar/data/1320350/000119312526133153/0001193125-26-133153-index.htm
2026-03-31T10:15:40.617483+00:00,US,SEC,8-K,,,,8-K - Constellation Energy Corp (0001868275) (Filer),https://www.sec.gov/Archives/edgar/data/1868275/000186827526000045/0001868275-26-000045-index.htm
2026-03-31T10:15:40.617488+00:00,US,SEC,8-K,,,,8-K - CONSTELLATION ENERGY GENERATION LLC (0001168165) (Filer),https://www.sec.gov/Archives/edgar/data/1168165/000186827526000045/0001868275-26-000045-index.htm
2026-03-30T20:26:29.190369+00:00,US,SEC,8-K,,,,8-K - Willow Tree Capital Corp (0001944831) (Filer),https://www.sec.gov/Archives/edgar/data/1944831/000194483126000009/0001944831-26-000009-index.htm
2026-03-30T20:26:29.190456+00:00,US,SEC,8-K,,,,8-K - Perfect Moment Ltd. (0001849221) (Filer),https://www.sec.gov/Archives/edgar/data/1849221/000149315226013556/0001493152-26-013556-index.htm
2026-03-30T18:38:44.895075+00:00,US,SEC,8-K,,,,8-K - SLM Student Loan Trust 2006-7 (0001370218) (Filer),https://www.sec.gov/Archives/edgar/data/1370218/000114036126011949/0001140361-26-011949-index.htm
2026-03-30T14:19:22.398623+00:00,US,SEC,8-K,,,,8-K - Stone Point Credit Corp (0001825384) (Filer),https://www.sec.gov/Archives/edgar/data/1825384/000110465926036581/0001104659-26-036581-index.htm
2026-03-30T14:19:22.398723+00:00,US,SEC,8-K,,,,8-K - Stone Point Credit Income Fund (0002031283) (Filer),https://www.sec.gov/Archives/edgar/data/2031283/000110465926036579/0001104659-26-036579-index.htm
2026-03-30T12:42:27.577881+00:00,US,SEC,8-K,,,,8-K - LAKELAND INDUSTRIES INC (0000798081) (Filer),https://www.sec.gov/Archives/edgar/data/798081/000119312526130491/0001193125-26-130491-index.htm
2026-03-30T12:42:27.577902+00:00,US,SEC,8-K,,,,"8-K - Quince Therapeutics, Inc. (0001662774) (Filer)",https://www.sec.gov/Archives/edgar/data/1662774/000119312526130489/0001193125-26-130489-index.htm
2026-03-30T12:42:27.577923+00:00,US,SEC,8-K,,,,"8-K - Kezar Life Sciences, Inc. (0001645666) (Filer)",https://www.sec.gov/Archives/edgar/data/1645666/000119312526130486/0001193125-26-130486-index.htm
2026-03-30T12:42:27.577930+00:00,US,SEC,8-K,,,,8-K - Terra Innovatum Global N.V. (0002067627) (Filer),https://www.sec.gov/Archives/edgar/data/2067627/000121390026036007/0001213900-26-036007-index.htm
2026-03-30T12:42:27.577937+00:00,US,SEC,8-K,,,,8-K - Trio Petroleum Corp (0001898766) (Filer),https://www.sec.gov/Archives/edgar/data/1898766/000149315226013482/0001493152-26-013482-index.htm
2026-03-30T12:42:27.577942+00:00,US,SEC,8-K,,,,8-K - CROSS COUNTRY HEALTHCARE INC (0001141103) (Filer),https://www.sec.gov/Archives/edgar/data/1141103/000092963826001241/0000929638-26-001241-index.htm
2026-03-30T12:42:27.577946+00:00,US,SEC,8-K,,,,"8-K - ENERGY FOCUS, INC/DE (0000924168) (Filer)",https://www.sec.gov/Archives/edgar/data/924168/000162828026021873/0001628280-26-021873-index.htm
2026-03-30T12:42:27.577958+00:00,US,SEC,8-K,,,,"8-K - SS Innovations International, Inc. (0001676163) (Filer)",https://www.sec.gov/Archives/edgar/data/1676163/000121390026036006/0001213900-26-036006-index.htm
2026-03-30T12:42:27.577971+00:00,US,SEC,8-K,,,,"8-K - Tempest Therapeutics, Inc. (0001544227) (Filer)",https://www.sec.gov/Archives/edgar/data/1544227/000119312526130480/0001193125-26-130480-index.htm
2026-03-30T11:42:57.272088+00:00,US,SEC,8-K,,,,"8-K - ProCap Financial, Inc. (0002076163) (Filer)",https://www.sec.gov/Archives/edgar/data/2076163/000149315226013469/0001493152-26-013469-index.htm
2026-03-30T11:42:57.272104+00:00,US,SEC,8-K,,,,"8-K - Sensei Biotherapeutics, Inc. (0001829802) (Filer)",https://www.sec.gov/Archives/edgar/data/1829802/000119312526130419/0001193125-26-130419-index.htm
2026-03-30T11:42:57.272120+00:00,US,SEC,8-K,,,,8-K - Terrestrial Energy Inc. /DE/ (0002019804) (Filer),https://www.sec.gov/Archives/edgar/data/2019804/000110465926036467/0001104659-26-036467-index.htm
2026-03-30T11:42:57.272130+00:00,US,SEC,8-K,,,,8-K - Vine Hill Capital Investment Corp. (0002025396) (Filer),https://www.sec.gov/Archives/edgar/data/2025396/000121390026035962/0001213900-26-035962-index.htm
2026-03-30T11:42:57.272141+00:00,US,SEC,8-K,,,,"8-K - Unicycive Therapeutics, Inc. (0001766140) (Filer)",https://www.sec.gov/Archives/edgar/data/1766140/000121390026035961/0001213900-26-035961-index.htm
2026-03-30T10:49:04.308652+00:00,US,SEC,8-K,,,,8-K - Sable Offshore Corp. (0001831481) (Filer),https://www.sec.gov/Archives/edgar/data/1831481/000183148126000032/0001831481-26-000032-index.htm
2026-03-30T10:49:04.308712+00:00,US,SEC,8-K,,,,8-K - SYSCO CORP (0000096021) (Filer),https://www.sec.gov/Archives/edgar/data/96021/000095014226000899/0000950142-26-000899-index.htm
2026-03-27T21:35:35.495974+00:00,US,SEC,8-K,,,,"8-K - Contango ORE, Inc. (0001502377) (Filer)",https://www.sec.gov/Archives/edgar/data/1502377/000119312526129496/0001193125-26-129496-index.htm
2026-03-27T20:50:55.943746+00:00,US,SEC,8-K,,,,8-K - NATIONAL FUEL GAS CO (0000070145) (Filer),https://www.sec.gov/Archives/edgar/data/70145/000119312526129271/0001193125-26-129271-index.htm
2026-03-27T20:50:55.943770+00:00,US,SEC,8-K,,,,8-K - FORUM MARKETS Inc (0001690080) (Filer),https://www.sec.gov/Archives/edgar/data/1690080/000121390026035601/0001213900-26-035601-index.htm
2026-03-27T12:02:39.856751+00:00,US,SEC,8-K,,,,"8-K - United States Natural Gas Fund, LP (0001376227) (Filer)",https://www.sec.gov/Archives/edgar/data/1376227/000110465926035704/0001104659-26-035704-index.htm
2026-03-27T12:02:39.856769+00:00,US,SEC,8-K,,,,8-K - Autolus Therapeutics plc (0001730463) (Filer),https://www.sec.gov/Archives/edgar/data/1730463/000173046326000032/0001730463-26-000032-index.htm
2026-03-27T12:02:39.856779+00:00,US,SEC,8-K,,,,"8-K - Senti Biosciences, Inc. (0001854270) (Filer)",https://www.sec.gov/Archives/edgar/data/1854270/000162828026021578/0001628280-26-021578-index.htm
2026-03-27T12:02:39.856791+00:00,US,SEC,8-K,,,,"8-K - United States Oil Fund, LP (0001327068) (Filer)",https://www.sec.gov/Archives/edgar/data/1327068/000110465926035702/0001104659-26-035702-index.htm
2026-03-27T12:02:39.856796+00:00,US,SEC,8-K,,,,8-K - Next Technology Holding Inc. (0001784970) (Filer),https://www.sec.gov/Archives/edgar/data/1784970/000121390026035163/0001213900-26-035163-index.htm
2026-03-27T12:02:39.856812+00:00,US,SEC,8-K,,,,8-K - BTCS Inc. (0001436229) (Filer),https://www.sec.gov/Archives/edgar/data/1436229/000149315226013089/0001493152-26-013089-index.htm
2026-03-27T12:02:39.856818+00:00,US,SEC,8-K,,,,"8-K - MAIA Biotechnology, Inc. (0001878313) (Filer)",https://www.sec.gov/Archives/edgar/data/1878313/000149315226013088/0001493152-26-013088-index.htm
2026-03-27T12:02:39.856823+00:00,US,SEC,8-K,,,,"8-K - Adagio Medical Holdings, Inc. (0002006986) (Filer)",https://www.sec.gov/Archives/edgar/data/2006986/000110465926035699/0001104659-26-035699-index.htm
2026-03-27T12:02:39.856829+00:00,US,SEC,8-K,,,,8-K - Incannex Healthcare Inc. (0001873875) (Filer),https://www.sec.gov/Archives/edgar/data/1873875/000121390026035161/0001213900-26-035161-index.htm
2026-03-27T12:02:39.856871+00:00,US,SEC,8-K,,,,8-K - NCL CORP Ltd. (0001318742) (Filer),https://www.sec.gov/Archives/edgar/data/1318742/000110465926035691/0001104659-26-035691-index.htm
2026-03-27T11:22:48.596534+00:00,US,SEC,8-K,,,,8-K - TWO HARBORS INVESTMENT CORP. (0001465740) (Filer),https://www.sec.gov/Archives/edgar/data/1465740/000110465926035663/0001104659-26-035663-index.htm
2026-03-27T11:22:48.596557+00:00,US,SEC,8-K,,,,"8-K - BioXcel Therapeutics, Inc. (0001720893) (Filer)",https://www.sec.gov/Archives/edgar/data/1720893/000110465926035661/0001104659-26-035661-index.htm
2026-03-27T11:22:48.596566+00:00,US,SEC,8-K,,,,"8-K - Clear Channel Outdoor Holdings, Inc. (0001334978) (Filer)",https://www.sec.gov/Archives/edgar/data/1334978/000121390026035140/0001213900-26-035140-index.htm
2026-03-27T11:22:48.596571+00:00,US,SEC,8-K,,,,8-K - Legence Corp. (0002052568) (Filer),https://www.sec.gov/Archives/edgar/data/2052568/000119312526127539/0001193125-26-127539-index.htm
2026-03-27T11:22:48.596617+00:00,US,SEC,8-K,,,,8-K - Trilogy Metals Inc. (0001543418) (Filer),https://www.sec.gov/Archives/edgar/data/1543418/000127956926000235/0001279569-26-000235-index.htm
2026-03-27T11:22:48.596626+00:00,US,SEC,8-K,,,,"8-K - Werewolf Therapeutics, Inc. (0001785530) (Filer)",https://www.sec.gov/Archives/edgar/data/1785530/000178553026000005/0001785530-26-000005-index.htm
2026-03-27T11:22:48.596646+00:00,US,SEC,8-K,,,,"8-K - ADMA BIOLOGICS, INC. (0001368514) (Filer)",https://www.sec.gov/Archives/edgar/data/1368514/000114036126011569/0001140361-26-011569-index.htm
2026-03-27T10:25:35.858279+00:00,US,SEC,8-K,,,,8-K - PMGC Holdings Inc. (0001840563) (Filer),https://www.sec.gov/Archives/edgar/data/1840563/000121390026035098/0001213900-26-035098-index.htm
2026-03-27T10:25:35.858327+00:00,US,SEC,8-K,,,,"8-K - Reliance Global Group, Inc. (0001812727) (Filer)",https://www.sec.gov/Archives/edgar/data/1812727/000149315226013057/0001493152-26-013057-index.htm
2026-03-27T10:25:35.858346+00:00,US,SEC,8-K,,,,8-K - KOPIN CORP (0000771266) (Filer),https://www.sec.gov/Archives/edgar/data/771266/000149315226013055/0001493152-26-013055-index.htm
2026-03-26T20:21:19.238509+00:00,US,SEC,8-K,,,,8-K - SSR MINING INC. (0000921638) (Filer),https://www.sec.gov/Archives/edgar/data/921638/000094787126000355/0000947871-26-000355-index.htm
2026-03-26T20:21:19.238534+00:00,US,SEC,8-K,,,,8-K - FEDERAL AGRICULTURAL MORTGAGE CORP (0000845877) (Filer),https://www.sec.gov/Archives/edgar/data/845877/000084587726000070/0000845877-26-000070-index.htm
2026-03-26T20:21:19.238557+00:00,US,SEC,8-K,,,,8-K - SKYX Platforms Corp. (0001598981) (Filer),https://www.sec.gov/Archives/edgar/data/1598981/000149315226012924/0001493152-26-012924-index.htm
2026-03-26T20:21:19.238562+00:00,US,SEC,8-K,,,,8-K - SEMPRA (0001032208) (Filer),https://www.sec.gov/Archives/edgar/data/1032208/000103220826000016/0001032208-26-000016-index.htm
2026-03-26T20:21:19.238567+00:00,US,SEC,8-K,,,,8-K - SAN DIEGO GAS & ELECTRIC CO (0000086521) (Filer),https://www.sec.gov/Archives/edgar/data/86521/000103220826000016/0001032208-26-000016-index.htm
2026-03-26T20:21:19.238571+00:00,US,SEC,8-K,,,,"8-K - Xos, Inc. (0001819493) (Filer)",https://www.sec.gov/Archives/edgar/data/1819493/000181949326000004/0001819493-26-000004-index.htm
2026-03-26T17:47:03.091890+00:00,US,SEC,8-K,,,,8-K - CF BANKSHARES INC. (0001070680) (Filer),https://www.sec.gov/Archives/edgar/data/1070680/000119312526125864/0001193125-26-125864-index.htm
2026-03-26T17:47:03.091932+00:00,US,SEC,8-K,,,,8-K - BROOKFIELD REAL ESTATE INCOME TRUST INC. (0001713407) (Filer),https://www.sec.gov/Archives/edgar/data/1713407/000171340726000029/0001713407-26-000029-index.htm
2026-03-26T16:47:35.517975+00:00,US,SEC,8-K,,,,8-K - Federal Home Loan Bank of Des Moines (0001325814) (Filer),https://www.sec.gov/Archives/edgar/data/1325814/000132581426000045/0001325814-26-000045-index.htm
2026-03-26T15:44:26.572993+00:00,US,SEC,8-K,,,,8-K - Federal Home Loan Bank of Chicago (0001331451) (Filer),https://www.sec.gov/Archives/edgar/data/1331451/000133145126000057/0001331451-26-000057-index.htm
2026-03-26T12:38:23.573587+00:00,US,SEC,8-K,,,,8-K - Microbot Medical Inc. (0000883975) (Filer),https://www.sec.gov/Archives/edgar/data/883975/000149315226012812/0001493152-26-012812-index.htm
2026-03-26T12:38:23.573614+00:00,US,SEC,8-K,,,,"8-K - PLUS THERAPEUTICS, INC. (0001095981) (Filer)",https://www.sec.gov/Archives/edgar/data/1095981/000119312526125195/0001193125-26-125195-index.htm
2026-03-26T12:38:23.573622+00:00,US,SEC,8-K,,,,8-K - MetaVia Inc. (0001638287) (Filer),https://www.sec.gov/Archives/edgar/data/1638287/000110465926034907/0001104659-26-034907-index.htm
2026-03-26T12:38:23.573655+00:00,US,SEC,8-K,,,,8-K - IDEXX LABORATORIES INC /DE (0000874716) (Filer),https://www.sec.gov/Archives/edgar/data/874716/000110465926034906/0001104659-26-034906-index.htm
2026-03-26T12:38:23.573688+00:00,US,SEC,8-K,,,,8-K - FULLER H B CO (0000039368) (Filer),https://www.sec.gov/Archives/edgar/data/39368/000143774926009854/0001437749-26-009854-index.htm
2026-03-26T12:38:23.573695+00:00,US,SEC,8-K,,,,8-K - MeiraGTx Holdings plc (0001735438) (Filer),https://www.sec.gov/Archives/edgar/data/1735438/000110465926034904/0001104659-26-034904-index.htm
2026-03-26T12:38:23.573703+00:00,US,SEC,8-K,,,,8-K - AGENUS INC (0001098972) (Filer),https://www.sec.gov/Archives/edgar/data/1098972/000119312526125170/0001193125-26-125170-index.htm
2026-03-26T11:35:56.311562+00:00,US,SEC,8-K,,,,"8-K - Bridger Aerospace Group Holdings, Inc. (0001941536) (Filer)",https://www.sec.gov/Archives/edgar/data/1941536/000168316826002220/0001683168-26-002220-index.htm
2026-03-26T11:35:56.311579+00:00,US,SEC,8-K,,,,"8-K - ROCKWELL MEDICAL, INC. (0001041024) (Filer)",https://www.sec.gov/Archives/edgar/data/1041024/000162828026021195/0001628280-26-021195-index.htm
2026-03-26T11:35:56.311592+00:00,US,SEC,8-K,,,,8-K - GlobalTech Corp (0001938338) (Filer),https://www.sec.gov/Archives/edgar/data/1938338/000147793226001591/0001477932-26-001591-index.htm
2026-03-26T11:35:56.311598+00:00,US,SEC,8-K,,,,8-K - FLOWSERVE CORP (0000030625) (Filer),https://www.sec.gov/Archives/edgar/data/30625/000119312526125080/0001193125-26-125080-index.htm
2026-03-26T11:35:56.311656+00:00,US,SEC,8-K,,,,"8-K - MapLight Therapeutics, Inc. (0001770069) (Filer)",https://www.sec.gov/Archives/edgar/data/1770069/000119312526125062/0001193125-26-125062-index.htm
2026-03-26T10:38:36.728661+00:00,US,SEC,8-K,,,,"8-K - Worthington Steel, Inc. (0001968487) (Filer)",https://www.sec.gov/Archives/edgar/data/1968487/000196848726000003/0001968487-26-000003-index.htm
2026-03-26T10:38:36.728721+00:00,US,SEC,8-K,,,,"8-K - Corebridge Financial, Inc. (0001889539) (Filer)",https://www.sec.gov/Archives/edgar/data/1889539/000114036126011260/0001140361-26-011260-index.htm
2026-03-26T10:38:36.728733+00:00,US,SEC,8-K,,,,8-K - SHOE CARNIVAL INC (0000895447) (Filer),https://www.sec.gov/Archives/edgar/data/895447/000119312526125001/0001193125-26-125001-index.htm
2026-03-26T10:38:36.728775+00:00,US,SEC,8-K,,,,8-K - Crypto Co (0001688126) (Filer),https://www.sec.gov/Archives/edgar/data/1688126/000149315226012777/0001493152-26-012777-index.htm
2026-03-25T21:22:52.732765+00:00,US,SEC,8-K,,,,8-K - P3 Health Partners Inc. (0001832511) (Filer),https://www.sec.gov/Archives/edgar/data/1832511/000183251126000006/0001832511-26-000006-index.htm
2026-03-25T21:22:52.732817+00:00,US,SEC,8-K,,,,"8-K - ATOSSA THERAPEUTICS, INC. (0001488039) (Filer)",https://www.sec.gov/Archives/edgar/data/1488039/000119312526124393/0001193125-26-124393-index.htm
2026-03-25T21:22:52.732838+00:00,US,SEC,8-K,,,,8-K - Six Flags Entertainment Corporation/NEW (0001999001) (Filer),https://www.sec.gov/Archives/edgar/data/1999001/000119312526124392/0001193125-26-124392-index.htm
2026-03-25T21:22:52.732859+00:00,US,SEC,8-K,,,,"8-K - Annovis Bio, Inc. (0001477845) (Filer)",https://www.sec.gov/Archives/edgar/data/1477845/000110465926034611/0001104659-26-034611-index.htm
2026-03-25T20:43:26.975885+00:00,US,SEC,8-K,,,,"8-K - RECURSION PHARMACEUTICALS, INC. (0001601830) (Filer)",https://www.sec.gov/Archives/edgar/data/1601830/000160183026000054/0001601830-26-000054-index.htm
2026-03-25T20:43:26.975940+00:00,US,SEC,8-K,,,,8-K - Saba Capital Income & Opportunities Fund (0000826020) (Filer),https://www.sec.gov/Archives/edgar/data/826020/000139834426005637/0001398344-26-005637-index.htm
2026-03-25T20:43:26.975967+00:00,US,SEC,8-K,,,,"8-K - Senior Credit Investments, LLC (0001959568) (Filer)",https://www.sec.gov/Archives/edgar/data/1959568/000119312526124242/0001193125-26-124242-index.htm
2026-03-25T14:48:05.383735+00:00,US,SEC,8-K,,,,"8-K - Bluerock Homes Trust, Inc. (0001903382) (Filer)",https://www.sec.gov/Archives/edgar/data/1903382/000110465926034276/0001104659-26-034276-index.htm
2026-03-25T12:02:43.020537+00:00,US,SEC,8-K,,,,8-K - Trio Petroleum Corp (0001898766) (Filer),https://www.sec.gov/Archives/edgar/data/1898766/000149315226012535/0001493152-26-012535-index.htm
2026-03-25T12:02:43.020569+00:00,US,SEC,8-K,,,,8-K - Gentherm Inc (0000903129) (Filer),https://www.sec.gov/Archives/edgar/data/903129/000119312526122833/0001193125-26-122833-index.htm
2026-03-25T12:02:43.020582+00:00,US,SEC,8-K,,,,"8-K - MiniMed Group, Inc. (0002062583) (Filer)",https://www.sec.gov/Archives/edgar/data/2062583/000110465926034156/0001104659-26-034156-index.htm
2026-03-25T12:02:43.020596+00:00,US,SEC,8-K,,,,8-K - MIDDLEBY Corp (0000769520) (Filer),https://www.sec.gov/Archives/edgar/data/769520/000119312526122831/0001193125-26-122831-index.htm
2026-03-25T12:02:43.020600+00:00,US,SEC,8-K,,,,8-K - Incannex Healthcare Inc. (0001873875) (Filer),https://www.sec.gov/Archives/edgar/data/1873875/000121390026033842/0001213900-26-033842-index.htm
2026-03-25T12:02:43.020614+00:00,US,SEC,8-K,,,,8-K - WINNEBAGO INDUSTRIES INC (0000107687) (Filer),https://www.sec.gov/Archives/edgar/data/107687/000162828026020907/0001628280-26-020907-index.htm
2026-03-25T12:02:43.020624+00:00,US,SEC,8-K,,,,8-K - Local Bounti Corporation/DE (0001840780) (Filer),https://www.sec.gov/Archives/edgar/data/1840780/000162828026020903/0001628280-26-020903-index.htm
2026-03-25T11:24:12.895794+00:00,US,SEC,8-K,,,,"8-K - Terns Pharmaceuticals, Inc. (0001831363) (Filer)",https://www.sec.gov/Archives/edgar/data/1831363/000119312526122785/0001193125-26-122785-index.htm
2026-03-25T11:24:12.895810+00:00,US,SEC,8-K,,,,"8-K - KalVista Pharmaceuticals, Inc. (0001348911) (Filer)",https://www.sec.gov/Archives/edgar/data/1348911/000119312526122784/0001193125-26-122784-index.htm
2026-03-25T11:24:12.895817+00:00,US,SEC,8-K,,,,8-K - Cipher Digital Inc. (0001819989) (Filer),https://www.sec.gov/Archives/edgar/data/1819989/000095010326004609/0000950103-26-004609-index.htm
2026-03-25T11:24:12.895828+00:00,US,SEC,8-K,,,,"8-K - Picard Medical, Inc. (0002030617) (Filer)",https://www.sec.gov/Archives/edgar/data/2030617/000182912626002663/0001829126-26-002663-index.htm
2026-03-25T11:24:12.895837+00:00,US,SEC,8-K,,,,"8-K - Maze Therapeutics, Inc. (0001842295) (Filer)",https://www.sec.gov/Archives/edgar/data/1842295/000119312526122774/0001193125-26-122774-index.htm
2026-03-25T11:24:12.895849+00:00,US,SEC,8-K,,,,8-K - Energous Corp (0001575793) (Filer),https://www.sec.gov/Archives/edgar/data/1575793/000110465926034125/0001104659-26-034125-index.htm
2026-03-25T11:24:12.895853+00:00,US,SEC,8-K,,,,"8-K - Chewy, Inc. (0001766502) (Filer)",https://www.sec.gov/Archives/edgar/data/1766502/000176650226000033/0001766502-26-000033-index.htm
2026-03-25T11:24:12.895864+00:00,US,SEC,8-K,,,,8-K - KIORA PHARMACEUTICALS INC (0001372514) (Filer),https://www.sec.gov/Archives/edgar/data/1372514/000137251426000025/0001372514-26-000025-index.htm
2026-03-25T11:24:12.895873+00:00,US,SEC,8-K,,,,8-K - DANA Inc (0000026780) (Filer),https://www.sec.gov/Archives/edgar/data/26780/000119312526122764/0001193125-26-122764-index.htm
2026-03-25T11:24:12.895883+00:00,US,SEC,8-K,,,,"8-K - Apimeds Pharmaceuticals US, Inc. (0001894525) (Filer)",https://www.sec.gov/Archives/edgar/data/1894525/000121390026033832/0001213900-26-033832-index.htm
2026-03-24T21:05:53.920137+00:00,US,SEC,8-K,,,,8-K - PPL Corp (0000922224) (Filer),https://www.sec.gov/Archives/edgar/data/922224/000092222426000022/0000922224-26-000022-index.htm
2026-03-24T21:05:53.920228+00:00,US,SEC,8-K,,,,8-K - TRIMBLE INC. (0000864749) (Filer),https://www.sec.gov/Archives/edgar/data/864749/000086474926000024/0000864749-26-000024-index.htm
2026-03-24T19:43:09.270594+00:00,US,SEC,8-K,,,,"8-K - CNL Strategic Capital, LLC (0001684682) (Filer)",https://www.sec.gov/Archives/edgar/data/1684682/000199937126006806/0001999371-26-006806-index.htm
2026-03-24T18:41:53.757208+00:00,US,SEC,8-K,,,,8-K - Exeter Automobile Receivables Trust 2026-2 (0002114382) (Filer),https://www.sec.gov/Archives/edgar/data/2114382/000092963826001121/0000929638-26-001121-index.htm
2026-03-24T18:41:53.757227+00:00,US,SEC,8-K,,,,"8-K - EFCAR, LLC (0001654238) (Filer)",https://www.sec.gov/Archives/edgar/data/1654238/000092963826001121/0000929638-26-001121-index.htm
2026-03-24T17:42:36.902659+00:00,US,SEC,8-K,,,,8-K - Federal Home Loan Bank of Atlanta (0001331465) (Filer),https://www.sec.gov/Archives/edgar/data/1331465/000133146526000056/0001331465-26-000056-index.htm
2026-03-24T17:42:36.902707+00:00,US,SEC,8-K,,,,8-K - Federal Home Loan Bank of Des Moines (0001325814) (Filer),https://www.sec.gov/Archives/edgar/data/1325814/000132581426000043/0001325814-26-000043-index.htm
2026-03-24T16:43:52.212926+00:00,US,SEC,8-K,,,,8-K - UNION BANKSHARES INC (0000706863) (Filer),https://www.sec.gov/Archives/edgar/data/706863/000070686326000031/0000706863-26-000031-index.htm
2026-03-24T15:45:26.174620+00:00,US,SEC,8-K,,,,8-K - MANNATECH INC (0001056358) (Filer),https://www.sec.gov/Archives/edgar/data/1056358/000143774926009518/0001437749-26-009518-index.htm
2026-03-24T15:45:26.174660+00:00,US,SEC,8-K,,,,8-K - Federal Home Loan Bank of Chicago (0001331451) (Filer),https://www.sec.gov/Archives/edgar/data/1331451/000133145126000055/0001331451-26-000055-index.htm
2026-03-24T14:38:02.634655+00:00,US,SEC,8-K,,,,8-K - Federal Home Loan Bank of Indianapolis (0001331754) (Filer),https://www.sec.gov/Archives/edgar/data/1331754/000133175426000071/0001331754-26-000071-index.htm
2026-03-24T13:17:43.790791+00:00,US,SEC,8-K,,,,"8-K - BioAge Labs, Inc. (0001709941) (Filer)",https://www.sec.gov/Archives/edgar/data/1709941/000119312526120864/0001193125-26-120864-index.htm
2026-03-24T13:17:43.790816+00:00,US,SEC,8-K,,,,8-K - Vertiv Holdings Co (0001674101) (Filer),https://www.sec.gov/Archives/edgar/data/1674101/000119312526120863/0001193125-26-120863-index.htm
2026-03-24T13:17:43.790827+00:00,US,SEC,8-K,,,,8-K - Silexion Therapeutics Corp (0002022416) (Filer),https://www.sec.gov/Archives/edgar/data/2022416/000117891326001615/0001178913-26-001615-index.htm
2026-03-24T13:17:43.790836+00:00,US,SEC,8-K,,,,"8-K - Keysight Technologies, Inc. (0001601046) (Filer)",https://www.sec.gov/Archives/edgar/data/1601046/000160104626000015/0001601046-26-000015-index.htm
2026-03-24T13:17:43.790843+00:00,US,SEC,8-K,,,,8-K - DOLLAR GENERAL CORP (0000029534) (Filer),https://www.sec.gov/Archives/edgar/data/29534/000110465926033643/0001104659-26-033643-index.htm
2026-03-24T11:55:50.978785+00:00,US,SEC,8-K,,,,8-K - Concentrix Corp (0001803599) (Filer),https://www.sec.gov/Archives/edgar/data/1803599/000180359926000084/0001803599-26-000084-index.htm
2026-03-24T11:55:50.978804+00:00,US,SEC,8-K,,,,8-K - Neurogene Inc. (0001404644) (Filer),https://www.sec.gov/Archives/edgar/data/1404644/000140464426000012/0001404644-26-000012-index.htm
2026-03-24T11:55:50.978816+00:00,US,SEC,8-K,,,,"8-K - Core & Main, Inc. (0001856525) (Filer)",https://www.sec.gov/Archives/edgar/data/1856525/000185652526000030/0001856525-26-000030-index.htm
2026-03-24T11:55:50.978830+00:00,US,SEC,8-K,,,,8-K - COMPASS Pathways plc (0001816590) (Filer),https://www.sec.gov/Archives/edgar/data/1816590/000181659026000021/0001816590-26-000021-index.htm
2026-03-24T11:55:50.978835+00:00,US,SEC,8-K,,,,"8-K - Rezolute, Inc. (0001509261) (Filer)",https://www.sec.gov/Archives/edgar/data/1509261/000110465926033592/0001104659-26-033592-index.htm
2026-03-24T11:08:05.032862+00:00,US,SEC,8-K,,,,"8-K - ACHIEVE LIFE SCIENCES, INC. (0000949858) (Filer)",https://www.sec.gov/Archives/edgar/data/949858/000119312526120687/0001193125-26-120687-index.htm
2026-03-24T11:08:05.032886+00:00,US,SEC,8-K,,,,8-K - Camp4 Therapeutics Corp (0001736730) (Filer),https://www.sec.gov/Archives/edgar/data/1736730/000173673026000021/0001736730-26-000021-index.htm
2026-03-24T11:08:05.032907+00:00,US,SEC,8-K,,,,8-K - Cartesian Growth Corp III (0002049662) (Filer),https://www.sec.gov/Archives/edgar/data/2049662/000110465926033579/0001104659-26-033579-index.htm
2026-03-24T11:08:05.032912+00:00,US,SEC,8-K,,,,8-K - FS KKR Capital Corp (0001422183) (Filer),https://www.sec.gov/Archives/edgar/data/1422183/000110465926033578/0001104659-26-033578-index.htm
2026-03-24T11:08:05.032916+00:00,US,SEC,8-K,,,,8-K - QuidelOrtho Corp (0001906324) (Filer),https://www.sec.gov/Archives/edgar/data/1906324/000119312526120684/0001193125-26-120684-index.htm
2026-03-24T10:07:24.448520+00:00,US,SEC,8-K,,,,8-K - Artificial Intelligence Technology Solutions Inc. (0001498148) (Filer),https://www.sec.gov/Archives/edgar/data/1498148/000106299326001578/0001062993-26-001578-index.htm
2026-03-23T20:53:49.443069+00:00,US,SEC,8-K,,,,"8-K - STARTENGINE CROWDFUNDING, INC. (0001661779) (Filer)",https://www.sec.gov/Archives/edgar/data/1661779/000110465926033376/0001104659-26-033376-index.htm
2026-03-23T20:07:44.774781+00:00,US,SEC,8-K,,,,"8-K - Serina Therapeutics, Inc. (0001708599) (Filer)",https://www.sec.gov/Archives/edgar/data/1708599/000170859926000010/0001708599-26-000010-index.htm
2026-03-23T20:07:44.774826+00:00,US,SEC,8-K,,,,"8-K - Solo Brands, Inc. (0001870600) (Filer)",https://www.sec.gov/Archives/edgar/data/1870600/000187060026000016/0001870600-26-000016-index.htm
2026-03-23T20:07:44.774836+00:00,US,SEC,8-K,,,,8-K - PARKERVISION INC (0000914139) (Filer),https://www.sec.gov/Archives/edgar/data/914139/000143774926009390/0001437749-26-009390-index.htm
2026-03-23T20:07:44.774841+00:00,US,SEC,8-K,,,,8-K - Fathom Holdings Inc. (0001753162) (Filer),https://www.sec.gov/Archives/edgar/data/1753162/000162828026020494/0001628280-26-020494-index.htm
2026-03-23T20:07:44.774872+00:00,US,SEC,8-K,,,,"8-K - DOLLAR TREE, INC. (0000935703) (Filer)",https://www.sec.gov/Archives/edgar/data/935703/000093570326000027/0000935703-26-000027-index.htm
2026-03-23T13:46:15.193413+00:00,US,SEC,8-K,,,,8-K - Otter Tail Corp (0001466593) (Filer),https://www.sec.gov/Archives/edgar/data/1466593/000146659326000034/0001466593-26-000034-index.htm
2026-03-23T13:46:15.193444+00:00,US,SEC,8-K,,,,8-K - Strategy Inc (0001050446) (Filer),https://www.sec.gov/Archives/edgar/data/1050446/000119312526118810/0001193125-26-118810-index.htm
2026-03-23T12:05:51.599181+00:00,US,SEC,8-K,,,,"8-K - Liberty Live Holdings, Inc. (0002078416) (Filer)",https://www.sec.gov/Archives/edgar/data/2078416/000110465926033049/0001104659-26-033049-index.htm
2026-03-23T12:05:51.599206+00:00,US,SEC,8-K,,,,8-K - Aurinia Pharmaceuticals Inc. (0001600620) (Filer),https://www.sec.gov/Archives/edgar/data/1600620/000160062026000026/0001600620-26-000026-index.htm
2026-03-23T12:05:51.599225+00:00,US,SEC,8-K,,,,"8-K - Okta, Inc. (0001660134) (Filer)",https://www.sec.gov/Archives/edgar/data/1660134/000166013426000029/0001660134-26-000029-index.htm
2026-03-23T12:05:51.599235+00:00,US,SEC,8-K,,,,"8-K - Ridgepost Capital, Inc. (0001841968) (Filer)",https://www.sec.gov/Archives/edgar/data/1841968/000119312526118587/0001193125-26-118587-index.htm
2026-03-23T12:05:51.599255+00:00,US,SEC,8-K,,,,8-K - Digi Power X Inc. (0001854368) (Filer),https://www.sec.gov/Archives/edgar/data/1854368/000121390026032629/0001213900-26-032629-index.htm
